"full_name","a","e","i","om","w","q","ad","per_y","data_arc","condition_code","n_obs_used","n_del_obs_used","n_dop_obs_used","H","diameter","extent","albedo","rot_per","GM","BV","UB","IR","spec_B","spec_T"
"478784 (2012 UV136)",1.008,0.1396,2.10,207.83,290.25,0.868,1.15,1.01,3146,0,148,,,25.60,,,,,,,,,,
"       (1993 TZ)",2.018,0.5657,4.15,203.25,231.95,0.876,3.16,2.87,8400,1,33,,,26.00,,,,,,,,,,
"       (1994 GL)",0.6835,0.5039,3.68,196.65,179.52,0.339,1.03,0.565,9496,2,104,,,25.50,,,,,,,,,,
"       (1998 KY26)",1.233,0.2018,1.48,84.37,209.37,0.984,1.48,1.37,8234,2,75,2,2,25.60,0.03,,,0.1784,,,,,,
"       (2001 GP2)",1.035,0.0723,1.29,195.75,108.85,0.960,1.11,1.05,7157,0,63,,,26.40,,,,,,,,,,
"       (2001 SP263)",2.004,0.5422,1.51,178.30,227.22,0.917,3.09,2.84,7,5,15,0,1,25.70,,,,,,,,,,
"       (2001 UP)",0.8837,0.2873,7.69,25.43,133.46,0.630,1.14,0.831,4,3,42,0,3,25.70,,,,,,,,,,
"       (2002 TZ66)",0.9297,0.1207,8.48,12.92,223.28,0.817,1.04,0.896,23,3,49,0,1,25.90,,,,1.1,,,,,,
"       (2003 DW10)",1.446,0.3609,2.19,342.11,221.19,0.924,1.97,1.74,161,5,125,,,26.10,,,,,,,,,,
"       (2003 LW2)",1.846,0.4719,2.22,246.82,334.39,0.975,2.72,2.51,6572,0,69,,,25.80,,,,,,,,,,
"       (2003 QB30)",1.231,0.4176,0.64,314.85,107.78,0.717,1.74,1.37,3,4,32,1,1,26.80,,,,,,,,,,
"       (2003 RU11)",0.8886,0.1822,4.67,178.20,316.75,0.727,1.05,0.838,3,3,33,1,1,25.50,,,,,,,,,,
"       (2003 SR84)",1.706,0.4767,7.53,183.31,229.86,0.893,2.52,2.23,7,5,287,0,2,26.00,,,,2.352,,,,,,
"       (2003 XV)",1.944,0.5541,4.54,252.39,231.35,0.867,3.02,2.71,2927,0,80,,,26.70,,,,,,,,,,
"       (2003 YN107)",0.9888,0.0139,4.32,264.38,87.72,0.975,1.00,0.983,467,1,45,,,26.50,,,,,,,,,,
"       (2004 FH)",0.8196,0.2886,0.05,258.41,68.94,0.583,1.06,0.742,6184,1,273,,,26.41,,,,0.0504,,,,,,
"       (2004 QA22)",0.951,0.1228,0.58,174.71,28.30,0.834,1.07,0.927,10,5,45,,,27.90,,,,,,,,,,
"       (2004 UT1)",0.9687,0.2215,4.41,211.31,293.89,0.754,1.18,0.953,6579,0,67,,,26.69,,,,,,,,,,
"       (2004 XG29)",1.41,0.3136,0.15,302.08,110.69,0.968,1.85,1.67,157,5,132,,,25.66,,,,,,,,,,
"       (2005 FN)",0.9333,0.3300,3.75,177.25,120.88,0.625,1.24,0.902,1,5,185,,,26.90,,,,,,,,,,
"       (2005 QP11)",0.9755,0.1759,3.96,334.81,119.90,0.804,1.15,0.963,9,4,47,,,26.40,,,,,,,,,,
"       (2005 QP87)",1.233,0.1753,0.27,327.49,7.34,1.017,1.45,1.37,29,5,85,,,27.70,,,,,,,,,,
"       (2005 TQ45)",0.8275,0.2325,25.63,14.87,185.87,0.635,1.02,0.753,2,5,38,,,25.60,,,,,,,,,,
"       (2005 TD49)",2.675,0.6288,0.12,198.98,189.35,0.993,4.36,4.38,12,5,21,0,2,26.40,,,,,,,,,,
"       (2005 TE49)",0.9492,0.3652,4.75,195.00,304.68,0.603,1.30,0.925,4389,2,40,,,26.70,,,,,,,,,,
"       (2005 UV64)",0.9588,0.1160,5.42,215.77,313.41,0.848,1.07,0.939,5471,0,35,,,26.40,,,,,,,,,,
"       (2005 VL1)",0.8913,0.2247,0.24,37.82,227.84,0.691,1.09,0.841,5874,4,79,,,26.45,,,,,,,,,,
"       (2005 VN5)",0.9454,0.2326,2.06,48.26,116.16,0.725,1.17,0.919,2,5,61,,,27.00,,,,,,,,,,
"       (2005 XA)",2.532,0.6652,5.36,67.23,48.30,0.848,4.22,4.03,6,4,39,0,1,26.30,,,,,,,,,,
"       (2006 HX30)",1.484,0.3115,0.98,178.70,40.06,1.022,1.95,1.81,3318,0,55,,,26.20,,,,0.0966,,,,,,
"       (2006 QQ56)",0.9851,0.0456,2.80,161.17,331.62,0.940,1.03,0.978,18,5,92,,,25.90,,,,,,,,,,
"       (2006 QV89)",1.193,0.2248,1.07,165.88,236.51,0.925,1.46,1.3,4730,0,76,0,1,25.50,,,,,,,,,,
"       (2007 DD)",0.9875,0.1158,2.62,328.99,77.58,0.873,1.10,0.981,1565,2,85,,,25.90,,,,0.07429,,,,,,
"       (2007 EH)",2.162,0.6607,1.37,351.00,247.99,0.734,3.59,3.18,2,4,68,1,1,27.60,,,,,,,,,,
"       (2008 AF3)",1.206,0.1910,2.07,109.12,22.87,0.976,1.44,1.33,6,4,53,,,26.10,,,,,,,,,,
"       (2008 CE119)",1.208,0.1763,7.73,147.24,50.31,0.995,1.42,1.33,2916,0,64,,,25.70,,,,,,,,,,
"       (2008 DB)",1.054,0.2329,4.22,141.44,274.63,0.808,1.30,1.08,4769,1,74,,,25.80,,,,,,,,,,
"       (2008 EZ7)",1.798,0.4486,9.31,168.63,4.93,0.991,2.60,2.41,2,5,208,,,27.00,,,,,,,,,,
"       (2008 JE)",0.9838,0.0931,6.96,39.14,316.94,0.892,1.08,0.976,7,4,31,,,25.80,,,,,,,,,,
"       (2008 ST)",0.964,0.1257,1.91,189.46,291.22,0.843,1.09,0.946,7,5,49,,,27.10,,,,,,,,,,
"       (2008 WM61)",1.482,0.3335,2.51,239.39,199.82,0.988,1.98,1.8,3288,0,75,,,26.60,,,,,,,,,,
"       (2008 WY94)",1.177,0.1817,6.05,71.34,31.38,0.963,1.39,1.28,30,5,34,,,25.60,,,,0.364536,,,,,,
"       (2009 DD45)",1.241,0.2049,13.74,161.91,13.96,0.987,1.50,1.38,7,4,102,,,25.80,,,,1.2,,,,,S,
"       (2009 FH)",1.475,0.3394,0.69,176.52,24.21,0.974,1.98,1.79,1,5,109,,,26.60,,,,0.1073,,,,,,
"       (2009 KW2)",1.362,0.2539,5.19,243.44,3.00,1.016,1.71,1.59,7,5,62,,,26.60,,,,0.05686,,,,,,
"       (2009 SN103)",1.299,0.2653,3.59,5.61,39.53,0.954,1.64,1.48,5,5,58,,,27.60,,,,0.037,,,,,,
"       (2009 UD)",1.039,0.1215,4.41,203.69,261.79,0.913,1.17,1.06,5,5,81,,,27.20,,,,0.023246,,,,,,
"       (2010 AL30)",1.046,0.3076,3.83,112.35,97.77,0.724,1.37,1.07,3,3,308,0,7,27.20,,,,0.1466,,,,,,
"       (2010 CK19)",0.9869,0.1501,2.26,328.52,278.91,0.839,1.14,0.98,12,5,35,,,27.90,,,,,,,,,,
"       (2010 JR34)",0.9594,0.1448,0.72,37.01,316.26,0.820,1.10,0.94,4,5,37,,,27.70,,,,,,,,,,
"       (2010 RX30)",0.8309,0.3883,5.06,165.95,320.03,0.508,1.15,0.757,1073,1,101,,,27.10,,,,,,,,,,
"       (2010 TE)",0.9082,0.1981,5.53,181.88,36.57,0.728,1.09,0.865,4751,0,107,,,26.07,,,,,,,,,,
"       (2010 TE55)",0.9489,0.1280,1.16,196.73,305.34,0.828,1.07,0.924,5,4,159,,,28.00,,,,,,,,,,
"       (2010 UC)",0.9418,0.0658,4.85,21.14,177.34,0.880,1.00,0.914,7,5,54,,,27.40,,,,,,,,,,
"       (2010 UM7)",2.784,0.6831,4.56,217.83,223.80,0.882,4.69,4.65,2,5,33,3,1,27.60,,,,,,,,,,
"       (2010 VB)",0.9229,0.3320,5.09,39.94,128.58,0.617,1.23,0.887,13,5,100,,,25.60,,,,,,,,,,
"       (2010 VQ)",0.8614,0.1977,0.35,27.32,199.37,0.691,1.03,0.8,4411,2,61,,,27.72,,,,,,,,,,
"       (2010 WH1)",1.077,0.1574,12.22,243.73,97.70,0.907,1.25,1.12,3109,2,23,,,26.20,,,,,,,,,,
"       (2011 AH5)",1.078,0.2903,6.84,294.61,267.30,0.765,1.39,1.12,583,2,60,,,26.00,,,,,,,,,,
"       (2011 CL50)",0.883,0.1463,0.19,354.60,308.80,0.754,1.01,0.83,3628,0,131,,,27.30,,,,,,,,,,
"       (2011 ES4)",1.096,0.2433,3.37,339.82,274.75,0.829,1.36,1.15,3489,0,142,,,25.90,,,,,,,,,,
"       (2011 GE3)",0.8147,0.2924,6.25,13.25,21.16,0.576,1.05,0.735,4024,1,54,,,25.88,,,,,,,,,,
"       (2011 MD)",1.056,0.0370,2.45,271.56,6.07,1.017,1.10,1.09,967,2,528,,,28.00,,,,0.19372,,,,,,
"       (2011 OB57)",0.9511,0.2423,4.91,296.20,223.75,0.721,1.18,0.928,28,5,12,,,26.00,,,,,,,,,,
"       (2011 PU1)",1.304,0.2458,4.36,301.80,326.77,0.984,1.62,1.49,2090,0,110,,,25.60,,,,,,,,,,
"       (2011 TO)",0.9267,0.2800,2.24,185.12,57.59,0.667,1.19,0.892,469,4,44,,,26.58,,,,,,,,,,
"       (2011 TP6)",1.321,0.2247,2.59,192.30,227.85,1.024,1.62,1.52,95,5,59,,,25.50,,,,,,,,,,
"       (2011 UB)",1.929,0.4777,1.88,23.10,8.62,1.008,2.85,2.68,5,5,31,0,1,27.50,,,,,,,,,,
"       (2012 AP10)",0.8889,0.1382,2.73,101.56,212.18,0.766,1.01,0.838,1838,1,68,,,26.50,,,,,,,,,,
"       (2012 BN1)",0.9015,0.1855,4.16,296.44,24.36,0.734,1.07,0.856,4397,0,56,,,25.52,,,,,,,,,,
"       (2012 BD14)",1.018,0.2404,1.53,292.01,293.90,0.773,1.26,1.03,10,5,61,0,1,26.50,,,,,,,,,,
"       (2012 BX34)",0.7605,0.3581,10.52,306.69,335.94,0.488,1.03,0.663,2,3,129,0,1,27.60,,,,1.80828,,,,,,
"       (2012 DX)",1.435,0.3998,5.95,333.85,235.62,0.862,2.01,1.72,2,5,39,0,1,27.10,,,,,,,,,,
"       (2012 DH54)",0.9368,0.1462,3.30,161.81,131.65,0.800,1.07,0.907,14,2,36,1,1,27.50,,,,,,,,,,
"       (2012 DW60)",1.111,0.1680,4.82,353.53,237.81,0.925,1.30,1.17,2706,0,66,0,2,26.50,,,,,,,,,,
"       (2012 FM35)",1.012,0.1183,2.12,11.15,77.45,0.892,1.13,1.02,24,5,76,,,27.30,,,,,,,,,,
"       (2012 FX35)",1.075,0.0673,10.82,183.10,343.91,1.003,1.15,1.11,3661,0,70,,,25.82,,,,,,,,,,
"       (2012 HG2)",1.189,0.1819,0.11,144.85,24.96,0.973,1.41,1.3,39,5,210,,,27.00,,,,0.0227,,,,,,
"       (2012 KT12)",1.239,0.1916,1.71,235.27,27.08,1.002,1.48,1.38,2551,0,36,,,26.80,,,,,,,,,,
"       (2012 LA)",1.04,0.0216,3.16,234.08,79.42,1.018,1.06,1.06,179,2,103,,,27.60,,,,,,,,,,
"       (2012 LA11)",0.9864,0.0962,5.13,260.41,241.77,0.891,1.08,0.98,441,3,83,,,26.10,,,,,,,,,,
"       (2012 MY2)",1.26,0.2039,0.18,201.78,97.48,1.003,1.52,1.41,12,4,150,0,2,26.40,,,,,,,,,,
"       (2012 TC4)",1.62,0.4040,0.53,19.71,26.55,0.966,2.27,2.06,1897,0,805,7,2,26.71,,,,0.204155,,,,,,
"       (2012 TF79)",1.05,0.0382,1.01,199.86,265.69,1.010,1.09,1.08,67,3,64,,,27.38,,,,,,,,,,
"       (2012 VB37)",1.45,0.3127,1.91,240.32,153.97,0.996,1.90,1.75,2558,0,40,,,25.50,,,,,,,,,,
"       (2012 VU76)",1.019,0.1285,6.76,52.34,88.33,0.888,1.15,1.03,596,2,47,,,25.70,,,,,,,,,,
"       (2012 XT111)",2.087,0.6063,1.85,270.20,104.71,0.822,3.35,3.02,1097,0,63,,,25.90,,,,,,,,,,
"       (2013 AT27)",1.035,0.2083,5.70,292.49,76.78,0.819,1.25,1.05,25,5,33,,,25.90,,,,,,,,,,
"       (2013 BS45)",0.9916,0.0837,0.77,83.39,150.75,0.909,1.07,0.987,375,0,98,3,3,25.90,,,,0.03,,,,,,
"       (2013 CW87)",1.212,0.1225,6.14,315.55,172.32,1.064,1.36,1.33,2919,0,38,,,25.80,,,,,,,,,,
"       (2013 CZ87)",1.619,0.3883,6.33,328.29,200.62,0.990,2.25,2.06,9,5,32,0,1,26.00,,,,,,,,,,
"       (2013 DB1)",1.692,0.3638,5.60,143.96,3.52,1.076,2.31,2.2,4034,0,30,,,26.07,,,,,,,,,,
"       (2013 GH66)",1.051,0.0446,3.45,198.60,36.05,1.004,1.10,1.08,27,3,46,,,28.00,,,,,,,,,,
"       (2013 GJ69)",2.218,0.5412,6.63,201.67,11.05,1.018,3.42,3.3,6,4,23,2,1,26.50,,,,,,,,,,
"       (2013 KS1)",1.475,0.3865,1.63,230.03,64.69,0.905,2.05,1.79,3294,0,121,,,26.82,,,,,,,,,,
"       (2013 KT1)",0.9228,0.1641,8.11,58.81,317.46,0.771,1.07,0.887,2,5,108,,,26.60,,,,,,,,,,
"       (2013 LE7)",1.165,0.1062,1.67,202.10,39.58,1.041,1.29,1.26,1880,0,70,,,27.50,,,,,,,,,,
"       (2013 TD)",2.313,0.5668,0.44,254.90,101.19,1.002,3.62,3.52,2569,0,61,,,26.60,,,,,,,,,,
"       (2013 TG6)",0.9387,0.1264,3.22,13.80,221.41,0.820,1.06,0.91,3666,0,121,,,26.58,,,,0.0631,,,,,,
"       (2013 TN127)",0.935,0.0968,13.46,198.76,2.26,0.845,1.03,0.904,3,5,31,,,26.20,,,,,,,,,,
"       (2013 UB)",0.8476,0.3148,3.22,209.37,314.55,0.581,1.11,0.78,5,3,79,2,2,26.60,,,,,,,,,,
"       (2013 UB3)",0.8843,0.1977,4.82,213.58,351.35,0.710,1.06,0.832,1848,1,39,,,25.80,,,,,,,,,,
"       (2013 VJ11)",1.507,0.4041,0.20,82.50,276.16,0.898,2.12,1.85,2,4,24,1,1,27.90,,,,,,,,,,
"       (2013 XY20)",1.134,0.1090,2.85,78.12,19.34,1.010,1.26,1.21,2310,0,71,,,25.60,,,,,,,,,,
"       (2013 XH22)",1.78,0.6548,4.04,82.08,91.68,0.615,2.95,2.37,5,3,64,6,6,26.20,,,,,,,,,,
"       (2013 YM2)",0.8819,0.1563,3.21,91.44,161.77,0.744,1.02,0.828,1841,1,59,,,25.70,,,,,,,,,,
"       (2014 AD16)",1.402,0.3680,0.35,130.52,27.65,0.886,1.92,1.66,3,4,33,2,1,27.40,,,,,,,,,,
"       (2014 DJ80)",0.9771,0.0670,3.03,337.99,20.95,0.912,1.04,0.966,22,5,30,,,26.30,,,,,,,,,,
"       (2014 EP12)",2.348,0.5836,6.08,352.67,203.86,0.978,3.72,3.6,5,3,180,2,1,25.80,,,,,,,,,,
"       (2014 FO38)",0.7388,0.4038,9.69,10.37,14.45,0.440,1.04,0.635,2573,0,85,1,1,26.34,,,,,,,,,,
"       (2014 GF1)",2.228,0.5314,7.86,191.93,357.32,1.044,3.41,3.33,3662,1,31,,,26.00,,,,,,,,,,
"       (2014 HM4)",1.099,0.5299,1.31,30.84,297.96,0.517,1.68,1.15,3,4,34,1,1,26.90,,,,,,,,,,
"       (2014 HT46)",1.282,0.2332,1.57,200.14,58.69,0.983,1.58,1.45,12,3,40,1,0,26.60,,,,,,,,,,
"       (2014 JV54)",1.043,0.0601,7.74,65.35,277.25,0.981,1.11,1.07,255,2,50,,,25.90,,,,,,,,,,
"       (2014 KF22)",1.498,0.4206,4.95,68.06,237.29,0.868,2.13,1.83,4,5,39,0,1,26.40,,,,,,,,,,
"       (2014 KH39)",2.343,0.5927,5.45,74.58,211.02,0.954,3.73,3.59,11,4,48,3,1,26.20,,,,0.044,,,,,,
"       (2014 KS76)",0.9282,0.2704,1.10,62.25,51.34,0.677,1.18,0.894,473,2,45,,,26.62,,,,,,,,,,
"       (2014 LK21)",0.9633,0.0992,5.80,251.49,139.57,0.868,1.06,0.945,18,4,45,0,1,25.90,,,,,,,,,,
"       (2014 MF18)",0.888,0.1599,2.73,100.50,351.82,0.746,1.03,0.837,1837,0,78,,,26.11,0.069,,0.015,,,,,,,
"       (2014 QY33)",1.939,0.5858,0.84,166.04,235.78,0.803,3.07,2.7,7,4,33,4,2,26.20,,,,,,,,,,
"       (2014 QN266)",1.053,0.0923,0.49,171.10,61.63,0.955,1.15,1.08,73,3,82,,,26.30,,,,,,,,,,
"       (2014 QD364)",0.9857,0.0414,4.01,156.56,26.72,0.945,1.03,0.979,17,4,30,,,27.20,,,,,,,,,,
"       (2014 RC)",1.314,0.3752,4.57,344.90,71.08,0.821,1.81,1.51,18,3,247,0,2,26.80,,,,0.004389,,,,,,
"       (2014 SM1)",0.918,0.2577,7.33,354.29,220.49,0.681,1.15,0.88,9,5,24,,,25.60,,,,,,,,,,
"       (2014 SS261)",0.9572,0.1204,10.89,3.19,128.54,0.842,1.07,0.936,21,3,51,,,26.30,,,,,,,,,,
"       (2014 TW)",1.029,0.0087,9.01,10.77,190.68,1.020,1.04,1.04,29,3,51,0,2,26.06,,,,,,,,,,
"       (2014 UR)",0.991,0.0155,8.27,23.46,196.26,0.976,1.01,0.987,373,0,231,4,2,26.60,,,,0.23,,,,,,
"       (2014 US7)",0.8589,0.2729,9.86,25.59,219.30,0.624,1.09,0.796,1461,1,111,,,26.60,,,,,,,,,,
"       (2014 UV210)",1.155,0.1315,0.60,92.17,351.52,1.003,1.31,1.24,1837,0,66,2,1,26.90,,,,0.5559,,,,,,
"       (2014 WF201)",1.111,0.1107,8.50,63.06,326.65,0.988,1.23,1.17,2562,0,161,,,25.59,,,,0.4743,,,,,,
"       (2014 WA366)",1.034,0.0715,1.56,67.11,287.62,0.960,1.11,1.05,49,4,55,,,26.90,,,,0.5,,,,,,
"       (2014 YN)",0.8922,0.1340,1.21,239.22,15.98,0.773,1.01,0.843,51,5,83,,,25.70,,,,,,,,,,
"       (2014 YR14)",1.97,0.6006,6.65,274.89,117.38,0.787,3.15,2.76,4,4,52,0,2,26.10,,,,,,,,,,
"       (2015 AK45)",2.462,0.6080,4.13,127.32,13.31,0.965,3.96,3.86,13,5,45,0,1,26.40,,,,0.0258,,,,,,
"       (2015 BG4)",1.593,0.3445,1.16,150.29,323.15,1.044,2.14,2.01,1485,0,74,,,26.40,,,,,,,,,,
"       (2015 DU)",1.102,0.0874,2.75,341.73,155.60,1.005,1.20,1.16,95,3,98,0,1,26.60,,,,0.076,,,,,,
"       (2015 DK200)",1.314,0.3261,1.86,14.92,208.49,0.885,1.74,1.51,1111,0,40,,,25.59,,,,,,,,,,
"       (2015 EG)",0.8635,0.3560,2.50,167.62,223.69,0.556,1.17,0.802,2899,0,151,3,2,25.61,,,,1.29,,,,,,
"       (2015 GK)",1.837,0.5250,1.06,43.57,210.79,0.873,2.80,2.49,1824,0,56,,,26.00,,,,,,,,,,
"       (2015 GA1)",1.992,0.6090,5.17,202.55,69.57,0.779,3.20,2.81,8,4,66,0,1,26.60,,,,,,,,,,
"       (2015 HD10)",2.07,0.5769,4.45,215.75,52.13,0.876,3.27,2.98,11,3,66,1,2,26.50,,,,,,,,,,
"       (2015 HW10)",0.9344,0.1057,16.10,32.58,330.56,0.836,1.03,0.903,4,5,96,,,25.70,,,,,,,,,,
"       (2015 HS11)",1.164,0.1359,4.94,212.73,37.42,1.006,1.32,1.26,16,5,88,0,1,27.10,,,,0.0193,,,,,,
"       (2015 JR1)",0.9394,0.1717,11.95,229.03,227.60,0.778,1.10,0.911,9,5,28,,,26.10,,,,,,,,,,
"       (2015 JD3)",1.058,0.0078,2.72,43.63,60.16,1.050,1.07,1.09,76,4,37,,,25.50,,,,,,,,,,
"       (2015 KA)",0.9693,0.1228,9.50,237.08,233.85,0.850,1.09,0.954,24,4,87,,,26.20,,,,,,,,,,
"       (2015 KE)",0.9737,0.1244,0.62,243.52,223.55,0.853,1.09,0.961,465,3,110,,,26.20,,,,0.0562,,,,,,
"       (2015 KK57)",1.09,0.0629,1.03,194.21,100.66,1.022,1.16,1.14,121,3,43,,,27.62,,,,,,,,,,
"       (2015 KW120)",1.603,0.4900,3.37,68.30,245.22,0.818,2.39,2.03,3073,0,130,2,1,26.00,,,,0.1355,,,,,,
"       (2015 LR21)",1.908,0.5688,1.89,86.32,243.43,0.823,2.99,2.64,9,4,54,1,1,26.60,,,,,,,,,,
"       (2015 MC54)",1.117,0.0679,3.02,254.51,0.25,1.041,1.19,1.18,38,5,21,,,26.80,,,,,,,,,,
"       (2015 OQ21)",0.7894,0.3640,1.61,125.46,328.71,0.502,1.08,0.701,6,3,60,2,1,27.90,,,,,,,,,,
"       (2015 PL57)",1.12,0.1441,1.63,112.61,115.27,0.959,1.28,1.19,2245,2,51,,,25.70,,,,,,,,,,
"       (2015 QR3)",1.019,0.0907,12.88,144.47,298.79,0.926,1.11,1.03,564,2,45,,,25.70,,,,,,,,,,
"       (2015 UH52)",0.8531,0.3852,4.74,26.50,225.65,0.524,1.18,0.788,1502,3,87,,,26.02,,,,,,,,,,
"       (2015 VC2)",1.053,0.0743,0.87,186.15,288.27,0.975,1.13,1.08,189,1,110,,,27.40,,,,,,,,,,
"       (2015 WN1)",1.41,0.3713,0.50,231.79,125.33,0.886,1.93,1.67,1832,0,96,,,26.30,,,,,,,,,,
"       (2015 WA13)",1.378,0.2732,4.82,68.39,9.86,1.001,1.75,1.62,35,3,84,2,1,26.10,,,,,,,,,,
"       (2015 XN55)",1.208,0.2535,2.96,75.92,61.50,0.902,1.51,1.33,11,5,184,0,1,27.20,,,,,,,,,,
"       (2015 XX128)",1.266,0.2280,3.13,77.45,13.21,0.978,1.56,1.43,70,4,58,,,26.05,,,,,,,,,,
"       (2015 XX169)",1.004,0.1851,7.60,256.28,282.40,0.818,1.19,1.01,730,0,57,,,27.40,,,,,,,,,,
"       (2015 XN261)",0.974,0.1638,2.32,278.48,274.93,0.814,1.13,0.961,12,3,166,,,26.20,,,,,,,,,,
"       (2015 XC352)",1.015,0.1456,4.48,98.57,83.00,0.867,1.16,1.02,1307,1,87,1,1,25.82,,,,,,,,,,
"       (2015 XA378)",1.831,0.6390,0.23,77.13,89.66,0.661,3.00,2.48,12,5,49,0,1,25.90,,,,,,,,,,
"       (2015 XT378)",0.9374,0.2335,5.69,257.30,65.04,0.719,1.16,0.908,3,5,12,,,27.90,,,,,,,,,,
"       (2015 XZ378)",1.015,0.0348,2.72,87.57,108.28,0.980,1.05,1.02,21,5,35,,,27.20,,,,,,,,,,
"       (2015 YK)",1.094,0.1187,4.70,258.87,237.40,0.964,1.22,1.14,26,5,96,,,25.86,0.046,,0.037,,,,,,,
"       (2015 YC1)",1.084,0.2559,6.66,266.14,267.95,0.807,1.36,1.13,552,1,98,,,26.00,,,,,,,,,,
"       (2016 BQ)",1.013,0.1404,2.26,305.63,279.10,0.871,1.16,1.02,2063,1,49,,,26.54,,,,,,,,,,
"       (2016 BS67)",1.059,0.0437,6.51,318.76,113.77,1.013,1.11,1.09,36,5,41,,,26.20,,,,,,,,,,
"       (2016 BW80)",1.76,0.3879,1.92,99.97,31.93,1.077,2.44,2.33,2569,0,27,,,26.22,,,,,,,,,,
"       (2016 CH30)",0.9329,0.1785,0.49,346.26,270.16,0.766,1.10,0.901,21,5,38,,,28.00,,,,,,,,,,
"       (2016 CF137)",1.09,0.1001,2.45,132.54,301.54,0.981,1.20,1.14,102,4,50,,,25.66,,,,,,,,,,
"       (2016 CO246)",0.9953,0.1261,6.29,136.37,120.70,0.870,1.12,0.993,1464,0,46,,,25.80,,,,,,,,,,
"       (2016 CV246)",1.051,0.1501,7.11,337.61,79.57,0.893,1.21,1.08,59,4,84,,,25.55,,,,,,,,,,
"       (2016 CS247)",1.366,0.2761,1.69,334.04,149.28,0.989,1.74,1.6,46,5,140,,,25.66,,,,0.0514,,,,,,
"       (2016 DJ)",1.023,0.1608,4.35,336.80,71.00,0.859,1.19,1.04,51,4,85,,,25.60,,,,,,,,,,
"       (2016 EP84)",1.19,0.1732,0.82,287.43,195.51,0.984,1.40,1.3,79,4,58,,,27.40,,,,,,,,,,
"       (2016 EJ156)",1.194,0.1940,4.16,345.94,132.63,0.963,1.43,1.3,53,5,37,,,25.80,,,,,,,,,,
"       (2016 FC)",1.176,0.2428,0.89,353.06,118.28,0.891,1.46,1.28,53,5,109,,,26.60,,,,,,,,,,
"       (2016 FY2)",0.8697,0.1774,1.87,149.98,204.99,0.715,1.02,0.811,74,5,134,,,25.50,,,,,,,,,,
"       (2016 FW3)",1.058,0.2026,11.42,180.09,93.79,0.843,1.27,1.09,552,2,85,,,25.50,,,,,,,,,,
"       (2016 FP12)",1.143,0.2178,0.59,251.85,28.16,0.894,1.39,1.22,255,5,30,,,25.60,,,,,,,,,,
"       (2016 FZ12)",1.135,0.3001,1.68,348.02,107.87,0.794,1.48,1.21,2191,0,67,,,26.80,,,,,,,,,,
"       (2016 FS13)",0.971,0.1701,8.15,199.68,205.84,0.806,1.14,0.957,423,2,23,,,26.00,,,,,,,,,,
"       (2016 FV13)",1.61,0.4537,5.08,201.74,51.39,0.879,2.34,2.04,719,0,110,,,25.92,,,,,,,,,,
"       (2016 GE1)",2.065,0.5198,10.71,15.61,197.46,0.992,3.14,2.97,1098,0,127,,,26.70,,,,0.009438,,,,,,
"       (2016 GY2)",0.9197,0.2942,9.35,190.48,127.29,0.649,1.19,0.882,3,5,34,,,26.10,,,,,,,,,,
"       (2016 HO)",1.502,0.3295,1.56,209.98,355.39,1.007,2.00,1.84,12,5,134,,,25.70,,,,0.7512,,,,,,
"       (2016 HF2)",0.9883,0.1955,5.13,33.72,70.34,0.795,1.18,0.982,9,5,77,,,26.10,,,,,,,,,,
"       (2016 HD3)",0.9194,0.2398,0.63,46.02,301.78,0.699,1.14,0.882,6,3,85,1,1,27.83,,,,,,,,,,
"       (2016 JB)",0.9092,0.1427,9.59,222.54,152.61,0.779,1.04,0.867,7,5,114,,,27.10,,,,,,,,,,
"       (2016 JN6)",1.376,0.2384,1.48,107.50,96.07,1.048,1.70,1.61,90,5,38,,,25.90,,,,,,,,,,
"       (2016 JB18)",1.123,0.1486,1.89,208.31,304.82,0.956,1.29,1.19,56,4,31,,,27.60,,,,,,,,,,
"       (2016 NN15)",2.069,0.5066,6.90,282.40,8.97,1.021,3.12,2.98,4,5,21,0,1,26.70,,,,,,,,,,
"       (2016 NJ33)",1.313,0.2093,6.62,279.50,24.36,1.038,1.59,1.51,2261,3,90,0,1,25.53,,,,,,,,,,
"       (2016 NO56)",1.314,0.4101,6.08,104.00,260.83,0.775,1.85,1.51,1095,1,53,,,25.70,,,,,,,,,,
"       (2016 RD34)",1.046,0.0347,1.96,349.59,11.00,1.010,1.08,1.07,115,2,93,0,1,27.70,,,,0.023,,,,,,
"       (2016 SR2)",1.061,0.2053,4.07,13.96,85.29,0.843,1.28,1.09,560,1,86,,,26.20,,,,,,,,,,
"       (2016 TQ11)",1.032,0.1688,5.23,205.03,57.52,0.858,1.21,1.05,30,5,41,,,25.70,,,,,,,,,,
"       (2016 TG55)",1.327,0.3029,0.83,11.39,73.92,0.925,1.73,1.53,29,5,83,0,2,26.00,,,,,,,,,,
"       (2016 TY55)",1.031,0.1532,4.21,206.91,264.40,0.873,1.19,1.05,9,5,45,,,26.90,,,,,,,,,,
"       (2016 TM56)",1.119,0.1308,2.35,213.79,126.27,0.973,1.27,1.18,42,4,162,,,26.90,0.008,,0.467,,,,,,,
"       (2016 TB57)",1.102,0.1231,0.30,294.76,147.90,0.967,1.24,1.16,201,3,140,0,1,26.10,,,,,,,,,,
"       (2016 VG)",0.9003,0.3443,9.47,223.46,306.74,0.590,1.21,0.854,5,4,56,,,26.70,,,,,,,,,,
"       (2016 VR)",1.163,0.3280,3.47,45.19,87.82,0.781,1.54,1.25,1832,0,45,0,1,26.30,,,,,,,,,,
"       (2016 WH)",1.604,0.4766,2.75,51.27,65.37,0.840,2.37,2.03,4,4,41,0,1,27.07,,,,,,,,,,
"       (2016 WD7)",1.248,0.2065,0.67,41.76,44.69,0.990,1.51,1.39,38,4,71,,,27.30,,,,,,,,,,
"       (2016 WG7)",0.9536,0.2187,4.53,67.32,113.78,0.745,1.16,0.931,17,3,143,1,2,26.00,,,,,,,,,,
"       (2016 WT7)",1.042,0.0449,6.23,243.14,141.26,0.995,1.09,1.06,68,5,65,,,25.90,,,,,,,,,,
"       (2016 WB8)",1.179,0.2911,6.68,72.46,71.61,0.836,1.52,1.28,14,2,62,1,3,25.90,,,,,,,,,,
"       (2016 YP4)",1.281,0.2090,1.00,188.05,297.93,1.013,1.55,1.45,86,5,48,,,27.00,,,,,,,,,,
"       (2017 BO6)",0.9356,0.2754,1.86,118.35,142.60,0.678,1.19,0.905,16,5,42,,,26.10,,,,,,,,,,
"       (2017 BR6)",0.8817,0.3347,6.68,127.90,227.00,0.587,1.18,0.828,1,5,20,,,27.90,,,,,,,,,,
"       (2017 BZ6)",1.086,0.0932,5.83,315.06,117.59,0.985,1.19,1.13,55,4,71,,,26.10,,,,,,,,,,
"       (2017 BF29)",1.181,0.1341,2.61,302.36,203.83,1.023,1.34,1.28,98,4,48,,,25.59,,,,,,,,,,
"       (2017 BS32)",0.9558,0.3375,8.82,313.52,294.94,0.633,1.28,0.934,6,5,77,,,27.58,,,,0.179,,,,,,
"       (2017 CF32)",1.152,0.1817,1.19,129.21,326.16,0.942,1.36,1.24,37,2,162,1,1,26.10,,,,3.575,,,,,,
"       (2017 DS37)",0.9382,0.1371,7.14,332.86,313.78,0.810,1.07,0.909,6,5,45,,,27.30,,,,,,,,,,
"       (2017 ED)",1.503,0.3317,4.41,161.81,2.94,1.004,2.00,1.84,7,3,72,1,0,26.30,,,,,,,,,,
"       (2017 FM2)",0.9515,0.0632,6.02,163.41,205.13,0.891,1.01,0.928,41,5,39,,,25.60,,,,,,,,,,
"       (2017 FZ2)",1.008,0.2637,1.81,185.71,100.14,0.742,1.27,1.01,360,1,162,0,1,26.60,,,,,,,,,,
"       (2017 FB3)",1.047,0.1864,1.01,290.99,142.04,0.852,1.24,1.07,34,4,53,,,25.90,,,,,,,,,,
"       (2017 FR63)",0.96,0.1562,7.15,6.95,56.03,0.810,1.11,0.941,37,2,65,0,1,26.10,,,,,,,,,,
"       (2017 FR91)",0.9071,0.3237,0.23,199.55,114.63,0.613,1.20,0.864,4,3,83,3,2,26.90,,,,,,,,,,
"       (2017 FS91)",0.9044,0.2818,2.52,16.85,40.87,0.650,1.16,0.86,8,5,96,,,26.30,,,,,,,,,,
"       (2017 FQ127)",1.141,0.3504,17.66,13.05,271.31,0.741,1.54,1.22,5,3,54,0,1,26.30,,,,,,,,,,
"       (2017 FF128)",2.158,0.5739,6.69,20.20,220.43,0.920,3.40,3.17,22,5,21,0,3,25.61,,,,,,,,,,
"       (2017 GM6)",1.029,0.0455,7.25,194.57,131.70,0.982,1.08,1.04,27,5,54,,,26.00,,,,,,,,,,
"       (2017 GX6)",0.953,0.0645,10.48,195.96,158.38,0.892,1.01,0.93,5,5,22,,,27.40,,,,,,,,,,
"       (2017 HB1)",1.305,0.2849,3.87,206.51,55.67,0.933,1.68,1.49,31,2,86,1,1,26.30,,,,,,,,,,
"       (2017 HU2)",0.8686,0.1639,6.24,32.96,5.42,0.726,1.01,0.809,15,5,122,,,25.93,,,,,,,,,,
"       (2017 HG4)",0.8655,0.1841,3.00,210.46,205.76,0.706,1.02,0.805,1480,0,38,,,27.70,,,,,,,,,,
"       (2017 HZ4)",0.9104,0.2167,1.79,67.48,312.33,0.713,1.11,0.869,53,5,56,,,25.80,,,,,,,,,,
"       (2017 HU49)",0.9714,0.0552,2.62,45.67,345.80,0.918,1.03,0.957,28,4,148,,,26.50,,,,0.62,,,,,,
"       (2017 KP27)",0.9675,0.1655,1.24,349.42,125.59,0.807,1.13,0.952,850,2,59,,,25.80,,,,,,,,,,
"       (2017 LD)",1.395,0.2778,0.07,79.18,195.77,1.007,1.78,1.65,45,4,133,,,27.50,,,,0.066,,,,,,
"       (2017 LE)",1.698,0.3993,12.10,76.39,192.78,1.020,2.38,2.21,5,5,49,0,1,26.40,,,,0.0281,,,,,,
"       (2017 LX)",2.577,0.7363,1.14,105.42,236.83,0.679,4.47,4.14,4,4,59,0,1,26.30,,,,,,,,,,
"       (2017 MF)",1.573,0.3683,1.37,263.17,29.52,0.994,2.15,1.97,3,5,141,,,26.60,,,,,,,,,,
"       (2017 MZ2)",0.8973,0.3084,11.66,260.86,234.33,0.621,1.17,0.85,12,5,28,,,25.62,,,,,,,,,,
"       (2017 ME4)",1.687,0.4050,4.01,112.12,187.24,1.003,2.37,2.19,13,5,32,0,1,26.20,,,,,,,,,,
"       (2017 QW1)",0.9843,0.1264,4.15,326.58,234.25,0.860,1.11,0.977,12,4,36,,,26.20,,,,0.0987,,,,,,
"       (2017 RL2)",1.106,0.0466,2.91,350.93,348.98,1.055,1.16,1.16,31,5,44,,,26.10,,,,,,,,,,
"       (2017 RN2)",2.378,0.5012,6.51,344.12,39.43,1.186,3.57,3.67,38,5,14,,,26.30,,,,,,,,,,
"       (2017 RK15)",0.8629,0.4194,5.73,344.58,216.17,0.501,1.22,0.802,1449,3,30,,,25.68,,,,,,,,,,
"       (2017 RH16)",0.8746,0.4430,0.62,338.35,226.60,0.487,1.26,0.818,438,3,26,,,26.20,,,,,,,,,,
"       (2017 SL16)",0.9967,0.1519,8.81,182.23,68.88,0.845,1.15,0.995,1472,0,76,0,1,25.92,,,,0.3188,,,,,,
"       (2017 SP21)",0.9804,0.1388,11.21,188.14,69.29,0.844,1.12,0.971,2,5,31,,,27.80,,,,,,,,,,
"       (2017 TF1)",1.256,0.1872,0.89,102.58,278.98,1.021,1.49,1.41,74,5,44,,,26.70,,,,,,,,,,
"       (2017 TP4)",1.079,0.0382,1.56,281.21,137.71,1.038,1.12,1.12,47,5,41,,,26.30,,,,,,,,,,
"       (2017 TA6)",1.119,0.1711,0.99,37.27,49.58,0.928,1.31,1.18,207,4,43,,,27.10,,,,,,,,,,
"       (2017 US)",0.8309,0.2286,0.91,199.73,357.71,0.641,1.02,0.757,1071,1,133,,,26.20,,,,,,,,,,
"       (2017 UK1)",1.044,0.2025,7.34,199.90,88.68,0.832,1.25,1.07,57,5,23,,,27.10,,,,,,,,,,
"       (2017 UH5)",1.313,0.2300,9.03,30.37,343.29,1.011,1.62,1.5,1103,0,64,,,26.60,,,,,,,,,,
"       (2017 UA45)",0.9225,0.1671,4.21,202.04,50.57,0.768,1.08,0.886,45,4,39,,,26.10,,,,,,,,,,
"       (2017 VB13)",0.8804,0.1992,21.38,231.41,325.48,0.705,1.06,0.826,4,5,45,,,25.50,,,,,,,,,,
"       (2017 VD15)",1.84,0.4424,1.04,85.13,315.20,1.026,2.65,2.5,1810,0,114,,,25.69,,,,,,,,,,
"       (2017 WC)",2.203,0.5476,4.36,54.17,11.04,0.996,3.41,3.27,11,5,84,0,2,25.80,,,,,,,,,,
"       (2017 XS2)",0.942,0.1590,2.33,233.58,56.49,0.792,1.09,0.914,35,5,33,,,26.00,,,,,,,,,,
"       (2017 XV60)",1.577,0.3557,2.84,81.42,332.36,1.016,2.14,1.98,723,1,39,,,25.80,,,,,,,,,,
"       (2017 YW3)",1.095,0.1132,2.20,273.71,136.96,0.971,1.22,1.15,43,5,53,,,26.50,,,,,,,,,,
"       (2017 YV8)",0.897,0.2562,3.11,268.42,52.07,0.667,1.13,0.85,25,5,19,,,27.30,,,,,,,,,,
"       (2018 BQ)",1.331,0.2501,1.64,275.86,201.68,0.998,1.66,1.54,50,5,100,,,25.70,,,,,,,,,,
"       (2018 BM5)",0.7649,0.3922,3.15,304.11,333.96,0.465,1.06,0.669,732,0,67,1,1,27.42,,,,,,,,,,
"       (2018 CB)",1.409,0.3201,5.29,320.57,208.24,0.958,1.86,1.67,12,2,209,0,4,25.90,,,,0.089241,,,,,,
"       (2018 CW2)",0.7602,0.4222,5.10,331.93,327.64,0.439,1.08,0.663,1471,0,161,2,1,25.66,,,,,,,,,,
"       (2018 DT)",1.22,0.1796,1.77,152.03,8.61,1.001,1.44,1.35,27,5,108,0,1,27.10,,,,,,,,,,
"       (2018 ER1)",1.007,0.0920,6.42,187.95,99.80,0.915,1.10,1.01,28,5,63,,,25.72,,,,,,,,,,
"       (2018 EZ2)",1.951,0.5122,4.98,173.91,27.45,0.952,2.95,2.73,85,4,91,,,26.20,,,,,,,,,,
"       (2018 FH1)",0.9382,0.1771,3.55,181.37,232.97,0.772,1.10,0.909,5,4,46,1,1,26.60,,,,,,,,,,
"       (2018 FU1)",1.041,0.1336,6.95,176.41,97.80,0.902,1.18,1.06,296,2,27,,,26.80,,,,,,,,,,
"       (2018 FM2)",0.9419,0.0946,1.16,143.06,191.90,0.853,1.03,0.914,37,5,18,,,26.60,,,,,,,,,,
"       (2018 FM3)",1.014,0.0898,4.56,181.70,255.73,0.923,1.10,1.02,16,5,47,,,27.20,,,,,,,,,,
"       (2018 FO3)",1.081,0.0686,10.59,182.71,89.56,1.007,1.15,1.12,192,3,53,,,25.70,,,,,,,,,,
"       (2018 FV3)",1.221,0.1348,8.51,182.44,47.86,1.056,1.39,1.35,141,4,67,,,25.50,,,,,,,,,,
"       (2018 FQ4)",1.709,0.4685,0.26,99.20,34.42,0.909,2.51,2.23,4125,0,71,,,27.08,,,,,,,,,,
"       (2018 GE)",0.9233,0.1046,1.24,164.77,242.52,0.827,1.02,0.887,18,5,44,,,27.50,,,,,,,,,,
"       (2018 GE2)",1.086,0.2262,0.47,42.41,74.88,0.841,1.33,1.13,36,5,110,,,27.04,,,,,,,,,,
"       (2018 GY3)",1.087,0.3801,1.55,196.59,262.42,0.674,1.50,1.13,3654,2,39,,,27.60,,,,,,,,,,
"       (2018 GR4)",0.936,0.1110,1.00,167.59,232.85,0.832,1.04,0.906,64,5,73,,,27.11,,,,,,,,,,
"       (2018 JL1)",0.9805,0.1776,5.15,54.68,287.46,0.806,1.15,0.971,8,5,39,,,26.70,,,,,,,,,,
"       (2018 KR)",0.8848,0.2082,1.16,128.61,269.90,0.701,1.07,0.832,3702,0,56,,,26.39,,,,,,,,,,
"       (2018 LE1)",1.023,0.2059,1.80,245.38,262.24,0.812,1.23,1.03,16,5,55,,,27.50,,,,,,,,,,
"       (2018 LJ1)",1.279,0.1815,2.21,72.89,213.75,1.047,1.51,1.45,95,5,45,,,26.50,,,,,,,,,,
"       (2018 LG4)",0.9215,0.3072,1.97,96.61,35.43,0.638,1.20,0.885,10,5,26,,,27.00,,,,,,,,,,
"       (2018 MA5)",0.9481,0.1786,4.30,97.33,26.91,0.779,1.12,0.923,19,5,22,,,26.30,,,,,,,,,,
"       (2018 MC7)",1.413,0.2806,5.61,269.44,358.95,1.017,1.81,1.68,76,4,49,,,26.20,,,,,,,,,,
"       (2018 PY7)",1.581,0.3939,11.22,311.76,322.65,0.958,2.20,1.99,35,5,34,,,26.80,,,,,,,,,,
"       (2018 PK21)",0.9834,0.0809,1.22,302.64,227.38,0.904,1.06,0.975,833,2,132,,,25.88,,,,,,,,,,
"       (2018 PN22)",0.991,0.0420,4.43,313.48,209.98,0.949,1.03,0.987,31,3,22,,,27.50,,,,,,,,,,
"       (2018 PM28)",1.028,0.0748,2.28,78.12,5.02,0.951,1.10,1.04,274,3,51,,,25.80,,,,,,,,,,
"       (2018 RH3)",0.9579,0.2727,0.44,302.41,283.90,0.697,1.22,0.937,8,5,81,,,26.10,,,,,,,,,,
"       (2018 RB6)",1.781,0.5513,3.52,176.54,241.61,0.799,2.76,2.38,8,3,109,0,2,25.86,,,,,,,,,,
"       (2018 TR)",1.058,0.1848,5.54,185.52,94.33,0.862,1.25,1.09,39,5,80,,,25.50,,,,,,,,,,
"       (2018 TA2)",0.9781,0.1729,5.29,6.37,120.31,0.809,1.15,0.967,10,5,29,,,27.10,,,,,,,,,,
"       (2018 TS4)",1.104,0.1072,1.80,12.77,43.58,0.986,1.22,1.16,125,5,28,,,27.60,,,,,,,,,,
"       (2018 TP5)",1.683,0.4724,2.74,11.29,309.00,0.888,2.48,2.18,59,5,47,,,25.90,,,,,,,,,,
"       (2018 TG6)",1.064,0.0836,0.71,21.43,70.43,0.975,1.15,1.1,168,2,138,,,27.25,,,,,,,,,,
"       (2018 UE1)",1.021,0.0121,5.44,23.16,301.99,1.009,1.03,1.03,23,5,60,,,26.70,,,,,,,,,,
"       (2018 VA)",1.196,0.1490,2.17,14.75,24.69,1.018,1.37,1.31,65,5,50,,,26.70,,,,,,,,,,
"       (2018 VC)",1.126,0.1692,3.70,36.58,304.34,0.936,1.32,1.2,36,4,144,,,26.34,,,,,,,,,,
"       (2018 VX1)",1.366,0.3095,2.79,45.01,40.27,0.943,1.79,1.6,7,5,97,,,27.50,,,,,,,,,,
"       (2018 VR3)",0.9712,0.2304,8.98,46.54,108.29,0.747,1.19,0.957,3,5,20,,,26.90,,,,,,,,,,
"       (2018 VS4)",1.59,0.3565,16.43,45.45,6.86,1.024,2.16,2.01,1469,0,79,,,26.04,,,,,,,,,,
"       (2018 VT7)",0.9824,0.0881,2.54,53.86,113.13,0.896,1.07,0.974,24,5,23,,,27.90,,,,,,,,,,
"       (2018 VU8)",1.039,0.0661,9.43,51.07,302.09,0.970,1.11,1.06,2,5,43,,,27.90,,,,,,,,,,
"       (2018 VO9)",1.206,0.1885,1.72,254.29,189.15,0.979,1.43,1.32,55,4,48,,,26.90,,,,,,,,,,
"       (2018 WV)",2.563,0.6134,1.28,48.55,356.83,0.991,4.14,4.1,55,5,97,,,25.60,,,,,,,,,,
"       (2018 XJ1)",1.753,0.4306,5.49,84.00,359.91,0.998,2.51,2.32,10,4,45,0,1,26.40,,,,,,,,,,
"       (2018 XC4)",1.268,0.3104,2.17,95.07,52.44,0.874,1.66,1.43,6,4,68,0,1,26.30,,,,,,,,,,
"       (2018 XE4)",1.593,0.4470,2.95,263.97,237.89,0.881,2.30,2.01,738,0,25,,,26.40,,,,,,,,,,
"       (2018 XN5)",1.789,0.4499,3.49,278.43,182.50,0.984,2.59,2.39,20,5,51,,,25.60,,,,,,,,,,
"       (2018 YQ2)",1.106,0.2227,0.37,245.52,293.63,0.860,1.35,1.16,247,4,58,,,26.10,,,,,,,,,,
"       (2019 AU)",1.107,0.1023,5.00,109.52,331.90,0.994,1.22,1.17,30,5,50,,,26.70,,,,,,,,,,
"       (2019 AQ2)",0.9567,0.1685,1.67,97.81,247.57,0.796,1.12,0.936,469,3,81,,,25.60,,,,,,,,,,
"       (2019 AC3)",1.03,0.1102,4.41,282.02,270.48,0.916,1.14,1.05,569,2,65,,,27.30,,,,,,,,,,
"       (2019 AX5)",0.9069,0.2146,17.18,286.77,309.21,0.712,1.10,0.864,7,3,46,1,2,26.00,,,,,,,,,,
"       (2019 AR8)",0.8948,0.3007,2.69,84.34,157.16,0.626,1.16,0.846,7,5,32,,,25.61,,,,,,,,,,
"       (2019 AH13)",1.178,0.1297,3.95,126.16,350.90,1.025,1.33,1.28,58,5,44,,,26.00,,,,,,,,,,
"       (2019 BZ4)",1.593,0.3718,1.81,109.37,354.60,1.001,2.19,2.01,1446,0,75,,,26.25,,,,,,,,,,
"       (2019 CB4)",1.494,0.2915,4.86,338.54,165.75,1.059,1.93,1.83,53,5,19,,,26.20,,,,,,,,,,
"       (2019 CQ5)",0.8803,0.3589,11.78,143.52,229.00,0.564,1.20,0.826,2,5,33,,,27.50,,,,,,,,,,
"       (2019 DW)",0.937,0.1663,10.03,338.72,47.93,0.781,1.09,0.907,6,5,43,,,27.00,,,,,,,,,,
"       (2019 DJ1)",1.01,0.1177,1.69,352.08,265.70,0.891,1.13,1.02,393,1,94,,,26.81,,,,,,,,,,
"       (2019 DS1)",1.021,0.2377,15.39,157.88,263.20,0.778,1.26,1.03,390,1,106,,,25.60,,,,,,,,,,
"       (2019 ED1)",0.9014,0.3286,5.34,341.50,53.87,0.605,1.20,0.856,9,5,49,,,27.63,,,,,,,,,,
"       (2019 EA2)",0.8416,0.1981,6.53,0.34,341.91,0.675,1.01,0.772,12,5,168,0,1,25.80,,,,0.02882,,,,,,
"       (2019 FS2)",0.9896,0.1818,3.36,189.99,112.39,0.810,1.17,0.984,7,5,49,,,27.30,,,,,,,,,,
"       (2019 FU2)",1.069,0.1115,7.80,189.53,287.46,0.950,1.19,1.11,40,5,57,,,25.90,,,,,,,,,,
"       (2019 GF1)",0.99,0.0484,1.24,4.16,326.15,0.942,1.04,0.985,1142,0,80,,,27.50,,,,,,,,,,
"       (2019 GL1)",1.243,0.1265,2.28,152.53,60.28,1.086,1.40,1.39,86,5,35,,,25.70,,,,,,,,,,
"       (2019 GM1)",1.005,0.0711,6.74,187.41,107.39,0.933,1.08,1.01,1090,0,39,,,27.25,,,,,,,,,,
"       (2019 GW1)",0.9345,0.1147,13.30,194.62,221.50,0.827,1.04,0.903,12,4,117,,,26.10,,,,,,,,,,
"       (2019 GJ4)",0.9868,0.1681,6.97,196.18,252.41,0.821,1.15,0.98,32,2,57,1,1,26.02,,,,,,,,,,
"       (2019 GC6)",1.104,0.1749,1.25,211.52,63.92,0.910,1.30,1.16,18,5,99,0,1,26.50,,,,,,,,,,
"       (2019 GP19)",0.9411,0.1487,4.63,25.09,48.76,0.801,1.08,0.913,25,5,45,,,26.60,,,,,,,,,,
"       (2019 GK21)",0.8602,0.3405,5.92,19.50,46.54,0.567,1.15,0.798,1475,0,82,,,25.70,,,,,,,,,,
"       (2019 HM)",0.9858,0.0097,5.76,201.52,195.10,0.976,1.00,0.979,158,1,35,,,25.90,,,,,,,,,,
"       (2019 HP3)",0.9615,0.0844,10.96,217.12,176.00,0.880,1.04,0.943,13,4,69,,,25.70,,,,,,,,,,
"       (2019 JE)",2.091,0.5138,3.64,221.92,1.61,1.016,3.16,3.02,1108,0,138,0,1,26.21,,,,,,,,,,
"       (2019 JG1)",1.32,0.3113,3.32,221.95,69.57,0.909,1.73,1.52,15,3,58,1,2,26.61,,,,,,,,,,
"       (2019 JN2)",1.018,0.2232,3.63,230.38,103.69,0.791,1.25,1.03,13,5,66,0,2,25.72,,,,,,,,,,
"       (2019 JJ3)",1.9,0.4980,5.90,48.73,213.10,0.954,2.85,2.62,1,5,15,1,1,27.50,,,,,,,,,,
"       (2019 KW)",0.936,0.2221,8.46,240.04,235.10,0.728,1.14,0.906,8,5,39,,,26.87,,,,,,,,,,
"       (2019 KG2)",1.02,0.2205,19.67,68.39,281.23,0.795,1.24,1.03,3,4,117,2,1,25.90,,,,,,,,,,
"       (2019 LB1)",0.9903,0.1184,5.42,74.34,63.51,0.873,1.11,0.985,5,5,61,,,27.00,,,,,,,,,,
"       (2019 LB2)",1.277,0.2036,1.29,223.52,57.91,1.017,1.54,1.44,36,5,31,,,27.05,,,,,,,,,,
"       (2019 MB4)",2.024,0.4975,2.58,109.08,177.00,1.017,3.03,2.88,11,5,59,,,26.00,,,,0.134411,,,,,,
"       (2019 NX1)",2.578,0.6064,3.28,280.01,14.22,1.015,4.14,4.14,4,4,61,0,1,27.70,,,,,,,,,,
"       (2019 NN4)",1.366,0.2488,2.16,144.56,154.91,1.026,1.71,1.6,107,4,62,,,25.68,,,,,,,,,,
"       (2019 PO1)",1.036,0.0611,1.12,328.25,250.35,0.973,1.10,1.05,47,4,55,,,27.80,,,,,,,,,,
"       (2019 QS6)",1.148,0.0940,6.01,333.13,336.99,1.040,1.26,1.23,54,4,33,,,26.10,,,,,,,,,,
"       (2019 QK7)",0.9182,0.2130,4.55,328.03,210.65,0.723,1.11,0.88,53,4,34,,,25.50,,,,,,,,,,
"       (2019 RA)",1.244,0.1867,9.27,163.99,197.80,1.011,1.48,1.39,7,3,309,1,1,25.50,,,,,,,,,,
"       (2019 RX1)",2.349,0.6268,1.93,347.76,49.06,0.877,3.82,3.6,4,4,66,1,1,25.50,,,,,,,,,,
"       (2019 SN)",1.583,0.3709,7.81,340.29,46.51,0.996,2.17,1.99,720,1,29,,,25.54,,,,,,,,,,
"       (2019 SH3)",2.148,0.6122,7.02,3.90,59.31,0.833,3.46,3.15,8,3,54,1,1,25.60,,,,,,,,,,
"       (2019 SP3)",2.463,0.6021,1.15,182.36,205.16,0.980,3.95,3.87,43,5,36,,,26.20,,,,,,,,,,
"       (2019 SU3)",1.12,0.1085,1.29,3.25,332.34,0.999,1.24,1.19,30,1,170,1,1,27.27,,,,,,,,,,
"       (2019 SF6)",0.7627,0.4163,2.17,200.97,3.37,0.445,1.08,0.666,2917,0,48,,,26.26,,,,,,,,,,
"       (2019 SL7)",2.484,0.6981,2.74,198.57,244.11,0.750,4.22,3.92,14,4,103,1,1,25.82,,,,,,,,,,
"       (2019 SD8)",1.761,0.5027,3.72,5.24,54.51,0.876,2.65,2.34,9,5,62,1,1,27.40,,,,,,,,,,
"       (2019 SE8)",2.039,0.7481,2.53,193.58,272.44,0.514,3.56,2.91,1,5,33,0,1,26.94,,,,,,,,,,
"       (2019 TW)",1.343,0.2467,2.38,183.88,183.63,1.012,1.67,1.56,37,5,41,,,27.78,,,,,,,,,,
"       (2019 TF2)",1.043,0.0797,2.41,171.37,300.28,0.960,1.13,1.06,211,3,52,,,26.30,,,,,,,,,,
"       (2019 TK5)",1.02,0.2002,1.50,214.83,264.57,0.816,1.22,1.03,1324,2,43,,,27.46,,,,,,,,,,
"       (2019 UF5)",1.244,0.3774,9.44,31.56,278.37,0.775,1.71,1.39,13,4,148,0,1,25.60,,,,,,,,,,
"       (2019 UH7)",1.588,0.3684,6.28,32.49,22.26,1.003,2.17,2,1471,0,41,,,27.46,,,,,,,,,,
"       (2019 UT7)",2.422,0.5990,5.91,33.85,335.68,0.972,3.87,3.77,9,5,82,0,1,26.80,,,,,,,,,,
"       (2019 UL8)",1.495,0.4844,0.79,216.12,256.98,0.771,2.22,1.83,8,4,58,1,1,26.34,,,,,,,,,,
"       (2019 UM9)",0.9861,0.1550,12.36,33.17,104.75,0.833,1.14,0.979,2,5,81,,,27.30,,,,,,,,,,
"       (2019 VK3)",1.04,0.6374,5.03,232.23,302.34,0.377,1.70,1.06,9,5,22,0,1,25.50,,,,,,,,,,
"       (2019 VL5)",0.9997,0.2790,1.70,280.73,236.18,0.721,1.28,1,1456,0,37,,,25.87,,,,,,,,,,
"       (2019 WU1)",0.9123,0.1160,17.47,61.47,200.81,0.807,1.02,0.871,10,3,58,,,26.40,,,,,,,,,,
"       (2019 WN2)",1.288,0.2221,2.00,54.22,19.59,1.002,1.57,1.46,97,5,30,,,27.60,,,,,,,,,,
"       (2019 WS3)",1.063,0.0861,1.92,164.14,188.69,0.972,1.15,1.1,29,5,34,,,26.30,,,,,,,,,,
"       (2019 XR1)",2.351,0.6163,1.94,258.19,135.53,0.902,3.80,3.6,15,3,82,2,1,26.10,,,,,,,,,,
"       (2019 XT2)",0.925,0.1599,13.47,255.56,56.19,0.777,1.07,0.89,6,4,42,,,26.40,,,,,,,,,,
"       (2019 XL3)",0.8714,0.1443,23.63,262.81,19.48,0.746,1.00,0.813,3,5,31,,,27.00,,,,,,,,,,
"       (2019 YL)",1.318,0.2790,1.43,287.67,120.57,0.950,1.69,1.51,1248,0,65,,,25.55,,,,,,,,,,
"       (2019 YC2)",0.9605,0.0623,9.99,88.16,238.10,0.901,1.02,0.941,3,5,29,,,26.80,,,,,,,,,,
"       (2019 YA3)",0.9395,0.2680,1.53,257.57,62.32,0.688,1.19,0.911,17,5,18,,,26.42,,,,,,,,,,
"       (2019 YF4)",1.263,0.2149,0.21,260.00,216.78,0.991,1.53,1.42,38,4,96,0,1,27.00,,,,,,,,,,
"       (2020 AB)",1.676,0.4111,4.85,284.00,157.46,0.987,2.37,2.17,20,3,87,1,1,26.00,,,,,,,,,,
"       (2020 AC)",0.954,0.1108,9.38,280.04,295.75,0.848,1.06,0.932,3,4,93,,,26.70,,,,,,,,,,
"       (2020 AE)",0.9429,0.2360,2.18,67.05,159.57,0.720,1.17,0.916,12,5,59,,,25.70,,,,,,,,,,
"       (2020 AU)",1.228,0.1426,2.03,196.64,265.38,1.053,1.40,1.36,54,5,40,,,25.70,,,,,,,,,,
"       (2020 AD1)",1.053,0.1445,3.65,98.20,99.84,0.901,1.21,1.08,566,2,57,,,26.25,,,,,,,,,,
"       (2020 BP)",2.073,0.6410,2.17,299.17,249.74,0.744,3.40,2.99,1097,0,94,,,25.64,,,,,,,,,,
"       (2020 BF1)",0.962,0.1325,1.37,342.30,247.39,0.835,1.09,0.944,5,5,21,,,26.20,,,,,,,,,,
"       (2020 BK3)",1.158,0.3169,9.82,120.38,280.04,0.791,1.53,1.25,28,5,103,,,26.90,,,,,,,,,,
"       (2020 BZ4)",0.9454,0.2810,6.07,124.89,121.26,0.680,1.21,0.919,7,5,24,,,27.60,,,,,,,,,,
"       (2020 BL8)",1.318,0.2439,1.35,282.39,213.47,0.996,1.64,1.51,53,5,57,,,25.71,,,,,,,,,,
"       (2020 BV9)",0.9913,0.2530,3.33,300.44,317.97,0.741,1.24,0.987,766,2,42,,,26.10,,,,,,,,,,
"       (2020 BL11)",0.9893,0.0089,5.91,308.01,289.62,0.981,1.00,0.984,7,3,25,,,27.80,,,,,,,,,,
"       (2020 CF2)",1.195,0.1900,1.15,329.59,141.72,0.968,1.42,1.31,42,5,116,,,27.60,,,,,,,,,,
"       (2020 DC)",1.595,0.3726,0.95,173.44,344.78,1.001,2.19,2.01,1516,0,131,,,26.73,,,,,,,,,,
"       (2020 DJ)",1.299,0.2233,4.09,339.58,164.11,1.009,1.59,1.48,76,5,38,,,26.20,,,,,,,,,,
"       (2020 DA4)",1.618,0.4317,0.84,180.47,24.37,0.920,2.32,2.06,829,0,185,,,25.59,,,,,,,,,,
"       (2020 FA1)",1.027,0.0312,3.54,169.11,125.69,0.995,1.06,1.04,287,3,83,,,26.37,,,,,,,,,,
"       (2020 FF4)",1.029,0.0415,6.76,181.79,57.54,0.986,1.07,1.04,3,5,78,,,27.90,,,,,,,,,,
"       (2020 FL4)",1.307,0.2206,5.53,14.21,200.79,1.018,1.59,1.49,1099,1,49,,,26.96,,,,,,,,,,
"       (2020 FW5)",1.592,0.4330,16.31,185.67,53.20,0.902,2.28,2.01,735,0,76,,,25.72,,,,,,,,,,
"       (2020 GE1)",0.994,0.0856,7.74,17.51,72.35,0.909,1.08,0.991,12,4,90,,,27.10,,,,,,,,,,
"       (2020 GH1)",1.594,0.3660,9.68,188.99,17.54,1.010,2.18,2.01,734,0,59,,,25.62,,,,,,,,,,
"       (2020 GX2)",0.9105,0.1969,17.14,204.96,218.97,0.731,1.09,0.869,7,5,48,,,26.50,,,,,,,,,,
"       (2020 HU2)",1.52,0.3303,4.97,215.19,18.51,1.018,2.02,1.87,18,5,88,0,1,26.59,,,,,,,,,,
"       (2020 HF4)",1.018,0.0243,4.83,38.80,31.23,0.993,1.04,1.03,12,5,28,,,27.40,,,,,,,,,,
"       (2020 HE5)",1.008,0.0735,7.25,210.85,254.25,0.934,1.08,1.01,7,5,35,,,27.70,,,,,,,,,,
"       (2020 HJ6)",2.527,0.6839,0.95,52.58,227.15,0.799,4.26,4.02,9,4,42,1,1,26.70,,,,,,,,,,
"       (2020 HW6)",1.21,0.1992,10.18,37.87,137.44,0.969,1.45,1.33,3,5,82,,,26.00,,,,,,,,,,
"       (2020 HT7)",1.29,0.2185,4.95,215.32,10.90,1.008,1.57,1.47,8,5,131,,,26.90,,,,0.012722,,,,,,
"       (2020 HD10)",2.179,0.5404,13.05,41.89,197.60,1.001,3.36,3.22,2,5,46,0,1,27.30,,,,,,,,,,
"       (2020 JF1)",1.837,0.4592,11.66,232.84,24.36,0.993,2.68,2.49,1,4,42,2,1,27.10,,,,,,,,,,
"       (2020 JG1)",0.9726,0.1035,9.96,229.56,156.39,0.872,1.07,0.959,14,4,43,,,25.80,,,,,,,,,,
"       (2020 KS)",1.087,0.2355,5.15,67.96,79.24,0.831,1.34,1.13,44,5,132,,,25.80,,,,,,,,,,
"       (2020 KZ2)",1.014,0.0325,7.15,64.16,2.72,0.981,1.05,1.02,8,5,39,,,27.70,,,,,,,,,,
"       (2020 KP3)",2.052,0.5078,5.34,240.46,350.99,1.010,3.09,2.94,21,3,91,1,1,25.90,,,,,,,,,,
"       (2020 KQ7)",0.9711,0.1124,2.15,112.01,284.06,0.862,1.08,0.957,29,4,29,0,1,26.50,,,,,,,,,,
"       (2020 LO)",0.9604,0.1658,9.95,253.48,241.55,0.801,1.12,0.941,15,5,51,,,26.80,,,,,,,,,,
"       (2020 ME3)",1.486,0.3063,3.91,89.67,215.25,1.031,1.94,1.81,54,5,23,,,25.90,,,,,,,,,,
"       (2020 NO)",1.828,0.4617,2.20,123.58,200.21,0.984,2.67,2.47,16,4,43,0,2,26.80,,,,,,,,,,
"       (2020 OC1)",0.931,0.1211,6.59,301.83,163.57,0.818,1.04,0.898,27,5,49,,,26.40,,,,,,,,,,
"       (2020 OO1)",1.048,0.2525,0.51,124.29,279.57,0.784,1.31,1.07,944,0,178,,,26.30,,,,,,,,,,
"       (2020 OE2)",1.08,0.0850,3.39,301.12,59.37,0.988,1.17,1.12,10,5,73,0,1,27.10,,,,,,,,,,
"       (2020 OA5)",0.9006,0.1853,20.03,303.50,165.03,0.734,1.07,0.855,1,5,36,,,26.90,,,,,,,,,,
"       (2020 PP1)",1.004,0.0706,5.97,139.79,43.53,0.933,1.08,1.01,1820,0,59,,,26.70,,,,,,,,,,
"       (2020 QZ4)",1.279,0.1758,2.15,103.32,262.11,1.054,1.50,1.45,86,4,39,,,25.50,,,,,,,,,,
"       (2020 RA7)",0.969,0.1968,2.12,181.46,54.83,0.778,1.16,0.954,11,4,84,,,27.00,,,,,,,,,,
"       (2020 SP)",1.024,0.0358,7.09,349.74,67.17,0.987,1.06,1.04,171,3,32,,,27.10,,,,,,,,,,
"       (2020 SQ)",1.052,0.2109,3.85,177.01,277.04,0.831,1.27,1.08,567,2,52,,,27.26,,,,,,,,,,
"       (2020 SN4)",0.9429,0.2278,7.33,0.82,234.16,0.728,1.16,0.916,3,5,30,,,26.60,,,,,,,,,,
"       (2020 SP6)",2.262,0.5585,3.51,355.84,353.39,0.998,3.52,3.4,51,5,26,,,26.40,,,,,,,,,,
"       (2020 SX6)",1.267,0.2180,0.86,181.12,156.33,0.990,1.54,1.43,32,5,51,,,27.11,,,,,,,,,,
"       (2020 TE2)",0.9864,0.2143,1.58,349.09,139.59,0.775,1.20,0.98,13,5,54,,,26.25,,,,,,,,,,
"       (2020 UA3)",0.9079,0.2391,0.65,0.89,165.54,0.691,1.12,0.865,20,5,41,,,26.70,,,,,,,,,,
"       (2020 VV)",1.118,0.1187,0.35,19.68,332.64,0.985,1.25,1.18,61,5,79,,,27.28,,,,,,,,,,
"       (2020 VC1)",1.676,0.4139,3.68,220.85,202.02,0.982,2.37,2.17,58,5,46,,,25.50,,,,,,,,,,
"       (2020 VN1)",0.9804,0.0632,3.51,43.93,254.90,0.919,1.04,0.971,500,2,146,,,27.93,,,,,,,,,,
"       (2020 VA4)",0.9847,0.1428,0.37,350.93,303.68,0.844,1.13,0.977,1188,2,69,,,27.43,,,,,,,,,,
"       (2020 VP4)",0.9342,0.1277,3.49,233.69,309.11,0.815,1.05,0.903,9,5,106,,,27.60,,,,,,,,,,
"       (2020 VK6)",2.575,0.6356,1.97,80.38,18.39,0.938,4.21,4.13,119,5,100,,,25.50,,,,,,,,,,
"       (2020 WY)",1.02,0.0286,1.70,107.10,180.33,0.991,1.05,1.03,360,2,99,,,26.20,,,,,,,,,,
"       (2020 WQ3)",1.259,0.1922,3.02,57.31,16.61,1.017,1.50,1.41,91,5,69,,,25.80,,,,,,,,,,
"       (2020 WZ3)",1.045,0.1666,6.66,238.84,86.28,0.871,1.22,1.07,84,3,59,,,26.21,,,,,,,,,,
"       (2020 XF)",0.9149,0.0958,4.38,71.21,211.84,0.827,1.00,0.875,31,5,113,,,26.84,,,,,,,,,,
"       (2020 XH2)",0.9522,0.1921,1.04,218.25,101.32,0.769,1.14,0.929,9,5,32,,,27.10,,,,,,,,,,
"       (2020 XC4)",1.191,0.1726,6.53,79.46,344.68,0.985,1.40,1.3,28,5,72,,,26.00,,,,,,,,,,
"       (2020 XF4)",1.055,0.2247,2.99,85.82,83.78,0.818,1.29,1.08,11,5,69,,,27.57,,,,,,,,,,
"       (2020 YB3)",1.15,0.1274,2.61,104.01,327.70,1.004,1.30,1.23,48,5,39,,,26.76,,,,,,,,,,
"       (2020 YM3)",0.9673,0.1159,4.92,98.90,102.27,0.855,1.08,0.951,13,5,23,,,26.10,,,,,,,,,,
"       (2020 YE5)",1.64,0.4668,1.26,125.61,46.66,0.875,2.41,2.1,36,4,131,0,1,25.74,,,,1.113,,,,,,
"       (2021 AM2)",0.9752,0.0142,8.40,107.55,138.59,0.961,0.99,0.963,5,3,95,,,27.18,,,,,,,,,,
"       (2021 AA5)",1.188,0.2623,3.16,269.52,115.88,0.876,1.50,1.29,52,5,28,,,25.80,,,,,,,,,,
"       (2021 AP6)",1.379,0.2900,1.11,344.97,157.05,0.979,1.78,1.62,69,5,29,,,26.73,,,,,,,,,,
"       (2021 AE8)",1.109,0.0751,0.40,3.59,73.17,1.025,1.19,1.17,49,5,48,,,25.64,,,,,,,,,,
"       (2021 BA)",1.004,0.2307,12.45,117.00,98.71,0.772,1.24,1.01,727,1,61,,,26.00,,,,,,,,,,
"       (2021 BW1)",0.883,0.1872,0.89,97.80,220.51,0.718,1.05,0.83,47,5,29,,,26.50,,,,,,,,,,
"       (2021 DP2)",1.496,0.3241,2.06,15.84,159.45,1.011,1.98,1.83,61,5,57,,,26.32,,,,,,,,,,
"       (2021 ER)",0.8853,0.1545,5.52,162.03,214.16,0.749,1.02,0.833,34,5,81,,,27.03,,,,,,,,,,
"       (2021 EO2)",1.456,0.3312,0.14,209.65,356.23,0.974,1.94,1.76,126,5,41,,,27.87,,,,,,,,,,
"       (2021 EJ3)",0.9239,0.0854,1.60,4.23,326.87,0.845,1.00,0.888,10,4,77,,,27.72,,,,,,,,,,
"       (2021 EM3)",1.17,0.1248,2.04,109.85,68.64,1.024,1.32,1.27,64,5,45,,,26.53,,,,,,,,,,
"       (2021 EL4)",0.9171,0.2986,1.65,180.74,229.64,0.643,1.19,0.878,469,3,156,,,25.78,,,,0.1409,,,,,,
"       (2021 EM4)",1.084,0.1331,9.93,358.21,240.31,0.940,1.23,1.13,5,5,68,,,27.14,,,,0.0276,,,,,,
"       (2021 EZ4)",1.13,0.1053,3.10,2.41,247.25,1.011,1.25,1.2,175,4,54,,,26.16,,,,,,,,,,
"       (2021 FD1)",2.08,0.5320,3.15,21.09,196.51,0.974,3.19,3,1113,0,30,,,26.66,,,,,,,,,,
"       (2021 GB)",0.9824,0.0361,7.51,16.97,8.30,0.947,1.02,0.974,13,3,49,,,27.01,,,,,,,,,,
"       (2021 GK1)",1.091,0.0782,1.28,236.71,1.08,1.006,1.18,1.14,177,2,120,,,27.02,,,,,,,,,,
"       (2021 GV2)",1.346,0.3158,3.80,193.63,311.90,0.921,1.77,1.56,34,5,94,,,27.65,,,,,,,,,,
"       (2021 GQ10)",0.98,0.0590,11.90,204.04,242.73,0.922,1.04,0.97,6,4,105,,,26.60,,,,0.0053617,,,,,,
"       (2021 GS12)",0.9418,0.2353,2.48,227.64,204.93,0.720,1.16,0.914,25,4,20,,,25.60,,,,,,,,,,
"       (2021 GM26)",1.212,0.1290,4.76,202.17,61.83,1.055,1.37,1.33,72,5,33,,,25.72,,,,,,,,,,
"       (2021 HM)",1.801,0.4418,4.93,208.76,356.11,1.006,2.60,2.42,7,5,149,,,25.50,,,,,,,,,,
"       (2021 HO2)",0.9522,0.1046,11.65,207.89,137.32,0.853,1.05,0.929,2,5,23,,,27.90,,,,,,,,,,
"       (2021 JB)",0.931,0.2875,6.68,42.74,51.95,0.663,1.20,0.898,7,4,41,,,26.69,,,,,,,,,,
"       (2021 JF)",0.9579,0.1344,10.43,219.20,227.44,0.829,1.09,0.937,10,5,36,,,26.29,,,,,,,,,,
"       (2021 JY5)",1.04,0.0884,2.19,233.76,79.10,0.948,1.13,1.06,241,3,60,,,27.45,,,,,,,,,,
"       (2021 KX6)",1.176,0.0743,3.20,80.19,189.76,1.088,1.26,1.27,37,5,21,,,26.15,,,,,,,,,,
"       (2021 LK)",0.945,0.2142,7.20,76.67,300.22,0.743,1.15,0.919,18,4,25,,,26.75,,,,,,,,,,
"       (2021 LD6)",0.9885,0.0999,0.77,100.64,288.71,0.890,1.09,0.983,37,3,41,,,27.20,,,,,,,,,,
"       (2021 LV6)",1.427,0.2836,2.48,104.86,159.43,1.022,1.83,1.7,29,5,58,,,26.51,,,,,,,,,,
"       (2021 MU)",1.166,0.1768,1.20,266.78,306.87,0.960,1.37,1.26,29,5,38,,,27.40,,,,,,,,,,
"       (2021 PJ1)",1.211,0.3430,0.37,232.69,169.59,0.796,1.63,1.33,10,4,80,0,1,25.84,,,,,,,,,,
"       (2021 PR16)",1.111,0.0827,1.33,13.59,36.55,1.020,1.20,1.17,2601,0,41,,,26.53,,,,,,,,,,
"       (2021 QV1)",0.8652,0.4077,5.97,331.52,227.92,0.512,1.22,0.805,10,5,27,,,26.61,,,,,,,,,,
"       (2021 RH)",0.9554,0.0876,15.49,162.13,28.12,0.872,1.04,0.934,4,5,132,,,25.78,,,,,,,,,,
"       (2021 RX3)",1.215,0.1025,2.95,322.10,39.47,1.091,1.34,1.34,55,4,45,,,25.65,,,,,,,,,,
"       (2021 RZ3)",1.013,0.0534,1.67,343.03,243.28,0.959,1.07,1.02,30,4,58,,,27.33,,,,,,,,,,
"       (2021 RZ5)",1.032,0.0356,13.25,167.89,255.02,0.995,1.07,1.05,182,3,38,,,25.69,,,,,,,,,,
"       (2021 RR14)",1.065,0.0990,0.54,66.86,214.09,0.959,1.17,1.1,58,4,74,,,26.85,,,,,,,,,,
"       (2021 SF1)",1.172,0.1677,0.79,204.31,213.24,0.975,1.37,1.27,152,4,53,,,27.19,,,,,,,,,,
"       (2021 SM1)",1.424,0.3440,2.16,206.04,219.63,0.934,1.91,1.7,129,4,109,,,25.55,,,,,,,,,,
"       (2021 SU1)",0.8508,0.2494,1.11,349.93,223.56,0.639,1.06,0.785,64,5,62,,,26.57,,,,,,,,,,
"       (2021 SK5)",1.257,0.1689,2.71,200.33,201.64,1.045,1.47,1.41,60,5,44,,,26.82,,,,,,,,,,
"       (2021 TD1)",1.217,0.3534,2.35,203.30,78.13,0.787,1.65,1.34,37,5,58,,,26.01,,,,,,,,,,
"       (2021 TW2)",1.263,0.2141,4.13,18.11,13.58,0.993,1.53,1.42,108,4,56,,,25.74,,,,,,,,,,
"       (2021 TC4)",0.9856,0.0576,9.92,195.60,21.97,0.929,1.04,0.979,13,5,34,,,26.54,,,,,,,,,,
"       (2021 TO8)",0.891,0.1512,19.48,195.72,13.41,0.756,1.03,0.841,,5,14,,,27.89,,,,,,,,,,
"       (2021 UP)",1.564,0.4017,8.60,24.32,320.94,0.936,2.19,1.96,782,0,56,,,25.61,,,,,,,,,,
"       (2021 US1)",1.223,0.1956,1.29,220.98,203.09,0.984,1.46,1.35,74,3,181,,,27.70,,,,0.03307,,,,,,
"       (2021 UF4)",1.739,0.4354,0.42,53.35,11.71,0.982,2.50,2.29,48,5,112,,,27.07,,,,,,,,,,
"       (2021 UL7)",1.078,0.1139,0.68,19.63,118.17,0.955,1.20,1.12,220,3,90,,,25.81,,,,,,,,,,
"       (2021 UX8)",1.064,0.0965,11.72,47.03,76.14,0.961,1.17,1.1,190,3,36,,,25.77,,,,,,,,,,
"       (2021 UH9)",1.911,0.4862,2.52,74.83,352.55,0.982,2.84,2.64,68,5,40,,,25.75,,,,,,,,,,
"       (2021 VS5)",0.9206,0.2521,9.84,52.53,124.22,0.688,1.15,0.883,8,4,67,,,26.37,,,,,,,,,,
"       (2021 VF11)",1.191,0.1338,1.60,84.18,340.90,1.032,1.35,1.3,69,5,30,,,27.24,,,,,,,,,,
"       (2021 VX11)",0.9367,0.1643,2.50,36.03,249.45,0.783,1.09,0.907,18,5,53,,,26.20,,,,,,,,,,
"       (2021 WH2)",0.9463,0.1720,10.86,65.51,121.00,0.783,1.11,0.92,1,5,24,,,28.00,,,,,,,,,,
"       (2021 XP2)",1.78,0.4461,7.98,253.51,176.51,0.986,2.57,2.37,62,5,55,,,25.56,,,,,,,,,,
"       (2022 AE2)",1.235,0.2794,8.87,287.97,234.99,0.890,1.58,1.37,173,3,76,,,25.87,,,,,,,,,,
"       (2022 AT2)",1.453,0.3364,6.15,113.62,22.68,0.964,1.94,1.75,62,5,47,,,26.95,,,,,,,,,,
"       (2022 AP3)",1.337,0.2041,2.46,287.99,214.57,1.064,1.61,1.55,59,5,62,,,25.50,,,,,,,,,,
"       (2022 AG6)",1.418,0.2926,1.21,327.18,160.55,1.003,1.83,1.69,48,5,116,,,26.36,,,,,,,,,,
"       (2022 BL3)",1.433,0.2513,2.64,29.27,124.58,1.073,1.79,1.72,67,5,40,,,25.67,,,,,,,,,,
"       (2022 BP4)",0.9147,0.1667,13.78,310.41,308.43,0.762,1.07,0.875,2,5,66,,,27.75,,,,,,,,,,
"       (2022 BA6)",0.9021,0.1218,1.65,133.06,182.97,0.792,1.01,0.857,30,5,103,,,26.42,,,,,,,,,,
"       (2022 CD)",0.7244,0.6826,6.67,136.29,154.41,0.230,1.22,0.617,9,5,52,,,26.11,,,,,,,,,,
"       (2022 CE)",1.344,0.2796,2.73,132.67,335.07,0.968,1.72,1.56,11,5,58,,,27.95,,,,,,,,,,
"       (2022 CW)",2.006,0.5071,5.55,137.64,9.01,0.989,3.02,2.84,14,5,66,,,26.92,,,,,,,,,,
"       (2022 CA1)",0.9097,0.1518,0.50,39.48,319.01,0.772,1.05,0.868,32,5,90,,,27.31,,,,,,,,,,
"       (2022 CJ1)",1.092,0.0437,5.29,342.19,175.65,1.044,1.14,1.14,65,4,57,,,25.56,,,,,,,,,,
"       (2022 CV5)",1.169,0.1536,5.58,142.61,7.90,0.990,1.35,1.26,5,5,114,,,27.71,,,,0.054775,,,,,,
"       (2022 DJ1)",0.8727,0.1807,2.82,332.44,38.39,0.715,1.03,0.815,4,5,51,,,27.57,,,,,,,,,,
"       (2022 DK1)",0.9648,0.0529,12.21,342.20,5.40,0.914,1.02,0.948,13,4,111,,,26.05,,,,,,,,,,
"       (2022 DD2)",1.108,0.0659,2.43,3.66,130.71,1.035,1.18,1.17,37,5,42,,,26.66,,,,,,,,,,
"       (2022 DT4)",0.8281,0.3076,0.55,7.27,9.30,0.573,1.08,0.754,34,5,144,,,26.19,,,,,,,,,,
"       (2022 EV1)",0.9453,0.1832,12.62,346.60,306.54,0.772,1.12,0.919,8,5,96,,,26.06,,,,,,,,,,
"       (2022 EK4)",1.118,0.2290,7.71,355.01,252.84,0.862,1.37,1.18,270,3,67,,,26.46,,,,,,,,,,
"       (2022 EW4)",0.9259,0.2903,6.58,165.75,239.26,0.657,1.19,0.891,3,5,44,,,26.39,,,,,,,,,,
"       (2022 EL5)",0.9444,0.1093,1.55,10.72,308.33,0.841,1.05,0.918,33,5,99,,,27.11,,,,,,,,,,
"       (2022 ER5)",2.155,0.5699,10.18,177.66,38.51,0.927,3.38,3.16,9,5,95,0,1,25.73,,,,0.11581,,,,,,
"       (2022 FD)",1.051,0.0937,5.55,178.27,300.30,0.953,1.15,1.08,88,3,171,,,26.13,,,,0.0361959,,,,,,
"       (2022 FY)",0.8624,0.2355,7.44,183.67,143.68,0.659,1.07,0.801,3,5,98,,,27.87,,,,,,,,,,
"       (2022 FM2)",0.9702,0.0562,11.84,9.97,348.99,0.916,1.02,0.956,11,5,57,,,26.32,,,,,,,,,,
"       (2022 FA4)",0.9813,0.1684,8.67,18.88,40.79,0.816,1.15,0.972,14,5,52,,,25.71,,,,,,,,,,
"       (2022 GM1)",0.971,0.1603,2.84,18.70,46.24,0.815,1.13,0.957,39,5,60,,,25.66,,,,,,,,,,
"       (2022 GU3)",1.798,0.4584,5.15,35.49,204.31,0.974,2.62,2.41,26,5,111,,,25.63,,,,,,,,,,
"       (2022 HG1)",0.9066,0.3159,9.61,211.62,228.57,0.620,1.19,0.863,9,5,45,,,26.59,,,,,,,,,,
"       (2022 HL2)",0.9844,0.1229,11.01,41.26,297.80,0.863,1.11,0.977,10,5,45,,,26.07,,,,,,,,,,
"       (2022 HY3)",2.022,0.5025,1.00,46.67,186.11,1.006,3.04,2.88,7,5,83,,,27.87,,,,,,,,,,
"       (2022 JQ1)",1.01,0.0658,8.94,61.53,56.91,0.943,1.08,1.01,398,1,66,,,26.21,,,,,,,,,,
"       (2022 KC3)",1.265,0.2267,0.76,344.49,307.29,0.978,1.55,1.42,155,5,33,,,26.62,,,,,,,,,,
"       (2022 LV)",1.152,0.1506,0.83,267.76,48.28,0.978,1.33,1.24,24,2,73,5,1,25.93,,,,0.05149,,,,,,
"       (2022 LW)",0.9356,0.1798,2.66,197.01,242.82,0.767,1.10,0.905,51,5,26,,,25.59,,,,,,,,,,
"       (2022 MP2)",0.9848,0.1851,1.07,163.01,351.33,0.803,1.17,0.977,10,5,46,,,26.02,,,,,,,,,,
"       (2022 ML3)",0.9727,0.0782,1.15,307.58,133.61,0.897,1.05,0.959,36,4,36,,,27.32,,,,,,,,,,
"       (2022 NJ)",1.846,0.4657,7.56,114.38,204.63,0.986,2.71,2.51,26,3,50,1,1,25.93,,,,,,,,,,
"       (2022 NR)",1.316,0.2681,11.10,107.30,221.69,0.963,1.67,1.51,10,3,161,2,2,25.85,,,,0.068406,,,,,,
"       (2022 OR1)",1.189,0.1758,4.09,114.39,137.97,0.980,1.40,1.3,33,5,22,,,27.96,,,,,,,,,,
"       (2022 OW1)",1.339,0.1992,3.14,151.61,183.68,1.072,1.61,1.55,63,5,47,,,25.93,,,,,,,,,,
"       (2022 OH2)",1.091,0.1407,0.35,324.82,58.61,0.937,1.24,1.14,12,5,43,,,27.39,,,,,,,,,,
"       (2022 PC2)",1.054,0.1095,3.01,312.33,283.84,0.938,1.17,1.08,17,5,56,,,27.05,,,,,,,,,,
"       (2022 QT5)",1.01,0.3243,4.82,330.33,249.88,0.682,1.34,1.01,32,5,65,,,25.84,,,,,,,,,,
"       (2022 QP31)",0.9696,0.1685,4.77,338.97,240.37,0.806,1.13,0.955,23,4,82,,,26.53,,,,,,,,,,
"       (2022 RG)",1.073,0.1065,4.55,156.49,296.45,0.958,1.19,1.11,203,4,72,,,25.61,,,,,,,,,,
"       (2022 RS1)",1.02,0.0659,4.95,160.41,92.70,0.953,1.09,1.03,2,5,33,,,27.82,,,,,,,,,,
"       (2022 RW3)",1.028,0.0040,3.09,150.73,46.97,1.024,1.03,1.04,24,5,27,,,26.82,,,,,,,,,,
"       (2022 SE6)",0.8768,0.1576,6.22,359.62,163.58,0.739,1.01,0.821,27,5,88,,,25.81,,,,,,,,,,
"       (2022 SY10)",0.9444,0.1289,3.05,190.24,318.41,0.823,1.07,0.918,28,5,53,,,26.87,,,,,,,,,,
"       (2022 SK21)",1.317,0.1831,2.87,197.99,192.29,1.076,1.56,1.51,84,5,53,,,25.60,,,,,,,,,,
"       (2022 SD29)",1.028,0.1143,4.17,353.84,266.81,0.910,1.14,1.04,58,3,24,,,26.48,,,,,,,,,,
"       (2022 ST124)",1.089,0.0548,1.42,163.30,187.70,1.029,1.15,1.14,2927,0,48,,,25.58,,,,,,,,,,
"       (2022 TD)",1.003,0.3219,7.60,11.60,109.46,0.680,1.33,1,368,1,83,,,27.73,,,,,,,,,,
"       (2022 UA1)",0.9675,0.0984,3.08,204.77,351.26,0.872,1.06,0.952,53,4,51,,,25.61,,,,,,,,,,
"       (2022 UC1)",2.03,0.5080,0.13,223.09,167.63,0.999,3.06,2.89,15,5,111,,,26.41,,,,,,,,,,
"       (2022 UV5)",1.01,0.1633,9.77,207.99,284.21,0.845,1.18,1.02,364,2,21,,,25.67,,,,,,,,,,
"       (2022 UY5)",2.403,0.5858,1.32,212.62,180.43,0.995,3.81,3.72,8,5,35,,,27.26,,,,,,,,,,
"       (2022 UU8)",1.011,0.1124,6.45,35.37,88.97,0.897,1.12,1.02,7,4,44,,,27.97,,,,,,,,,,
"       (2022 VF)",1.065,0.2011,1.33,225.43,90.76,0.851,1.28,1.1,18,5,98,,,27.87,,,,,,,,,,
"       (2022 VM2)",1.32,0.2391,4.12,227.63,194.12,1.004,1.64,1.52,51,5,81,,,25.75,,,,,,,,,,
"       (2022 VT2)",1.897,0.4828,1.73,249.79,185.72,0.981,2.81,2.61,74,5,89,0,1,26.27,,,,,,,,,,
"       (2022 WE1)",0.9547,0.0900,7.31,237.65,42.08,0.869,1.04,0.933,12,5,50,,,27.20,,,,,,,,,,
"       (2022 WA10)",0.8659,0.4111,1.40,73.90,213.42,0.510,1.22,0.806,7,5,20,,,26.45,,,,,,,,,,
"       (2022 WH18)",1.39,0.2664,2.20,237.89,208.10,1.020,1.76,1.64,80,5,29,,,25.89,,,,,,,,,,
"       (2022 YG)",1.001,0.1961,2.36,274.09,271.67,0.805,1.20,1,364,2,52,,,26.70,,,,,,,,,,
"       (2022 YK4)",1.139,0.1418,1.63,273.22,252.20,0.978,1.30,1.22,172,4,26,,,25.76,,,,,,,,,,
"       (2022 YL4)",0.937,0.0724,1.60,271.20,342.78,0.869,1.00,0.907,20,5,50,,,27.64,,,,,,,,,,
"       (2023 AW)",0.9883,0.2652,3.12,268.69,86.59,0.726,1.25,0.983,369,2,30,,,25.68,,,,,,,,,,
"       (2023 AE1)",0.9312,0.1727,4.88,118.82,122.17,0.770,1.09,0.899,7,5,61,,,27.15,,,,,,,,,,
"       (2023 CU)",1.01,0.1647,0.93,338.16,69.71,0.844,1.18,1.02,6,5,106,,,27.23,,,,,,,,,,
"       (2023 CW1)",1.27,0.1874,4.85,320.46,201.81,1.032,1.51,1.43,58,5,61,,,25.63,,,,,,,,,,
"       (2023 CP2)",1.078,0.0793,9.26,325.85,166.90,0.992,1.16,1.12,11,5,63,,,27.96,,,,,,,,,,
"       (2023 CX2)",1.073,0.0844,1.39,111.93,81.25,0.982,1.16,1.11,204,4,39,,,27.48,,,,,,,,,,
"       (2023 DA)",1.016,0.1796,1.84,349.80,259.20,0.834,1.20,1.02,10,5,87,,,26.42,,,,,,,,,,
"       (2023 DH1)",0.9314,0.2476,3.54,150.40,248.10,0.701,1.16,0.899,14,5,74,,,26.72,,,,,,,,,,
"       (2023 EB)",1.247,0.3049,0.19,187.85,263.85,0.867,1.63,1.39,45,5,60,,,26.20,,,,,,,,,,
"       (2023 EF)",0.9933,0.1810,4.67,346.13,58.50,0.814,1.17,0.99,381,2,37,,,26.20,,,,,,,,,,
"       (2023 EY)",1.832,0.4710,2.73,174.47,25.32,0.969,2.69,2.48,5,5,183,,,26.81,,,,,,,,,,
"       (2023 FN13)",0.9984,0.1342,2.17,201.81,103.13,0.865,1.13,0.998,376,1,76,,,27.22,,,,,,,,,,
"       (2023 FW13)",1,0.1775,2.75,70.24,354.58,0.823,1.18,1,4317,0,47,,,26.01,,,,,,,,,,
"       (2023 GM1)",1.061,0.1935,2.59,199.41,92.25,0.855,1.27,1.09,2,5,49,,,27.26,,,,,,,,,,
"       (2023 HL)",1.059,0.0259,1.26,80.08,193.18,1.031,1.09,1.09,121,4,51,,,26.95,,,,,,,,,,
"       (2023 HG1)",1.068,0.0886,2.21,200.38,81.27,0.973,1.16,1.1,44,5,37,,,26.33,,,,,,,,,,
"       (2023 HG3)",0.8812,0.3986,1.81,13.59,60.41,0.530,1.23,0.827,6,5,30,,,26.63,,,,,,,,,,
"       (2023 HM4)",1.011,0.0487,1.54,68.22,34.28,0.962,1.06,1.02,86,2,102,,,27.69,,,,,,,,,,
"       (2023 JT)",0.9264,0.1700,14.84,228.52,221.06,0.769,1.08,0.892,12,4,52,,,25.71,,,,,,,,,,
"       (2023 KX3)",0.9761,0.1094,3.11,68.07,60.69,0.869,1.08,0.964,21,3,80,,,25.77,,,,,,,,,,
"       (2023 LG2)",0.9697,0.0778,3.81,90.04,328.40,0.894,1.05,0.955,16,5,70,,,25.75,,,,,,,,,,
"       (2023 MC)",0.8941,0.3931,1.68,246.66,243.97,0.543,1.25,0.845,11,5,62,,,25.65,,,,,,,,,,
"       (2023 NK)",0.9398,0.1194,4.02,106.30,34.49,0.828,1.05,0.911,5,5,52,,,27.16,,,,,,,,,,
"       (2023 NG1)",1.135,0.1182,5.25,282.56,326.81,1.001,1.27,1.21,67,4,92,,,26.35,,,,,,,,,,
"       (2023 OU)",0.9733,0.2020,4.08,116.24,297.44,0.777,1.17,0.96,12,5,21,,,26.09,,,,,,,,,,
"       (2023 OE5)",1.024,0.1250,1.72,139.55,274.27,0.896,1.15,1.04,21,4,94,,,26.34,,,,,,,,,,
"       (2023 QE)",0.9604,0.0859,12.68,146.97,335.67,0.878,1.04,0.941,2,5,36,,,27.39,,,,,,,,,,
"       (2023 RF1)",1.036,0.2040,1.62,345.84,261.65,0.824,1.25,1.05,31,5,218,,,25.87,,,,,,,,,,
"       (2023 RK10)",1.105,0.0393,1.97,252.57,62.75,1.062,1.15,1.16,2689,0,44,,,26.29,,,,,,,,,,
"       (2023 RD15)",0.9743,0.1849,2.23,158.09,312.98,0.794,1.15,0.962,3,4,23,,,26.89,,,,,,,,,,
"       (2023 RO16)",1.031,0.0226,3.18,168.31,35.48,1.007,1.05,1.05,184,2,19,,,27.86,,,,,,,,,,
"       (2023 SW)",0.9251,0.3650,14.56,177.27,304.29,0.587,1.26,0.89,8,5,53,,,26.97,,,,,,,,,,
"       (2023 SE4)",0.9472,0.1540,6.02,183.16,304.77,0.801,1.09,0.922,4,5,21,,,26.98,,,,,,,,,,
"       (2023 SO11)",0.9706,0.0892,2.87,31.07,113.30,0.884,1.06,0.956,44,2,111,,,26.74,,,,,,,,,,
"       (2023 TC)",1.182,0.1814,12.12,10.25,41.80,0.967,1.40,1.28,2,3,109,1,1,26.49,,,,,,,,,,
"       (2023 TD)",0.961,0.2880,2.42,9.86,115.90,0.684,1.24,0.942,1,5,62,,,27.10,,,,,,,,,,
"       (2023 TW2)",1.077,0.0917,1.13,340.81,278.55,0.978,1.18,1.12,35,5,38,,,26.30,,,,,,,,,,
"       (2023 TZ2)",1.34,0.2326,2.49,15.02,45.66,1.028,1.65,1.55,66,5,49,,,25.89,,,,,,,,,,
"       (2023 TM3)",0.749,0.4860,0.54,203.32,324.83,0.385,1.11,0.648,2,5,82,,,26.94,,,,,,,,,,
"       (2023 TN3)",1.058,0.0907,4.23,17.49,293.21,0.962,1.15,1.09,15,5,63,,,27.51,,,,,,,,,,
"       (2023 TB7)",1.046,0.1327,5.12,211.00,277.25,0.907,1.18,1.07,30,5,82,,,25.55,,,,,,,,,,
"       (2023 TC7)",0.9626,0.1569,10.49,20.41,114.11,0.812,1.11,0.944,4,4,115,,,26.89,,,,,,,,,,
"       (2023 TG14)",1.004,0.2144,4.42,35.97,95.68,0.789,1.22,1.01,10,5,52,,,25.84,,,,,,,,,,
"       (2023 TK15)",1.366,0.6734,9.76,26.64,111.42,0.446,2.29,1.6,5,5,72,0,1,25.89,,,,,,,,,,
"       (2023 UG)",0.972,0.1484,2.84,355.22,249.89,0.828,1.12,0.958,24,5,17,,,26.57,,,,,,,,,,
"       (2023 UN)",2.067,0.5560,8.88,206.62,219.10,0.918,3.22,2.97,11,4,66,1,1,26.08,,,,,,,,,,
"       (2023 UZ2)",1.012,0.0993,4.03,218.28,58.95,0.911,1.11,1.02,2,5,16,,,26.88,,,,,,,,,,
"       (2023 UG4)",0.9374,0.1527,0.49,95.06,69.86,0.794,1.08,0.908,20,5,43,,,26.45,,,,,,,,,,
"       (2023 VH6)",1.584,0.3942,5.08,246.17,204.40,0.959,2.21,1.99,72,5,66,,,25.60,,,,,,,,,,
"       (2023 XE3)",1.084,0.0947,1.04,226.24,154.89,0.982,1.19,1.13,61,4,92,,,27.53,,,,,,,,,,
"       (2023 XH27)",1.438,0.2734,2.82,82.48,10.24,1.045,1.83,1.72,68,5,25,,,25.81,,,,,,,,,,
"       (2023 YT)",0.952,0.0512,8.04,270.86,335.88,0.903,1.00,0.929,8,5,44,,,26.22,,,,,,,,,,
"       (2023 YO1)",1.017,0.0531,4.45,291.59,233.28,0.963,1.07,1.03,19,4,38,,,25.89,,,,,,,,,,
"       (2024 AV)",0.9536,0.1120,1.24,174.80,156.61,0.847,1.06,0.931,13,5,28,,,26.53,,,,,,,,,,
"       (2024 AV2)",1.003,0.2536,5.70,101.96,257.54,0.749,1.26,1,716,1,41,,,26.62,,,,,,,,,,
"       (2024 BJ)",1.384,0.2927,7.94,126.29,14.79,0.979,1.79,1.63,15,4,84,,,26.27,,,,,,,,,,
"       (2024 BR2)",0.8691,0.1619,2.68,119.63,212.47,0.728,1.01,0.81,5,5,89,,,27.08,,,,,,,,,,
"       (2024 BD4)",0.9251,0.0681,1.46,301.59,29.12,0.862,0.99,0.89,21,5,71,,,26.52,,,,,,,,,,
"       (2024 BY15)",1.042,0.0430,0.11,37.37,126.03,0.997,1.09,1.06,49,5,21,,,26.72,,,,,,,,,,
"       (2024 EZ3)",0.946,0.1630,7.79,356.67,305.82,0.792,1.10,0.92,16,5,79,,,25.75,,,,,,,,,,
"       (2024 ER4)",0.8538,0.2907,2.35,177.47,137.00,0.606,1.10,0.789,2,5,47,,,27.39,,,,,,,,,,
"       (2024 FQ)",1.335,0.2623,2.03,32.16,103.17,0.985,1.69,1.54,126,5,20,,,25.50,,,,,,,,,,
"       (2024 FK1)",0.9359,0.1586,11.12,181.03,125.46,0.787,1.08,0.905,5,4,67,,,26.14,,,,,,,,,,
"       (2024 GE2)",0.97,0.1558,4.37,25.34,60.03,0.819,1.12,0.955,3,4,29,,,27.95,,,,,,,,,,
"       (2024 GU3)",0.9463,0.0874,14.71,201.16,167.43,0.864,1.03,0.921,1,5,52,,,25.79,,,,,,,,,,
