,packed_number,year,obs
425000075,~0Kc2,2010,G96
425000076,~0Kc2,2010,G96
425000077,~0Kc2,2010,G96
425000078,~0Kc2,2010,G96
425000079,~0Kc2,2011,G96
425000080,~0Kc2,2011,G96
425000081,~0Kc2,2011,G96
425000082,~0Kc2,2011,G96
425000364,~0Kc5,2007,G96
425000365,~0Kc5,2007,G96
425000366,~0Kc5,2007,G96
425000367,~0Kc5,2007,G96
425000368,~0Kc5,2010,G96
425000369,~0Kc5,2010,G96
425000370,~0Kc5,2010,G96
425000371,~0Kc5,2010,G96
425000372,~0Kc5,2010,G96
425000373,~0Kc5,2010,G96
425000374,~0Kc5,2010,G96
425000375,~0Kc5,2010,G96
425000500,~0Kc6,2010,G96
425000501,~0Kc6,2010,G96
425000502,~0Kc6,2010,G96
425000503,~0Kc6,2010,G96
425000602,~0Kc7,2010,G96
425000603,~0Kc7,2010,G96
425000604,~0Kc7,2010,G96
425000605,~0Kc7,2010,G96
425000606,~0Kc7,2010,G96
425000607,~0Kc7,2010,G96
425000608,~0Kc7,2010,G96
425000692,~0Kc8,2008,G96
425000693,~0Kc8,2008,G96
425000694,~0Kc8,2008,G96
425000695,~0Kc8,2008,G96
425000696,~0Kc8,2010,G96
425000697,~0Kc8,2010,G96
425000698,~0Kc8,2010,G96
425000699,~0Kc8,2010,G96
425000807,~0KcA,2010,G96
425000808,~0KcA,2010,G96
425000809,~0KcA,2010,G96
425000810,~0KcA,2010,G96
425000875,~0KcB,2008,G96
425000876,~0KcB,2008,G96
425000877,~0KcB,2008,G96
425000878,~0KcB,2008,G96
425000879,~0KcB,2010,G96
425000880,~0KcB,2010,G96
425000881,~0KcB,2010,G96
425000882,~0KcB,2010,G96
425001116,~0KcE,2008,G96
425001117,~0KcE,2008,G96
425001118,~0KcE,2008,G96
425001119,~0KcE,2008,G96
425001120,~0KcE,2010,G96
425001121,~0KcE,2010,G96
425001122,~0KcE,2010,G96
425001123,~0KcE,2010,G96
425001323,~0KcH,2010,G96
425001324,~0KcH,2010,G96
425001325,~0KcH,2010,G96
425001326,~0KcH,2010,G96
425001327,~0KcH,2012,G96
425001328,~0KcH,2012,G96
425001329,~0KcH,2012,G96
425001330,~0KcH,2012,G96
425001445,~0KcI,2005,G96
425001446,~0KcI,2005,G96
425001447,~0KcI,2005,G96
425001448,~0KcI,2005,G96
425001576,~0KcJ,2005,G96
425001577,~0KcJ,2005,G96
425001578,~0KcJ,2005,G96
425001579,~0KcJ,2005,G96
425001580,~0KcJ,2010,G96
425001581,~0KcJ,2010,G96
425001582,~0KcJ,2010,G96
425001770,~0KcL,2008,G96
425001771,~0KcL,2008,G96
425001772,~0KcL,2008,G96
425001773,~0KcL,2008,G96
425001836,~0KcM,2012,G96
425001837,~0KcM,2012,G96
425001838,~0KcM,2012,G96
425001839,~0KcM,2012,G96
425002009,~0KcO,2010,G96
425002010,~0KcO,2010,G96
425002011,~0KcO,2010,G96
425002012,~0KcO,2010,G96
425002082,~0KcP,2009,G96
425002083,~0KcP,2009,G96
425002084,~0KcP,2009,G96
425002085,~0KcP,2009,G96
425002217,~0KcR,2010,G96
425002218,~0KcR,2010,G96
425002219,~0KcR,2010,G96
425002286,~0KcS,2009,G96
425002287,~0KcS,2009,G96
425002288,~0KcS,2009,G96
425002289,~0KcS,2009,G96
425002352,~0KcT,2012,G96
425002353,~0KcT,2012,G96
425002354,~0KcT,2012,G96
425002355,~0KcT,2012,G96
425002407,~0KcU,2008,G96
425002408,~0KcU,2008,G96
425002409,~0KcU,2008,G96
425002410,~0KcU,2008,G96
425002466,~0KcV,2010,G96
425002467,~0KcV,2010,G96
425002468,~0KcV,2010,G96
425002541,~0KcW,2008,G96
425002542,~0KcW,2008,G96
425002543,~0KcW,2008,G96
425002544,~0KcW,2008,G96
425002545,~0KcW,2010,G96
425002546,~0KcW,2010,G96
425002547,~0KcW,2010,G96
425002548,~0KcW,2010,G96
425002619,~0KcX,2010,G96
425002620,~0KcX,2010,G96
425002621,~0KcX,2010,G96
425002622,~0KcX,2010,G96
425002830,~0KcZ,2010,G96
425002831,~0KcZ,2010,G96
425002832,~0KcZ,2010,G96
425002833,~0KcZ,2010,G96
425002885,~0Kca,2005,G96
425002886,~0Kca,2005,G96
425002887,~0Kca,2005,G96
425002888,~0Kca,2005,G96
425002889,~0Kca,2008,G96
425002890,~0Kca,2008,G96
425002891,~0Kca,2008,G96
425002892,~0Kca,2008,G96
425003091,~0Kcd,2010,G96
425003092,~0Kcd,2010,G96
425003093,~0Kcd,2010,G96
425003094,~0Kcd,2010,G96
425003161,~0Kce,2010,G96
425003162,~0Kce,2010,G96
425003163,~0Kce,2010,G96
425003164,~0Kce,2010,G96
425003313,~0Kcg,2010,G96
425003314,~0Kcg,2010,G96
425003315,~0Kcg,2010,G96
425003316,~0Kcg,2010,G96
425003383,~0Kch,2010,G96
425003384,~0Kch,2010,G96
425003385,~0Kch,2010,G96
425003386,~0Kch,2010,G96
425003387,~0Kch,2012,G96
425003388,~0Kch,2012,G96
425003389,~0Kch,2012,G96
425003390,~0Kch,2012,G96
425003444,~0Kci,2008,G96
425003445,~0Kci,2008,G96
425003446,~0Kci,2008,G96
425003447,~0Kci,2008,G96
425003448,~0Kci,2010,G96
425003449,~0Kci,2010,G96
425003450,~0Kci,2010,G96
425003451,~0Kci,2010,G96
425003452,~0Kci,2010,G96
425003453,~0Kci,2010,G96
425003454,~0Kci,2010,G96
425003455,~0Kci,2010,G96
425003543,~0Kcj,2009,G96
425003544,~0Kcj,2009,G96
425003545,~0Kcj,2009,G96
425003546,~0Kcj,2009,G96
425003605,~0Kck,2008,G96
425003606,~0Kck,2008,G96
425003607,~0Kck,2008,G96
425003608,~0Kck,2008,G96
425003661,~0Kcl,2008,G96
425003662,~0Kcl,2008,G96
425003663,~0Kcl,2008,G96
425003664,~0Kcl,2008,G96
425003665,~0Kcl,2011,G96
425003666,~0Kcl,2011,G96
425003667,~0Kcl,2011,G96
425003668,~0Kcl,2011,G96
425003723,~0Kcm,2005,G96
425003724,~0Kcm,2005,G96
425003725,~0Kcm,2005,G96
425003726,~0Kcm,2005,G96
425003727,~0Kcm,2008,G96
425003728,~0Kcm,2008,G96
425003729,~0Kcm,2008,G96
425003730,~0Kcm,2008,G96
425003731,~0Kcm,2008,G96
425003732,~0Kcm,2008,G96
425003733,~0Kcm,2008,G96
425003734,~0Kcm,2008,G96
425003735,~0Kcm,2008,G96
425003736,~0Kcm,2008,G96
425003737,~0Kcm,2008,G96
425003738,~0Kcm,2008,G96
425004051,~0Kcq,2008,G96
425004052,~0Kcq,2008,G96
425004053,~0Kcq,2008,G96
425004054,~0Kcq,2008,G96
425004055,~0Kcq,2008,G96
425004056,~0Kcq,2008,G96
425004057,~0Kcq,2008,G96
425004119,~0Kcr,2007,G96
425004120,~0Kcr,2007,G96
425004121,~0Kcr,2007,G96
425004122,~0Kcr,2007,G96
425004123,~0Kcr,2010,G96
425004124,~0Kcr,2010,G96
425004125,~0Kcr,2010,G96
425004126,~0Kcr,2010,G96
425004293,~0Kct,2009,G96
425004294,~0Kct,2009,G96
425004295,~0Kct,2009,G96
425004296,~0Kct,2009,G96
425004350,~0Kcu,2010,G96
425004351,~0Kcu,2010,G96
425004352,~0Kcu,2010,G96
425004353,~0Kcu,2010,G96
425004428,~0Kcv,2010,G96
425004429,~0Kcv,2010,G96
425004430,~0Kcv,2010,G96
425004431,~0Kcv,2010,G96
425004518,~0Kcw,2010,G96
425004519,~0Kcw,2010,G96
425004520,~0Kcw,2010,G96
425004521,~0Kcw,2010,G96
425004629,~0Kcx,2012,G96
425004630,~0Kcx,2012,G96
425004631,~0Kcx,2012,G96
425004632,~0Kcx,2012,G96
425004698,~0Kcy,2010,G96
425004699,~0Kcy,2010,G96
425004700,~0Kcy,2010,G96
425004701,~0Kcy,2010,G96
425004847,~0Kd0,2009,G96
425004848,~0Kd0,2009,G96
425004849,~0Kd0,2009,G96
425004850,~0Kd0,2009,G96
425005092,~0Kd3,2008,G96
425005093,~0Kd3,2008,G96
425005094,~0Kd3,2008,G96
425005095,~0Kd3,2008,G96
425005099,~0Kd3,2011,G96
425005100,~0Kd3,2011,G96
425005101,~0Kd3,2011,G96
425005102,~0Kd3,2011,G96
425005157,~0Kd4,2010,G96
425005158,~0Kd4,2010,G96
425005159,~0Kd4,2010,G96
425005160,~0Kd4,2010,G96
425005161,~0Kd4,2011,G96
425005162,~0Kd4,2011,G96
425005163,~0Kd4,2011,G96
425005164,~0Kd4,2011,G96
425005778,~0KdB,2008,G96
425005779,~0KdB,2008,G96
425005780,~0KdB,2008,G96
425005781,~0KdB,2008,G96
425005782,~0KdB,2010,G96
425005783,~0KdB,2010,G96
425005784,~0KdB,2010,G96
425005785,~0KdB,2010,G96
425006002,~0KdD,2005,G96
425006003,~0KdD,2005,G96
425006004,~0KdD,2005,G96
425006005,~0KdD,2005,G96
425006107,~0KdE,2009,G96
425006108,~0KdE,2009,G96
425006109,~0KdE,2009,G96
425006110,~0KdE,2009,G96
425006206,~0KdF,2007,G96
425006207,~0KdF,2007,G96
425006208,~0KdF,2007,G96
425006209,~0KdF,2007,G96
425006210,~0KdF,2010,G96
425006211,~0KdF,2010,G96
425006212,~0KdF,2010,G96
425006213,~0KdF,2010,G96
425006282,~0KdG,2009,G96
425006283,~0KdG,2009,G96
425006284,~0KdG,2009,G96
425006285,~0KdG,2009,G96
425006286,~0KdG,2009,G96
425006287,~0KdG,2009,G96
425006288,~0KdG,2009,G96
425006289,~0KdG,2009,G96
425006290,~0KdG,2011,G96
425006291,~0KdG,2011,G96
425006292,~0KdG,2011,G96
425006293,~0KdG,2011,G96
425006420,~0KdH,2010,G96
425006421,~0KdH,2010,G96
425006422,~0KdH,2010,G96
425006520,~0KdI,2009,G96
425006521,~0KdI,2009,G96
425006522,~0KdI,2009,G96
425006772,~0KdK,2007,G96
425006773,~0KdK,2007,G96
425006774,~0KdK,2007,G96
425006775,~0KdK,2007,G96
425006776,~0KdK,2007,G96
425006777,~0KdK,2007,G96
425006778,~0KdK,2007,G96
425006779,~0KdK,2007,G96
425006801,~0KdK,2011,G96
425006802,~0KdK,2011,G96
425006803,~0KdK,2011,G96
425006804,~0KdK,2011,G96
425006868,~0KdL,2008,G96
425006869,~0KdL,2008,G96
425006870,~0KdL,2008,G96
425006871,~0KdL,2008,G96
425006872,~0KdL,2010,G96
425006873,~0KdL,2010,G96
425006874,~0KdL,2010,G96
425006875,~0KdL,2010,G96
425006876,~0KdL,2010,G96
425006877,~0KdL,2010,G96
425006878,~0KdL,2010,G96
425006879,~0KdL,2010,G96
425006880,~0KdL,2012,G96
425006881,~0KdL,2012,G96
425006882,~0KdL,2012,G96
425006883,~0KdL,2012,G96
425007045,~0KdM,2008,G96
425007046,~0KdM,2008,G96
425007047,~0KdM,2008,G96
425007048,~0KdM,2008,G96
425007049,~0KdM,2011,703
425007050,~0KdM,2011,703
425007051,~0KdM,2011,703
425007052,~0KdM,2011,703
425007178,~0KdN,2008,G96
425007179,~0KdN,2008,G96
425007180,~0KdN,2008,G96
425007181,~0KdN,2008,G96
425007186,~0KdN,2011,G96
425007187,~0KdN,2011,G96
425007188,~0KdN,2011,G96
425007189,~0KdN,2011,G96
425007378,~0KdP,2005,G96
425007379,~0KdP,2005,G96
425007380,~0KdP,2005,G96
425007381,~0KdP,2005,G96
425007635,~0KdS,2010,G96
425007636,~0KdS,2010,G96
425007637,~0KdS,2010,G96
425007638,~0KdS,2010,G96
425007642,~0KdS,2012,G96
425007643,~0KdS,2012,G96
425007644,~0KdS,2012,G96
425007645,~0KdS,2012,G96
425007811,~0KdT,2008,G96
425007812,~0KdT,2008,G96
425007813,~0KdT,2008,G96
425007814,~0KdT,2008,G96
425007815,~0KdT,2009,G96
425007816,~0KdT,2009,G96
425007817,~0KdT,2009,G96
425007818,~0KdT,2009,G96
425007819,~0KdT,2011,G96
425007820,~0KdT,2011,G96
425007821,~0KdT,2011,G96
425007822,~0KdT,2011,G96
425007823,~0KdT,2011,G96
425007824,~0KdT,2011,G96
425007825,~0KdT,2011,G96
425007826,~0KdT,2011,G96
425007988,~0KdV,2007,G96
425007989,~0KdV,2007,G96
425007990,~0KdV,2007,G96
425007991,~0KdV,2007,G96
425007992,~0KdV,2011,G96
425007993,~0KdV,2011,G96
425007994,~0KdV,2011,G96
425007995,~0KdV,2011,G96
425008152,~0KdX,2008,G96
425008153,~0KdX,2008,G96
425008154,~0KdX,2008,G96
425008155,~0KdX,2008,G96
425008240,~0KdY,2007,G96
425008241,~0KdY,2007,G96
425008242,~0KdY,2007,G96
425008243,~0KdY,2007,G96
425008244,~0KdY,2008,G96
425008245,~0KdY,2008,G96
425008246,~0KdY,2008,G96
425008247,~0KdY,2008,G96
425008420,~0Kda,2009,G96
425008421,~0Kda,2009,G96
425008422,~0Kda,2009,G96
425008423,~0Kda,2011,G96
425008424,~0Kda,2011,G96
425008425,~0Kda,2011,G96
425008426,~0Kda,2011,G96
425008492,~0Kdb,2009,G96
425008493,~0Kdb,2009,G96
425008494,~0Kdb,2009,G96
425008495,~0Kdb,2009,G96
425008496,~0Kdb,2009,G96
425008497,~0Kdb,2009,G96
425008498,~0Kdb,2009,G96
425008499,~0Kdb,2009,G96
425008833,~0Kde,2008,G96
425008834,~0Kde,2008,G96
425008835,~0Kde,2008,G96
425008836,~0Kde,2008,G96
425008912,~0Kdf,2005,G96
425008913,~0Kdf,2005,G96
425008914,~0Kdf,2005,G96
425008915,~0Kdf,2005,G96
425008916,~0Kdf,2007,G96
425008917,~0Kdf,2007,G96
425008918,~0Kdf,2007,G96
425008919,~0Kdf,2007,G96
425009073,~0Kdg,2009,G96
425009074,~0Kdg,2009,G96
425009075,~0Kdg,2009,G96
425009076,~0Kdg,2009,G96
425009077,~0Kdg,2009,G96
425009078,~0Kdg,2009,G96
425009079,~0Kdg,2009,G96
425009080,~0Kdg,2009,G96
425009081,~0Kdg,2012,G96
425009082,~0Kdg,2012,G96
425009083,~0Kdg,2012,G96
425009084,~0Kdg,2012,G96
425009085,~0Kdg,2012,G96
425009086,~0Kdg,2012,G96
425009087,~0Kdg,2012,G96
425009088,~0Kdg,2012,G96
425009089,~0Kdg,2012,G96
425009090,~0Kdg,2012,G96
425009091,~0Kdg,2012,G96
425009092,~0Kdg,2012,G96
425009194,~0Kdh,2009,G96
425009195,~0Kdh,2009,G96
425009196,~0Kdh,2009,G96
425009197,~0Kdh,2009,G96
425009325,~0Kdj,2006,G96
425009326,~0Kdj,2006,G96
425009327,~0Kdj,2006,G96
425009328,~0Kdj,2006,G96
425009329,~0Kdj,2009,G96
425009330,~0Kdj,2009,G96
425009331,~0Kdj,2009,G96
425009332,~0Kdj,2009,G96
425009333,~0Kdj,2010,G96
425009334,~0Kdj,2010,G96
425009335,~0Kdj,2010,G96
425009336,~0Kdj,2010,G96
425009401,~0Kdk,2008,G96
425009402,~0Kdk,2008,G96
425009403,~0Kdk,2008,G96
425009404,~0Kdk,2008,G96
425009409,~0Kdk,2012,G96
425009410,~0Kdk,2012,G96
425009411,~0Kdk,2012,G96
425009480,~0Kdl,2006,G96
425009481,~0Kdl,2006,G96
425009482,~0Kdl,2006,G96
425009483,~0Kdl,2006,G96
425009573,~0Kdm,2009,G96
425009574,~0Kdm,2009,G96
425009575,~0Kdm,2009,G96
425009576,~0Kdm,2009,G96
425009577,~0Kdm,2009,G96
425009578,~0Kdm,2009,G96
425009579,~0Kdm,2012,G96
425009580,~0Kdm,2012,G96
425009581,~0Kdm,2012,G96
425009582,~0Kdm,2012,G96
425009706,~0Kdn,2005,G96
425009707,~0Kdn,2005,G96
425009708,~0Kdn,2005,G96
425009709,~0Kdn,2005,G96
425009710,~0Kdn,2009,G96
425009711,~0Kdn,2009,G96
425009712,~0Kdn,2009,G96
425009713,~0Kdn,2009,G96
425009714,~0Kdn,2009,703
425009715,~0Kdn,2009,703
425009716,~0Kdn,2009,703
425009717,~0Kdn,2009,703
425009718,~0Kdn,2010,G96
425009719,~0Kdn,2010,G96
425009720,~0Kdn,2010,G96
425009721,~0Kdn,2010,G96
425009722,~0Kdn,2011,G96
425009723,~0Kdn,2011,G96
425009724,~0Kdn,2011,G96
425009725,~0Kdn,2011,G96
425009726,~0Kdn,2012,G96
425009727,~0Kdn,2012,G96
425009728,~0Kdn,2012,G96
425009729,~0Kdn,2012,G96
425009871,~0Kdo,2008,G96
425009872,~0Kdo,2008,G96
425009873,~0Kdo,2008,G96
425009874,~0Kdo,2008,G96
425009879,~0Kdo,2012,G96
425009880,~0Kdo,2012,G96
425009881,~0Kdo,2012,G96
425009882,~0Kdo,2012,G96
425009954,~0Kdp,2008,G96
425009955,~0Kdp,2008,G96
425009956,~0Kdp,2008,G96
425009957,~0Kdp,2008,G96
425010045,~0Kdq,2009,G96
425010046,~0Kdq,2009,G96
425010047,~0Kdq,2009,G96
425010048,~0Kdq,2009,G96
425010049,~0Kdq,2009,G96
425010050,~0Kdq,2009,G96
425010051,~0Kdq,2009,G96
425010052,~0Kdq,2009,G96
425010053,~0Kdq,2010,G96
425010054,~0Kdq,2010,G96
425010055,~0Kdq,2010,G96
425010056,~0Kdq,2010,G96
425010060,~0Kdq,2011,G96
425010061,~0Kdq,2011,G96
425010062,~0Kdq,2011,G96
425010063,~0Kdq,2011,G96
425010204,~0Kdr,2011,G96
425010205,~0Kdr,2011,G96
425010206,~0Kdr,2011,G96
425010207,~0Kdr,2011,G96
425010304,~0Kds,2008,G96
425010305,~0Kds,2008,G96
425010306,~0Kds,2008,G96
425010307,~0Kds,2008,G96
425010311,~0Kds,2008,G96
425010312,~0Kds,2008,G96
425010313,~0Kds,2008,G96
425010314,~0Kds,2008,G96
425010413,~0Kdt,2008,G96
425010414,~0Kdt,2008,G96
425010415,~0Kdt,2008,G96
425010416,~0Kdt,2008,G96
425010427,~0Kdt,2008,G96
425010428,~0Kdt,2008,G96
425010429,~0Kdt,2008,G96
425010430,~0Kdt,2008,G96
425010522,~0Kdu,2011,G96
425010523,~0Kdu,2011,G96
425010524,~0Kdu,2011,G96
425010525,~0Kdu,2011,G96
425010610,~0Kdv,2011,G96
425010611,~0Kdv,2011,G96
425010612,~0Kdv,2011,G96
425010613,~0Kdv,2011,G96
425010700,~0Kdw,2008,G96
425010701,~0Kdw,2008,G96
425010702,~0Kdw,2008,G96
425010703,~0Kdw,2008,G96
425010704,~0Kdw,2009,G96
425010705,~0Kdw,2009,G96
425010706,~0Kdw,2009,G96
425010707,~0Kdw,2009,G96
425010767,~0Kdx,2012,703
425010768,~0Kdx,2012,703
425010769,~0Kdx,2012,703
425010770,~0Kdx,2012,703
425010831,~0Kdy,2007,G96
425010832,~0Kdy,2007,G96
425010833,~0Kdy,2007,G96
425010834,~0Kdy,2007,G96
425010835,~0Kdy,2010,G96
425010836,~0Kdy,2010,G96
425010837,~0Kdy,2010,G96
425010838,~0Kdy,2010,G96
425010934,~0Kdz,2006,G96
425010935,~0Kdz,2006,G96
425010936,~0Kdz,2006,G96
425010937,~0Kdz,2006,G96
425010938,~0Kdz,2006,G96
425010939,~0Kdz,2006,G96
425010940,~0Kdz,2006,G96
425010941,~0Kdz,2006,G96
425010945,~0Kdz,2010,G96
425010946,~0Kdz,2010,G96
425010947,~0Kdz,2010,G96
425010948,~0Kdz,2010,G96
425010949,~0Kdz,2010,G96
425010950,~0Kdz,2010,G96
425010951,~0Kdz,2010,G96
425010952,~0Kdz,2012,G96
425010953,~0Kdz,2012,G96
425010954,~0Kdz,2012,G96
425010955,~0Kdz,2012,G96
425010956,~0Kdz,2012,G96
425010957,~0Kdz,2012,G96
425010958,~0Kdz,2012,G96
425010959,~0Kdz,2012,G96
425010960,~0Kdz,2012,G96
425010961,~0Kdz,2012,G96
425010962,~0Kdz,2012,G96
425010963,~0Kdz,2012,G96
425010964,~0Kdz,2012,G96
425010965,~0Kdz,2012,G96
425010966,~0Kdz,2012,G96
425010967,~0Kdz,2012,G96
425011131,~0Ke1,2006,G96
425011132,~0Ke1,2006,G96
425011133,~0Ke1,2006,G96
425011134,~0Ke1,2006,G96
425011135,~0Ke1,2010,G96
425011136,~0Ke1,2010,G96
425011137,~0Ke1,2010,G96
425011138,~0Ke1,2010,G96
425011208,~0Ke2,2010,G96
425011209,~0Ke2,2010,G96
425011210,~0Ke2,2010,G96
425011211,~0Ke2,2010,G96
425011367,~0Ke4,2006,G96
425011368,~0Ke4,2006,G96
425011369,~0Ke4,2006,G96
425011370,~0Ke4,2006,G96
425011377,~0Ke4,2012,G96
425011378,~0Ke4,2012,G96
425011379,~0Ke4,2012,G96
425011380,~0Ke4,2012,G96
425011491,~0Ke5,2006,G96
425011492,~0Ke5,2006,G96
425011493,~0Ke5,2006,G96
425011494,~0Ke5,2006,G96
425011495,~0Ke5,2011,G96
425011496,~0Ke5,2011,G96
425011497,~0Ke5,2011,G96
425011498,~0Ke5,2011,G96
425011697,~0Ke8,2005,G96
425011698,~0Ke8,2005,G96
425011699,~0Ke8,2005,G96
425011700,~0Ke8,2005,G96
425011701,~0Ke8,2008,G96
425011702,~0Ke8,2008,G96
425011703,~0Ke8,2008,G96
425011704,~0Ke8,2008,G96
425011705,~0Ke8,2011,G96
425011706,~0Ke8,2011,G96
425011707,~0Ke8,2011,G96
425011708,~0Ke8,2011,G96
425011773,~0Ke9,2006,G96
425011774,~0Ke9,2006,G96
425011775,~0Ke9,2006,G96
425011776,~0Ke9,2006,G96
425011777,~0Ke9,2011,G96
425011778,~0Ke9,2011,G96
425011779,~0Ke9,2011,G96
425011780,~0Ke9,2011,G96
425011833,~0KeA,2008,G96
425011834,~0KeA,2008,G96
425011835,~0KeA,2008,G96
425011836,~0KeA,2008,G96
425011885,~0KeB,2008,G96
425011886,~0KeB,2008,G96
425011887,~0KeB,2008,G96
425011888,~0KeB,2008,G96
425011889,~0KeB,2010,G96
425011890,~0KeB,2010,G96
425011891,~0KeB,2010,G96
425011892,~0KeB,2010,G96
425011893,~0KeB,2012,G96
425011894,~0KeB,2012,G96
425011895,~0KeB,2012,G96
425011896,~0KeB,2012,G96
425011969,~0KeC,2008,G96
425011970,~0KeC,2008,G96
425011971,~0KeC,2008,G96
425011972,~0KeC,2008,G96
425011973,~0KeC,2009,G96
425011974,~0KeC,2009,G96
425011975,~0KeC,2009,G96
425011976,~0KeC,2009,G96
425011977,~0KeC,2011,G96
425011978,~0KeC,2011,G96
425011979,~0KeC,2011,G96
425011980,~0KeC,2011,G96
425012029,~0KeD,2012,G96
425012030,~0KeD,2012,G96
425012031,~0KeD,2012,G96
425012032,~0KeD,2012,G96
425012142,~0KeF,2005,G96
425012143,~0KeF,2005,G96
425012144,~0KeF,2005,G96
425012145,~0KeF,2005,G96
425012146,~0KeF,2007,G96
425012147,~0KeF,2007,G96
425012148,~0KeF,2007,G96
425012149,~0KeF,2007,G96
425012150,~0KeF,2008,G96
425012151,~0KeF,2008,G96
425012152,~0KeF,2008,G96
425012153,~0KeF,2008,G96
425012232,~0KeG,2008,G96
425012233,~0KeG,2008,G96
425012234,~0KeG,2008,G96
425012235,~0KeG,2008,G96
425012236,~0KeG,2010,G96
425012237,~0KeG,2010,G96
425012238,~0KeG,2010,G96
425012239,~0KeG,2010,G96
425012243,~0KeG,2012,G96
425012244,~0KeG,2012,G96
425012245,~0KeG,2012,G96
425012312,~0KeH,2007,G96
425012313,~0KeH,2007,G96
425012314,~0KeH,2007,G96
425012315,~0KeH,2007,G96
425012447,~0KeJ,2008,G96
425012448,~0KeJ,2008,G96
425012449,~0KeJ,2008,G96
425012450,~0KeJ,2008,G96
425012451,~0KeJ,2008,G96
425012452,~0KeJ,2008,G96
425012453,~0KeJ,2008,G96
425012454,~0KeJ,2008,G96
425012626,~0KeM,2005,G96
425012627,~0KeM,2005,G96
425012628,~0KeM,2005,G96
425012629,~0KeM,2005,G96
425012630,~0KeM,2012,G96
425012631,~0KeM,2012,G96
425012632,~0KeM,2012,G96
425012633,~0KeM,2012,G96
425012634,~0KeM,2012,G96
425012680,~0KeN,2009,G96
425012681,~0KeN,2009,G96
425012682,~0KeN,2009,G96
425012683,~0KeN,2009,G96
425012684,~0KeN,2011,G96
425012685,~0KeN,2011,G96
425012686,~0KeN,2011,G96
425012687,~0KeN,2011,G96
425012859,~0KeP,2009,G96
425012860,~0KeP,2009,G96
425012861,~0KeP,2009,G96
425012862,~0KeP,2009,G96
425012925,~0KeQ,2011,G96
425012926,~0KeQ,2011,G96
425012927,~0KeQ,2011,G96
425012999,~0KeR,2007,G96
425013000,~0KeR,2007,G96
425013001,~0KeR,2007,G96
425013002,~0KeR,2007,G96
425013003,~0KeR,2011,G96
425013004,~0KeR,2011,G96
425013005,~0KeR,2011,G96
425013006,~0KeR,2011,G96
425013146,~0KeT,2010,G96
425013147,~0KeT,2010,G96
425013148,~0KeT,2010,G96
425013149,~0KeT,2010,G96
425013150,~0KeT,2010,G96
425013151,~0KeT,2010,G96
425013152,~0KeT,2010,G96
425013373,~0KeV,2009,G96
425013374,~0KeV,2009,G96
425013375,~0KeV,2009,G96
425013376,~0KeV,2009,G96
425013380,~0KeV,2011,G96
425013381,~0KeV,2011,G96
425013382,~0KeV,2011,G96
425013383,~0KeV,2011,G96
425013530,~0KeX,2011,G96
425013531,~0KeX,2011,G96
425013532,~0KeX,2011,G96
425013533,~0KeX,2011,G96
425013609,~0KeY,2009,G96
425013610,~0KeY,2009,G96
425013611,~0KeY,2009,G96
425013612,~0KeY,2009,G96
425013613,~0KeY,2011,G96
425013614,~0KeY,2011,G96
425013615,~0KeY,2011,G96
425013616,~0KeY,2011,G96
425013711,~0KeZ,2006,G96
425013712,~0KeZ,2006,G96
425013713,~0KeZ,2006,G96
425013714,~0KeZ,2006,G96
425013863,~0Keb,2010,G96
425013864,~0Keb,2010,G96
425013865,~0Keb,2010,G96
425013866,~0Keb,2010,G96
425013927,~0Kec,2007,G96
425013928,~0Kec,2007,G96
425013929,~0Kec,2007,G96
425013930,~0Kec,2007,G96
425013931,~0Kec,2011,G96
425013932,~0Kec,2011,G96
425013933,~0Kec,2011,G96
425013934,~0Kec,2011,G96
425014088,~0Kee,2012,G96
425014089,~0Kee,2012,G96
425014090,~0Kee,2012,G96
425014091,~0Kee,2012,G96
425014216,~0Kef,2006,G96
425014217,~0Kef,2006,G96
425014218,~0Kef,2006,G96
425014219,~0Kef,2006,G96
425014223,~0Kef,2009,G96
425014224,~0Kef,2009,G96
425014225,~0Kef,2009,G96
425014226,~0Kef,2009,G96
425014227,~0Kef,2009,G96
425014228,~0Kef,2009,G96
425014229,~0Kef,2009,G96
425014230,~0Kef,2009,G96
425014231,~0Kef,2010,G96
425014232,~0Kef,2010,G96
425014233,~0Kef,2010,G96
425014234,~0Kef,2010,G96
425014433,~0Kei,2005,G96
425014434,~0Kei,2005,G96
425014435,~0Kei,2005,G96
425014436,~0Kei,2005,G96
425014440,~0Kei,2009,G96
425014441,~0Kei,2009,G96
425014442,~0Kei,2009,G96
425014443,~0Kei,2009,G96
425014499,~0Kej,2011,G96
425014500,~0Kej,2011,G96
425014501,~0Kej,2011,G96
425014502,~0Kej,2011,G96
425014619,~0Kel,2005,G96
425014620,~0Kel,2005,G96
425014621,~0Kel,2005,G96
425014622,~0Kel,2005,G96
425014623,~0Kel,2007,G96
425014624,~0Kel,2007,G96
425014625,~0Kel,2007,G96
425014626,~0Kel,2007,G96
425014627,~0Kel,2009,G96
425014628,~0Kel,2009,G96
425014629,~0Kel,2009,G96
425014630,~0Kel,2009,G96
425014631,~0Kel,2010,G96
425014632,~0Kel,2010,G96
425014633,~0Kel,2010,G96
425014634,~0Kel,2010,G96
425015052,~0Ker,2008,G96
425015053,~0Ker,2008,G96
425015054,~0Ker,2008,G96
425015055,~0Ker,2008,G96
425015256,~0Ket,2007,G96
425015257,~0Ket,2007,G96
425015258,~0Ket,2007,G96
425015259,~0Ket,2007,G96
425015260,~0Ket,2009,G96
425015261,~0Ket,2009,G96
425015262,~0Ket,2009,G96
425015263,~0Ket,2009,G96
425015264,~0Ket,2011,G96
425015265,~0Ket,2011,G96
425015266,~0Ket,2011,G96
425015267,~0Ket,2011,G96
425015395,~0Kev,2008,G96
425015396,~0Kev,2008,G96
425015397,~0Kev,2008,G96
425015398,~0Kev,2008,G96
425015461,~0Kew,2009,G96
425015462,~0Kew,2009,G96
425015463,~0Kew,2009,G96
425015464,~0Kew,2009,G96
425015511,~0Kex,2010,G96
425015512,~0Kex,2010,G96
425015513,~0Kex,2010,G96
425015514,~0Kex,2010,G96
425015578,~0Key,2007,G96
425015579,~0Key,2007,G96
425015580,~0Key,2007,G96
425015581,~0Key,2007,G96
425015735,~0Kf0,2005,G96
425015736,~0Kf0,2005,G96
425015737,~0Kf0,2005,G96
425015738,~0Kf0,2005,G96
425015832,~0Kf1,2009,G96
425015833,~0Kf1,2009,G96
425015834,~0Kf1,2009,G96
425015835,~0Kf1,2009,G96
425015954,~0Kf2,2012,G96
425015955,~0Kf2,2012,G96
425015956,~0Kf2,2012,G96
425015957,~0Kf2,2012,G96
425016123,~0Kf4,2007,G96
425016124,~0Kf4,2007,G96
425016125,~0Kf4,2007,G96
425016126,~0Kf4,2007,G96
425016127,~0Kf4,2009,G96
425016128,~0Kf4,2009,G96
425016129,~0Kf4,2009,G96
425016130,~0Kf4,2009,G96
425016470,~0Kf8,2007,G96
425016471,~0Kf8,2007,G96
425016472,~0Kf8,2007,G96
425016473,~0Kf8,2007,G96
425016641,~0KfA,2006,G96
425016642,~0KfA,2006,G96
425016643,~0KfA,2006,G96
425016644,~0KfA,2006,G96
425016704,~0KfB,2005,G96
425016705,~0KfB,2005,G96
425016706,~0KfB,2005,G96
425016707,~0KfB,2005,G96
425016774,~0KfC,2007,703
425016775,~0KfC,2007,703
425016776,~0KfC,2007,703
425016777,~0KfC,2007,703
425016778,~0KfC,2009,G96
425016779,~0KfC,2009,G96
425016780,~0KfC,2009,G96
425016781,~0KfC,2009,G96
425016782,~0KfC,2009,G96
425016783,~0KfC,2009,G96
425016784,~0KfC,2009,G96
425016785,~0KfC,2009,G96
425016866,~0KfD,2006,G96
425016867,~0KfD,2006,G96
425016868,~0KfD,2006,G96
425016869,~0KfD,2006,G96
425016930,~0KfE,2006,G96
425016931,~0KfE,2006,G96
425016932,~0KfE,2006,G96
425016933,~0KfE,2006,G96
425016934,~0KfE,2009,G96
425016935,~0KfE,2009,G96
425016936,~0KfE,2009,G96
425016937,~0KfE,2009,G96
425016988,~0KfF,2011,G96
425016989,~0KfF,2011,G96
425016990,~0KfF,2011,G96
425016991,~0KfF,2011,G96
425017184,~0KfH,2008,G96
425017185,~0KfH,2008,G96
425017186,~0KfH,2008,G96
425017187,~0KfH,2008,G96
425017188,~0KfH,2009,G96
425017189,~0KfH,2009,G96
425017190,~0KfH,2009,G96
425017191,~0KfH,2009,G96
425017284,~0KfI,2008,G96
425017285,~0KfI,2008,G96
425017286,~0KfI,2008,G96
425017287,~0KfI,2008,G96
425017371,~0KfJ,2008,G96
425017372,~0KfJ,2008,G96
425017373,~0KfJ,2008,G96
425017374,~0KfJ,2008,G96
425017509,~0KfK,2012,G96
425017510,~0KfK,2012,G96
425017511,~0KfK,2012,G96
425017512,~0KfK,2012,G96
425017570,~0KfL,2009,G96
425017571,~0KfL,2009,G96
425017572,~0KfL,2009,G96
425017573,~0KfL,2009,G96
425017574,~0KfL,2012,G96
425017575,~0KfL,2012,G96
425017576,~0KfL,2012,G96
425017577,~0KfL,2012,G96
425017778,~0KfN,2008,G96
425017779,~0KfN,2008,G96
425017780,~0KfN,2008,G96
425017781,~0KfN,2008,G96
425017782,~0KfN,2012,G96
425017783,~0KfN,2012,G96
425017784,~0KfN,2012,G96
425017785,~0KfN,2012,G96
425017949,~0KfP,2012,G96
425017950,~0KfP,2012,G96
425017951,~0KfP,2012,G96
425018156,~0KfS,2008,G96
425018157,~0KfS,2008,G96
425018158,~0KfS,2008,G96
425018159,~0KfS,2008,G96
425018352,~0KfU,2011,G96
425018353,~0KfU,2011,G96
425018354,~0KfU,2011,G96
425018355,~0KfU,2011,G96
425018486,~0KfW,2009,G96
425018487,~0KfW,2009,G96
425018488,~0KfW,2009,G96
425018489,~0KfW,2009,G96
425018490,~0KfW,2011,G96
425018491,~0KfW,2011,G96
425018492,~0KfW,2011,G96
425018493,~0KfW,2011,G96
425018815,~0KfZ,2007,G96
425018816,~0KfZ,2007,G96
425018817,~0KfZ,2007,G96
425018818,~0KfZ,2007,G96
425018819,~0KfZ,2008,G96
425018820,~0KfZ,2008,G96
425018821,~0KfZ,2008,G96
425018822,~0KfZ,2008,G96
425018940,~0Kfa,2007,G96
425018941,~0Kfa,2007,G96
425018942,~0Kfa,2007,G96
425018943,~0Kfa,2007,G96
425018944,~0Kfa,2011,G96
425018945,~0Kfa,2011,G96
425018946,~0Kfa,2011,G96
425018947,~0Kfa,2011,G96
425019124,~0Kfc,2008,G96
425019125,~0Kfc,2008,G96
425019126,~0Kfc,2008,G96
425019127,~0Kfc,2008,G96
425019128,~0Kfc,2011,G96
425019129,~0Kfc,2011,G96
425019130,~0Kfc,2011,G96
425019131,~0Kfc,2011,G96
425019212,~0Kfd,2008,G96
425019213,~0Kfd,2008,G96
425019214,~0Kfd,2008,G96
425019215,~0Kfd,2008,G96
425019216,~0Kfd,2010,G96
425019217,~0Kfd,2010,G96
425019218,~0Kfd,2010,G96
425019219,~0Kfd,2010,G96
425019220,~0Kfd,2012,G96
425019221,~0Kfd,2012,G96
425019222,~0Kfd,2012,G96
425019223,~0Kfd,2012,G96
425019519,~0Kfh,2008,G96
425019520,~0Kfh,2008,G96
425019521,~0Kfh,2008,G96
425019522,~0Kfh,2008,G96
425019523,~0Kfh,2009,G96
425019524,~0Kfh,2009,G96
425019525,~0Kfh,2009,G96
425019634,~0Kfi,2008,G96
425019635,~0Kfi,2008,G96
425019636,~0Kfi,2008,G96
425019637,~0Kfi,2008,G96
425019702,~0Kfj,2007,G96
425019703,~0Kfj,2007,G96
425019704,~0Kfj,2007,G96
425019705,~0Kfj,2007,G96
425019706,~0Kfj,2007,G96
425019707,~0Kfj,2007,G96
425019708,~0Kfj,2007,G96
425019709,~0Kfj,2007,G96
425019784,~0Kfk,2007,G96
425019785,~0Kfk,2007,G96
425019786,~0Kfk,2007,G96
425019787,~0Kfk,2007,G96
425019788,~0Kfk,2011,G96
425019789,~0Kfk,2011,G96
425019790,~0Kfk,2011,G96
425019791,~0Kfk,2011,G96
425019935,~0Kfm,2008,G96
425019936,~0Kfm,2008,G96
425019937,~0Kfm,2008,G96
425019938,~0Kfm,2008,G96
425020068,~0Kfn,2007,G96
425020069,~0Kfn,2007,G96
425020070,~0Kfn,2007,G96
425020071,~0Kfn,2007,G96
425020072,~0Kfn,2007,G96
425020073,~0Kfn,2007,G96
425020074,~0Kfn,2007,G96
425020075,~0Kfn,2007,G96
425020076,~0Kfn,2008,G96
425020077,~0Kfn,2008,G96
425020078,~0Kfn,2008,G96
425020079,~0Kfn,2008,G96
425020080,~0Kfn,2011,G96
425020081,~0Kfn,2011,G96
425020082,~0Kfn,2011,G96
425020083,~0Kfn,2011,G96
425020084,~0Kfn,2011,G96
425020085,~0Kfn,2011,G96
425020086,~0Kfn,2011,G96
425020087,~0Kfn,2011,G96
425020088,~0Kfn,2012,703
425020089,~0Kfn,2012,703
425020090,~0Kfn,2012,703
425020091,~0Kfn,2012,703
425020092,~0Kfn,2012,G96
425020093,~0Kfn,2012,G96
425020094,~0Kfn,2012,G96
425020095,~0Kfn,2012,G96
425020361,~0Kfr,2007,G96
425020362,~0Kfr,2007,G96
425020363,~0Kfr,2007,G96
425020364,~0Kfr,2007,G96
425020473,~0Kfs,2008,G96
425020474,~0Kfs,2008,G96
425020475,~0Kfs,2008,G96
425020476,~0Kfs,2008,G96
425020638,~0Kfu,2007,G96
425020639,~0Kfu,2007,G96
425020640,~0Kfu,2007,G96
425020641,~0Kfu,2007,G96
425020642,~0Kfu,2011,G96
425020643,~0Kfu,2011,G96
425020644,~0Kfu,2011,G96
425020645,~0Kfu,2011,G96
425020722,~0Kfv,2009,G96
425020723,~0Kfv,2009,G96
425020724,~0Kfv,2009,G96
425020725,~0Kfv,2009,G96
425020822,~0Kfw,2008,G96
425020823,~0Kfw,2008,G96
425020824,~0Kfw,2008,G96
425020825,~0Kfw,2008,G96
425020881,~0Kfx,2005,G96
425020882,~0Kfx,2005,G96
425020883,~0Kfx,2005,G96
425020884,~0Kfx,2005,G96
425021225,~0Kg0,2008,G96
425021226,~0Kg0,2008,G96
425021227,~0Kg0,2008,G96
425021228,~0Kg0,2008,G96
425021229,~0Kg0,2010,G96
425021230,~0Kg0,2010,G96
425021231,~0Kg0,2010,G96
425021232,~0Kg0,2010,G96
425021237,~0Kg0,2012,G96
425021238,~0Kg0,2012,G96
425021239,~0Kg0,2012,G96
425021240,~0Kg0,2012,G96
425021317,~0Kg1,2011,G96
425021318,~0Kg1,2011,G96
425021319,~0Kg1,2011,G96
425021320,~0Kg1,2011,G96
425021410,~0Kg2,2012,G96
425021411,~0Kg2,2012,G96
425021412,~0Kg2,2012,G96
425021413,~0Kg2,2012,G96
425021471,~0Kg3,2007,G96
425021472,~0Kg3,2007,G96
425021473,~0Kg3,2007,G96
425021474,~0Kg3,2007,G96
425021475,~0Kg3,2007,G96
425021476,~0Kg3,2007,G96
425021477,~0Kg3,2007,G96
425021478,~0Kg3,2007,G96
425021479,~0Kg3,2007,G96
425021480,~0Kg3,2007,G96
425021481,~0Kg3,2007,G96
425021482,~0Kg3,2007,G96
425021483,~0Kg3,2007,G96
425021484,~0Kg3,2007,G96
425021485,~0Kg3,2007,G96
425021486,~0Kg3,2007,G96
425021487,~0Kg3,2011,G96
425021488,~0Kg3,2011,G96
425021489,~0Kg3,2011,G96
425021490,~0Kg3,2011,G96
425021682,~0Kg6,2010,G96
425021683,~0Kg6,2010,G96
425021684,~0Kg6,2010,G96
425021685,~0Kg6,2010,G96
425021759,~0Kg7,2008,G96
425021760,~0Kg7,2008,G96
425021761,~0Kg7,2008,G96
425021762,~0Kg7,2008,G96
425021763,~0Kg7,2012,G96
425021764,~0Kg7,2012,G96
425021765,~0Kg7,2012,G96
425021766,~0Kg7,2012,G96
425021854,~0Kg8,2006,G96
425021855,~0Kg8,2006,G96
425021856,~0Kg8,2006,G96
425021857,~0Kg8,2006,G96
425021953,~0Kg9,2011,G96
425021954,~0Kg9,2011,G96
425021955,~0Kg9,2011,G96
425021956,~0Kg9,2011,G96
425022035,~0KgA,2008,G96
425022036,~0KgA,2008,G96
425022037,~0KgA,2008,G96
425022038,~0KgA,2008,G96
425022133,~0KgB,2010,G96
425022134,~0KgB,2010,G96
425022135,~0KgB,2010,G96
425022136,~0KgB,2010,G96
425022137,~0KgB,2011,G96
425022138,~0KgB,2011,G96
425022139,~0KgB,2011,G96
425022140,~0KgB,2011,G96
425022247,~0KgC,2006,G96
425022248,~0KgC,2006,G96
425022249,~0KgC,2006,G96
425022250,~0KgC,2006,G96
425022254,~0KgC,2011,G96
425022255,~0KgC,2011,G96
425022256,~0KgC,2011,G96
425022257,~0KgC,2011,G96
425022258,~0KgC,2011,G96
425022259,~0KgC,2011,G96
425022260,~0KgC,2011,G96
425022261,~0KgC,2011,G96
425022342,~0KgD,2007,G96
425022343,~0KgD,2007,G96
425022344,~0KgD,2007,G96
425022345,~0KgD,2007,G96
425022346,~0KgD,2008,G96
425022347,~0KgD,2008,G96
425022348,~0KgD,2008,G96
425022349,~0KgD,2008,G96
425022421,~0KgE,2005,G96
425022422,~0KgE,2005,G96
425022423,~0KgE,2005,G96
425022424,~0KgE,2005,G96
425022428,~0KgE,2011,G96
425022429,~0KgE,2011,G96
425022430,~0KgE,2011,G96
425022431,~0KgE,2011,G96
425022432,~0KgE,2012,G96
425022433,~0KgE,2012,G96
425022434,~0KgE,2012,G96
425022435,~0KgE,2012,G96
425022515,~0KgF,2009,G96
425022516,~0KgF,2009,G96
425022517,~0KgF,2009,G96
425022518,~0KgF,2009,G96
425022519,~0KgF,2011,G96
425022520,~0KgF,2011,G96
425022521,~0KgF,2011,G96
425022522,~0KgF,2011,G96
425022523,~0KgF,2011,G96
425022524,~0KgF,2011,G96
425022525,~0KgF,2011,G96
425022526,~0KgF,2011,G96
425022527,~0KgF,2011,G96
425022528,~0KgF,2012,G96
425022529,~0KgF,2012,G96
425022530,~0KgF,2012,G96
425022531,~0KgF,2012,G96
425022605,~0KgG,2007,G96
425022606,~0KgG,2007,G96
425022607,~0KgG,2007,G96
425022608,~0KgG,2007,G96
425022609,~0KgG,2007,G96
425022610,~0KgG,2007,G96
425022611,~0KgG,2007,G96
425022612,~0KgG,2007,G96
425022613,~0KgG,2009,G96
425022614,~0KgG,2009,G96
425022615,~0KgG,2009,G96
425022616,~0KgG,2009,G96
425022617,~0KgG,2009,G96
425022618,~0KgG,2009,G96
425022619,~0KgG,2009,G96
425022620,~0KgG,2009,G96
425022670,~0KgH,2005,G96
425022671,~0KgH,2005,G96
425022672,~0KgH,2005,G96
425022673,~0KgH,2005,G96
425022674,~0KgH,2008,G96
425022675,~0KgH,2008,G96
425022676,~0KgH,2008,G96
425022677,~0KgH,2008,G96
425022678,~0KgH,2012,G96
425022679,~0KgH,2012,G96
425022680,~0KgH,2012,G96
425022681,~0KgH,2012,G96
425022730,~0KgI,2009,G96
425022731,~0KgI,2009,G96
425022732,~0KgI,2009,G96
425022733,~0KgI,2009,G96
425022819,~0KgJ,2008,G96
425022820,~0KgJ,2008,G96
425022821,~0KgJ,2008,G96
425022822,~0KgJ,2008,G96
425022823,~0KgJ,2010,G96
425022824,~0KgJ,2010,G96
425022825,~0KgJ,2010,G96
425022826,~0KgJ,2010,G96
425022827,~0KgJ,2010,G96
425022828,~0KgJ,2012,G96
425022829,~0KgJ,2012,G96
425022830,~0KgJ,2012,G96
425022831,~0KgJ,2012,G96
425022904,~0KgK,2011,G96
425022905,~0KgK,2011,G96
425022906,~0KgK,2011,G96
425022907,~0KgK,2011,G96
425022990,~0KgL,2008,G96
425022991,~0KgL,2008,G96
425022992,~0KgL,2008,G96
425022993,~0KgL,2008,G96
425022994,~0KgL,2011,G96
425022995,~0KgL,2011,G96
425022996,~0KgL,2011,G96
425022997,~0KgL,2011,G96
425023042,~0KgM,2007,G96
425023043,~0KgM,2007,G96
425023044,~0KgM,2007,G96
425023045,~0KgM,2007,G96
425023046,~0KgM,2007,G96
425023047,~0KgM,2007,G96
425023048,~0KgM,2007,G96
425023049,~0KgM,2007,G96
425023164,~0KgO,2007,G96
425023165,~0KgO,2007,G96
425023166,~0KgO,2007,G96
425023167,~0KgO,2007,G96
425023168,~0KgO,2010,G96
425023169,~0KgO,2010,G96
425023170,~0KgO,2010,G96
425023171,~0KgO,2010,G96
425023172,~0KgO,2012,G96
425023173,~0KgO,2012,G96
425023174,~0KgO,2012,G96
425023175,~0KgO,2012,G96
425023220,~0KgP,2008,G96
425023221,~0KgP,2008,G96
425023222,~0KgP,2008,G96
425023223,~0KgP,2008,G96
425023224,~0KgP,2012,G96
425023225,~0KgP,2012,G96
425023226,~0KgP,2012,G96
425023227,~0KgP,2012,G96
425023276,~0KgQ,2011,G96
425023277,~0KgQ,2011,G96
425023278,~0KgQ,2011,G96
425023380,~0KgR,2011,G96
425023381,~0KgR,2011,G96
425023382,~0KgR,2011,G96
425023383,~0KgR,2011,G96
425023433,~0KgS,2006,G96
425023434,~0KgS,2006,G96
425023435,~0KgS,2006,G96
425023436,~0KgS,2006,G96
425023669,~0KgV,2010,G96
425023670,~0KgV,2010,G96
425023671,~0KgV,2010,G96
425023672,~0KgV,2010,G96
425023673,~0KgV,2011,G96
425023674,~0KgV,2011,G96
425023675,~0KgV,2011,G96
425023676,~0KgV,2011,G96
425023742,~0KgW,2007,G96
425023743,~0KgW,2007,G96
425023744,~0KgW,2007,G96
425023745,~0KgW,2007,G96
425023750,~0KgW,2012,703
425023751,~0KgW,2012,703
425023752,~0KgW,2012,703
425023753,~0KgW,2012,703
425023825,~0KgX,2012,G96
425023826,~0KgX,2012,G96
425023827,~0KgX,2012,G96
425023828,~0KgX,2012,G96
425023907,~0KgY,2008,G96
425023908,~0KgY,2008,G96
425023909,~0KgY,2008,G96
425023910,~0KgY,2008,G96
425023911,~0KgY,2011,G96
425023912,~0KgY,2011,G96
425023913,~0KgY,2011,G96
425023914,~0KgY,2011,G96
425023976,~0KgZ,2005,G96
425023977,~0KgZ,2005,G96
425023978,~0KgZ,2005,G96
425023979,~0KgZ,2005,G96
425023980,~0KgZ,2009,G96
425023981,~0KgZ,2009,G96
425023982,~0KgZ,2009,G96
425023983,~0KgZ,2009,G96
425023984,~0KgZ,2012,G96
425023985,~0KgZ,2012,G96
425023986,~0KgZ,2012,G96
425023987,~0KgZ,2012,G96
425024036,~0Kga,2008,G96
425024037,~0Kga,2008,G96
425024038,~0Kga,2008,G96
425024039,~0Kga,2008,G96
425024040,~0Kga,2011,G96
425024041,~0Kga,2011,G96
425024042,~0Kga,2011,G96
425024043,~0Kga,2011,G96
425024095,~0Kgb,2008,G96
425024096,~0Kgb,2008,G96
425024097,~0Kgb,2008,G96
425024098,~0Kgb,2008,G96
425024221,~0Kgd,2011,G96
425024222,~0Kgd,2011,G96
425024223,~0Kgd,2011,G96
425024275,~0Kge,2008,G96
425024276,~0Kge,2008,G96
425024277,~0Kge,2008,G96
425024278,~0Kge,2008,G96
425024397,~0Kgg,2009,G96
425024398,~0Kgg,2009,G96
425024399,~0Kgg,2009,G96
425024400,~0Kgg,2009,G96
425024460,~0Kgh,2008,G96
425024461,~0Kgh,2008,G96
425024462,~0Kgh,2008,G96
425024463,~0Kgh,2008,G96
425024539,~0Kgi,2008,G96
425024540,~0Kgi,2008,G96
425024541,~0Kgi,2008,G96
425024542,~0Kgi,2008,G96
425024774,~0Kgl,2009,G96
425024775,~0Kgl,2009,G96
425024776,~0Kgl,2009,G96
425024777,~0Kgl,2009,G96
425024778,~0Kgl,2010,G96
425024779,~0Kgl,2010,G96
425024780,~0Kgl,2010,G96
425024781,~0Kgl,2010,G96
425024782,~0Kgl,2010,G96
425024871,~0Kgm,2009,G96
425024872,~0Kgm,2009,G96
425024873,~0Kgm,2009,G96
425024874,~0Kgm,2009,G96
425024950,~0Kgn,2012,G96
425024951,~0Kgn,2012,G96
425024952,~0Kgn,2012,G96
425024953,~0Kgn,2012,G96
425024954,~0Kgn,2012,G96
425024955,~0Kgn,2012,G96
425024956,~0Kgn,2012,G96
425024957,~0Kgn,2012,G96
425025204,~0Kgq,2007,G96
425025205,~0Kgq,2007,G96
425025206,~0Kgq,2007,G96
425025207,~0Kgq,2007,G96
425025208,~0Kgq,2011,G96
425025209,~0Kgq,2011,G96
425025210,~0Kgq,2011,G96
425025211,~0Kgq,2011,G96
425025212,~0Kgq,2012,G96
425025213,~0Kgq,2012,G96
425025214,~0Kgq,2012,G96
425025215,~0Kgq,2012,G96
425025216,~0Kgq,2012,G96
425025217,~0Kgq,2012,G96
425025218,~0Kgq,2012,G96
425025291,~0Kgr,2007,G96
425025292,~0Kgr,2007,G96
425025293,~0Kgr,2007,G96
425025294,~0Kgr,2007,G96
425025295,~0Kgr,2008,G96
425025296,~0Kgr,2008,G96
425025297,~0Kgr,2008,G96
425025298,~0Kgr,2008,G96
425025299,~0Kgr,2008,G96
425025300,~0Kgr,2008,G96
425025301,~0Kgr,2008,G96
425025302,~0Kgr,2008,G96
425025303,~0Kgr,2012,G96
425025304,~0Kgr,2012,G96
425025305,~0Kgr,2012,G96
425025306,~0Kgr,2012,G96
425025436,~0Kgt,2005,G96
425025437,~0Kgt,2005,G96
425025438,~0Kgt,2005,G96
425025439,~0Kgt,2005,G96
425025521,~0Kgu,2008,G96
425025522,~0Kgu,2008,G96
425025523,~0Kgu,2008,G96
425025524,~0Kgu,2008,G96
425025525,~0Kgu,2011,G96
425025526,~0Kgu,2011,G96
425025527,~0Kgu,2011,G96
425025528,~0Kgu,2011,G96
425025529,~0Kgu,2012,G96
425025530,~0Kgu,2012,G96
425025531,~0Kgu,2012,G96
425025532,~0Kgu,2012,G96
425025622,~0Kgw,2010,G96
425025623,~0Kgw,2010,G96
425025624,~0Kgw,2010,G96
425025625,~0Kgw,2010,G96
425025749,~0Kgy,2010,G96
425025750,~0Kgy,2010,G96
425025751,~0Kgy,2010,G96
425025752,~0Kgy,2010,G96
425025753,~0Kgy,2010,G96
425025754,~0Kgy,2010,G96
425025755,~0Kgy,2010,G96
425025756,~0Kgy,2010,G96
425025757,~0Kgy,2012,G96
425025758,~0Kgy,2012,G96
425025759,~0Kgy,2012,G96
425025760,~0Kgy,2012,G96
425025761,~0Kgy,2012,G96
425025762,~0Kgy,2012,G96
425025763,~0Kgy,2012,G96
425025764,~0Kgy,2012,G96
425025826,~0Kgz,2006,G96
425025827,~0Kgz,2006,G96
425025828,~0Kgz,2006,G96
425025829,~0Kgz,2006,G96
425025830,~0Kgz,2007,G96
425025831,~0Kgz,2007,G96
425025832,~0Kgz,2007,G96
425025833,~0Kgz,2007,G96
425025834,~0Kgz,2008,G96
425025835,~0Kgz,2008,G96
425025836,~0Kgz,2008,G96
425025837,~0Kgz,2008,G96
425025893,~0Kh0,2007,G96
425025894,~0Kh0,2007,G96
425025895,~0Kh0,2007,G96
425025896,~0Kh0,2007,G96
425025900,~0Kh0,2012,G96
425025901,~0Kh0,2012,G96
425025902,~0Kh0,2012,G96
425025903,~0Kh0,2012,G96
425026013,~0Kh2,2005,G96
425026014,~0Kh2,2005,G96
425026015,~0Kh2,2005,G96
425026016,~0Kh2,2005,G96
425026073,~0Kh3,2008,G96
425026074,~0Kh3,2008,G96
425026075,~0Kh3,2008,G96
425026076,~0Kh3,2008,G96
425026194,~0Kh5,2008,G96
425026195,~0Kh5,2008,G96
425026196,~0Kh5,2008,G96
425026197,~0Kh5,2008,G96
425026275,~0Kh6,2008,G96
425026276,~0Kh6,2008,G96
425026277,~0Kh6,2008,G96
425026278,~0Kh6,2008,G96
425026486,~0Kh9,2007,G96
425026487,~0Kh9,2007,G96
425026488,~0Kh9,2007,G96
425026489,~0Kh9,2007,G96
425026490,~0Kh9,2008,G96
425026491,~0Kh9,2008,G96
425026492,~0Kh9,2008,G96
425026493,~0Kh9,2008,G96
425026494,~0Kh9,2008,703
425026495,~0Kh9,2008,703
425026496,~0Kh9,2008,703
425026866,~0KhC,2005,G96
425026867,~0KhC,2005,G96
425026868,~0KhC,2005,G96
425026869,~0KhC,2005,G96
425026879,~0KhC,2012,G96
425026880,~0KhC,2012,G96
425026881,~0KhC,2012,G96
425026882,~0KhC,2012,G96
425026957,~0KhD,2010,G96
425026958,~0KhD,2010,G96
425026959,~0KhD,2010,G96
425026960,~0KhD,2010,G96
425027036,~0KhE,2012,G96
425027037,~0KhE,2012,G96
425027038,~0KhE,2012,G96
425027039,~0KhE,2012,G96
425027088,~0KhF,2008,G96
425027089,~0KhF,2008,G96
425027090,~0KhF,2008,G96
425027091,~0KhF,2008,G96
425027331,~0KhI,2008,G96
425027332,~0KhI,2008,G96
425027333,~0KhI,2008,G96
425027334,~0KhI,2008,G96
425027421,~0KhJ,2006,G96
425027422,~0KhJ,2006,G96
425027423,~0KhJ,2006,G96
425027424,~0KhJ,2006,G96
425027497,~0KhK,2008,G96
425027498,~0KhK,2008,G96
425027499,~0KhK,2008,G96
425027500,~0KhK,2008,G96
425027501,~0KhK,2008,G96
425027502,~0KhK,2008,G96
425027503,~0KhK,2008,G96
425027504,~0KhK,2008,G96
425027648,~0KhM,2008,703
425027649,~0KhM,2008,703
425027650,~0KhM,2008,703
425027651,~0KhM,2008,703
425027652,~0KhM,2010,G96
425027653,~0KhM,2010,G96
425027654,~0KhM,2010,G96
425027655,~0KhM,2010,G96
425027656,~0KhM,2010,G96
425027897,~0KhP,2008,G96
425027898,~0KhP,2008,G96
425027899,~0KhP,2008,G96
425027900,~0KhP,2008,G96
425027901,~0KhP,2012,G96
425027902,~0KhP,2012,G96
425027903,~0KhP,2012,G96
425027904,~0KhP,2012,G96
425028143,~0KhT,2005,G96
425028144,~0KhT,2005,G96
425028145,~0KhT,2005,G96
425028146,~0KhT,2005,G96
425028150,~0KhT,2012,G96
425028151,~0KhT,2012,G96
425028152,~0KhT,2012,G96
425028153,~0KhT,2012,G96
425028195,~0KhU,2008,G96
425028196,~0KhU,2008,G96
425028197,~0KhU,2008,G96
425028198,~0KhU,2008,G96
425028199,~0KhU,2009,G96
425028200,~0KhU,2009,G96
425028201,~0KhU,2009,G96
425028202,~0KhU,2009,G96
425028305,~0KhV,2007,G96
425028306,~0KhV,2007,G96
425028307,~0KhV,2007,G96
425028308,~0KhV,2007,G96
425028404,~0KhW,2005,G96
425028405,~0KhW,2005,G96
425028406,~0KhW,2005,G96
425028407,~0KhW,2005,G96
425028571,~0KhY,2006,G96
425028572,~0KhY,2006,G96
425028573,~0KhY,2006,G96
425028574,~0KhY,2006,G96
425028660,~0KhZ,2007,G96
425028661,~0KhZ,2007,G96
425028662,~0KhZ,2007,G96
425028663,~0KhZ,2007,G96
425028720,~0Kha,2009,G96
425028721,~0Kha,2009,G96
425028722,~0Kha,2009,G96
425028723,~0Kha,2009,G96
425028724,~0Kha,2011,G96
425028725,~0Kha,2011,G96
425028726,~0Kha,2011,G96
425028727,~0Kha,2011,G96
425028728,~0Kha,2011,G96
425028729,~0Kha,2011,G96
425028730,~0Kha,2011,G96
425028731,~0Kha,2011,G96
425028802,~0Khb,2009,G96
425028803,~0Khb,2009,G96
425028804,~0Khb,2009,G96
425028805,~0Khb,2009,G96
425028806,~0Khb,2011,G96
425028807,~0Khb,2011,G96
425028808,~0Khb,2011,G96
425028809,~0Khb,2011,G96
425028878,~0Khc,2010,G96
425028879,~0Khc,2010,G96
425028880,~0Khc,2010,G96
425028881,~0Khc,2010,G96
425028882,~0Khc,2011,G96
425028883,~0Khc,2011,G96
425028884,~0Khc,2011,G96
425028885,~0Khc,2011,G96
425028939,~0Khd,2008,G96
425028940,~0Khd,2008,G96
425028941,~0Khd,2008,G96
425028942,~0Khd,2008,G96
425028997,~0Khe,2005,G96
425028998,~0Khe,2005,G96
425028999,~0Khe,2005,G96
425029000,~0Khe,2005,G96
425029001,~0Khe,2007,G96
425029002,~0Khe,2007,G96
425029003,~0Khe,2007,G96
425029004,~0Khe,2007,G96
425029005,~0Khe,2008,G96
425029006,~0Khe,2008,G96
425029007,~0Khe,2008,G96
425029008,~0Khe,2008,G96
425029063,~0Khf,2006,G96
425029064,~0Khf,2006,G96
425029065,~0Khf,2006,G96
425029066,~0Khf,2006,G96
425029067,~0Khf,2010,G96
425029068,~0Khf,2010,G96
425029069,~0Khf,2010,G96
425029070,~0Khf,2010,G96
425029266,~0Khi,2012,G96
425029267,~0Khi,2012,G96
425029268,~0Khi,2012,G96
425029269,~0Khi,2012,G96
425029395,~0Khk,2006,G96
425029396,~0Khk,2006,G96
425029397,~0Khk,2006,G96
425029398,~0Khk,2006,G96
425029478,~0Khl,2012,G96
425029479,~0Khl,2012,G96
425029480,~0Khl,2012,G96
425029481,~0Khl,2012,G96
425029686,~0Kho,2008,G96
425029687,~0Kho,2008,G96
425029688,~0Kho,2008,G96
425029689,~0Kho,2008,G96
425029754,~0Khp,2010,G96
425029755,~0Khp,2010,G96
425029756,~0Khp,2010,G96
425029855,~0Khq,2010,G96
425029856,~0Khq,2010,G96
425029857,~0Khq,2010,G96
425029858,~0Khq,2010,G96
425029859,~0Khq,2012,G96
425029860,~0Khq,2012,G96
425029861,~0Khq,2012,G96
425029862,~0Khq,2012,G96
425029934,~0Khr,2007,G96
425029935,~0Khr,2007,G96
425029936,~0Khr,2007,G96
425029937,~0Khr,2007,G96
425029938,~0Khr,2010,G96
425029939,~0Khr,2010,G96
425029940,~0Khr,2010,G96
425029941,~0Khr,2010,G96
425030049,~0Kht,2009,G96
425030050,~0Kht,2009,G96
425030051,~0Kht,2009,G96
425030052,~0Kht,2009,G96
425030053,~0Kht,2011,G96
425030054,~0Kht,2011,G96
425030055,~0Kht,2011,G96
425030056,~0Kht,2011,G96
425030096,~0Khu,2010,G96
425030097,~0Khu,2010,G96
425030098,~0Khu,2010,G96
425030226,~0Khw,2009,G96
425030227,~0Khw,2009,G96
425030228,~0Khw,2009,G96
425030229,~0Khw,2009,G96
425030275,~0Khx,2005,G96
425030276,~0Khx,2005,G96
425030277,~0Khx,2005,G96
425030278,~0Khx,2005,G96
425030279,~0Khx,2007,G96
425030280,~0Khx,2007,G96
425030281,~0Khx,2007,G96
425030282,~0Khx,2007,G96
425030283,~0Khx,2007,G96
425030284,~0Khx,2007,G96
425030285,~0Khx,2007,G96
425030286,~0Khx,2007,G96
425030287,~0Khx,2007,G96
425030288,~0Khx,2007,G96
425030289,~0Khx,2007,G96
425030290,~0Khx,2007,G96
425030349,~0Khy,2010,G96
425030350,~0Khy,2010,G96
425030351,~0Khy,2010,G96
425030352,~0Khy,2010,G96
425030353,~0Khy,2012,G96
425030354,~0Khy,2012,G96
425030355,~0Khy,2012,G96
425030356,~0Khy,2012,G96
425030493,~0Ki0,2006,G96
425030494,~0Ki0,2006,G96
425030495,~0Ki0,2006,G96
425030496,~0Ki0,2006,G96
425030551,~0Ki1,2012,G96
425030552,~0Ki1,2012,G96
425030553,~0Ki1,2012,G96
425030554,~0Ki1,2012,G96
425030700,~0Ki3,2007,G96
425030701,~0Ki3,2007,G96
425030702,~0Ki3,2007,G96
425030780,~0Ki4,2010,G96
425030781,~0Ki4,2010,G96
425030782,~0Ki4,2010,G96
425030783,~0Ki4,2010,G96
425030854,~0Ki5,2008,G96
425030855,~0Ki5,2008,G96
425030856,~0Ki5,2008,G96
425030857,~0Ki5,2008,G96
425030920,~0Ki6,2010,G96
425030921,~0Ki6,2010,G96
425030922,~0Ki6,2010,G96
425030923,~0Ki6,2010,G96
425030991,~0Ki7,2007,G96
425030992,~0Ki7,2007,G96
425031071,~0Ki8,2007,G96
425031072,~0Ki8,2007,G96
425031073,~0Ki8,2007,G96
425031074,~0Ki8,2007,G96
425031222,~0KiA,2007,G96
425031223,~0KiA,2007,G96
425031224,~0KiA,2007,G96
425031225,~0KiA,2007,G96
425031229,~0KiA,2011,G96
425031230,~0KiA,2011,G96
425031231,~0KiA,2011,G96
425031232,~0KiA,2011,G96
425031277,~0KiB,2008,G96
425031278,~0KiB,2008,G96
425031279,~0KiB,2008,G96
425031280,~0KiB,2008,G96
425031281,~0KiB,2010,G96
425031282,~0KiB,2010,G96
425031283,~0KiB,2010,G96
425031284,~0KiB,2010,G96
425031285,~0KiB,2012,G96
425031286,~0KiB,2012,G96
425031287,~0KiB,2012,G96
425031288,~0KiB,2012,G96
425031515,~0KiE,2011,G96
425031516,~0KiE,2011,G96
425031517,~0KiE,2011,G96
425031518,~0KiE,2011,G96
425031594,~0KiF,2010,G96
425031595,~0KiF,2010,G96
425031596,~0KiF,2010,G96
425031597,~0KiF,2010,G96
425031661,~0KiG,2006,G96
425031662,~0KiG,2006,G96
425031663,~0KiG,2006,G96
425031664,~0KiG,2006,G96
425031774,~0KiI,2010,G96
425031775,~0KiI,2010,G96
425031776,~0KiI,2010,G96
425031777,~0KiI,2010,G96
425032047,~0KiM,2010,G96
425032048,~0KiM,2010,G96
425032049,~0KiM,2010,G96
425032050,~0KiM,2010,G96
425032120,~0KiN,2010,G96
425032121,~0KiN,2010,G96
425032122,~0KiN,2010,G96
425032123,~0KiN,2010,G96
425032180,~0KiO,2011,G96
425032181,~0KiO,2011,G96
425032182,~0KiO,2011,G96
425032183,~0KiO,2011,G96
425032184,~0KiO,2012,G96
425032185,~0KiO,2012,G96
425032186,~0KiO,2012,G96
425032187,~0KiO,2012,G96
425032250,~0KiP,2005,G96
425032251,~0KiP,2005,G96
425032252,~0KiP,2005,G96
425032253,~0KiP,2005,G96
425032254,~0KiP,2005,G96
425032255,~0KiP,2005,G96
425032256,~0KiP,2005,G96
425032257,~0KiP,2005,G96
425032258,~0KiP,2011,G96
425032259,~0KiP,2011,G96
425032260,~0KiP,2011,G96
425032261,~0KiP,2011,G96
425032315,~0KiQ,2006,G96
425032316,~0KiQ,2006,G96
425032317,~0KiQ,2006,G96
425032318,~0KiQ,2006,G96
425032373,~0KiR,2007,G96
425032374,~0KiR,2007,G96
425032375,~0KiR,2007,G96
425032376,~0KiR,2007,G96
425032434,~0KiS,2007,G96
425032435,~0KiS,2007,G96
425032436,~0KiS,2007,G96
425032437,~0KiS,2007,G96
425032438,~0KiS,2012,G96
425032439,~0KiS,2012,G96
425032440,~0KiS,2012,G96
425032441,~0KiS,2012,G96
425032495,~0KiT,2008,G96
425032496,~0KiT,2008,G96
425032497,~0KiT,2008,G96
425032498,~0KiT,2008,G96
425032499,~0KiT,2010,G96
425032500,~0KiT,2010,G96
425032501,~0KiT,2010,G96
425032502,~0KiT,2010,G96
425032503,~0KiT,2010,G96
425032504,~0KiT,2010,G96
425032505,~0KiT,2010,G96
425032506,~0KiT,2010,G96
425032561,~0KiU,2009,G96
425032562,~0KiU,2009,G96
425032563,~0KiU,2009,G96
425032564,~0KiU,2009,G96
425032613,~0KiV,2007,G96
425032614,~0KiV,2007,G96
425032615,~0KiV,2007,G96
425032616,~0KiV,2007,G96
425032621,~0KiV,2012,G96
425032622,~0KiV,2012,G96
425032623,~0KiV,2012,G96
425032624,~0KiV,2012,G96
425032625,~0KiV,2012,G96
425032666,~0KiW,2009,G96
425032667,~0KiW,2009,G96
425032668,~0KiW,2009,G96
425032669,~0KiW,2009,G96
425032829,~0KiX,2009,G96
425032830,~0KiX,2009,G96
425032831,~0KiX,2009,G96
425032832,~0KiX,2009,G96
425032833,~0KiX,2012,G96
425032834,~0KiX,2012,G96
425032835,~0KiX,2012,G96
425032836,~0KiX,2012,G96
425033133,~0KiZ,2006,G96
425033134,~0KiZ,2006,G96
425033135,~0KiZ,2006,G96
425033136,~0KiZ,2006,G96
425033137,~0KiZ,2009,G96
425033138,~0KiZ,2009,G96
425033139,~0KiZ,2009,G96
425033140,~0KiZ,2009,G96
425033272,~0Kib,2012,G96
425033273,~0Kib,2012,G96
425033274,~0Kib,2012,G96
425033275,~0Kib,2012,G96
425033335,~0Kic,2008,G96
425033336,~0Kic,2008,G96
425033337,~0Kic,2008,G96
425033338,~0Kic,2008,G96
425033536,~0Kif,2009,G96
425033537,~0Kif,2009,G96
425033538,~0Kif,2009,G96
425033539,~0Kif,2009,G96
425033540,~0Kif,2010,G96
425033541,~0Kif,2010,G96
425033542,~0Kif,2010,G96
425033543,~0Kif,2010,G96
425033609,~0Kig,2006,G96
425033610,~0Kig,2006,G96
425033611,~0Kig,2006,G96
425033612,~0Kig,2006,G96
425033683,~0Kih,2006,G96
425033684,~0Kih,2006,G96
425033685,~0Kih,2006,G96
425033686,~0Kih,2006,G96
425033745,~0Kii,2009,G96
425033746,~0Kii,2009,G96
425033747,~0Kii,2009,G96
425033748,~0Kii,2009,G96
425033803,~0Kij,2009,G96
425033804,~0Kij,2009,G96
425033805,~0Kij,2009,G96
425033806,~0Kij,2009,G96
425033807,~0Kij,2010,G96
425033808,~0Kij,2010,G96
425033809,~0Kij,2010,G96
425033810,~0Kij,2010,G96
425033942,~0Kil,2010,G96
425033943,~0Kil,2010,G96
425033944,~0Kil,2010,G96
425033945,~0Kil,2010,G96
425034055,~0Kin,2008,G96
425034056,~0Kin,2008,G96
425034057,~0Kin,2008,G96
425034058,~0Kin,2008,G96
425034059,~0Kin,2012,G96
425034060,~0Kin,2012,G96
425034061,~0Kin,2012,G96
425034062,~0Kin,2012,G96
425034179,~0Kip,2011,G96
425034180,~0Kip,2011,G96
425034181,~0Kip,2011,G96
425034182,~0Kip,2011,G96
425034183,~0Kip,2011,G96
425034184,~0Kip,2011,G96
425034185,~0Kip,2011,G96
425034186,~0Kip,2011,G96
425034187,~0Kip,2011,G96
425034188,~0Kip,2011,G96
425034189,~0Kip,2011,G96
425034438,~0Kir,2008,G96
425034439,~0Kir,2008,G96
425034440,~0Kir,2008,G96
425034441,~0Kir,2008,G96
425034445,~0Kir,2012,G96
425034446,~0Kir,2012,G96
425034447,~0Kir,2012,G96
425034448,~0Kir,2012,G96
425034549,~0Kis,2005,G96
425034550,~0Kis,2005,G96
425034551,~0Kis,2005,G96
425034552,~0Kis,2005,G96
425034553,~0Kis,2010,G96
425034554,~0Kis,2010,G96
425034555,~0Kis,2010,G96
425034556,~0Kis,2010,G96
425034615,~0Kit,2010,G96
425034616,~0Kit,2010,G96
425034617,~0Kit,2010,G96
425034618,~0Kit,2010,G96
425034712,~0Kiu,2006,G96
425034713,~0Kiu,2006,G96
425034714,~0Kiu,2006,G96
425034715,~0Kiu,2006,G96
425034872,~0Kiw,2009,G96
425034873,~0Kiw,2009,G96
425034874,~0Kiw,2009,G96
425034875,~0Kiw,2009,G96
425034950,~0Kix,2010,G96
425034951,~0Kix,2010,G96
425034952,~0Kix,2010,G96
425034953,~0Kix,2010,G96
425035006,~0Kiy,2007,G96
425035007,~0Kiy,2007,G96
425035008,~0Kiy,2007,G96
425035009,~0Kiy,2007,G96
425035010,~0Kiy,2007,G96
425035011,~0Kiy,2007,G96
425035012,~0Kiy,2007,G96
425035013,~0Kiy,2007,G96
425035014,~0Kiy,2008,G96
425035015,~0Kiy,2008,G96
425035016,~0Kiy,2008,G96
425035017,~0Kiy,2008,G96
425035068,~0Kiz,2010,G96
425035069,~0Kiz,2010,G96
425035070,~0Kiz,2010,G96
425035071,~0Kiz,2010,G96
425035139,~0Kj0,2010,G96
425035140,~0Kj0,2010,G96
425035141,~0Kj0,2010,G96
425035142,~0Kj0,2010,G96
425035143,~0Kj0,2011,G96
425035144,~0Kj0,2011,G96
425035145,~0Kj0,2011,G96
425035146,~0Kj0,2011,G96
425035204,~0Kj1,2010,G96
425035205,~0Kj1,2010,G96
425035206,~0Kj1,2010,G96
425035259,~0Kj2,2008,G96
425035260,~0Kj2,2008,G96
425035261,~0Kj2,2008,G96
425035262,~0Kj2,2008,G96
425035616,~0Kj6,2008,G96
425035617,~0Kj6,2008,G96
425035618,~0Kj6,2008,G96
425035619,~0Kj6,2008,G96
425035620,~0Kj6,2008,G96
425035621,~0Kj6,2008,G96
425035622,~0Kj6,2008,G96
425035623,~0Kj6,2008,G96
425035624,~0Kj6,2010,G96
425035625,~0Kj6,2010,G96
425035626,~0Kj6,2010,G96
425035697,~0Kj7,2011,G96
425035698,~0Kj7,2011,G96
425035699,~0Kj7,2011,G96
425035700,~0Kj7,2011,G96
425035750,~0Kj8,2007,703
425035751,~0Kj8,2007,703
425035752,~0Kj8,2007,703
425035753,~0Kj8,2007,703
425035754,~0Kj8,2011,G96
425035755,~0Kj8,2011,G96
425035756,~0Kj8,2011,G96
425035757,~0Kj8,2011,G96
425035868,~0Kj9,2011,G96
425035869,~0Kj9,2011,G96
425035870,~0Kj9,2011,G96
425035871,~0Kj9,2011,G96
425035872,~0Kj9,2011,G96
425035873,~0Kj9,2011,G96
425035874,~0Kj9,2011,G96
425035875,~0Kj9,2011,G96
425035876,~0Kj9,2012,G96
425035877,~0Kj9,2012,G96
425035878,~0Kj9,2012,G96
425035879,~0Kj9,2012,G96
425036036,~0KjB,2007,G96
425036037,~0KjB,2007,G96
425036038,~0KjB,2007,G96
425036039,~0KjB,2007,G96
425036285,~0KjE,2010,G96
425036286,~0KjE,2010,G96
425036287,~0KjE,2010,G96
425036288,~0KjE,2010,G96
425036289,~0KjE,2012,G96
425036290,~0KjE,2012,G96
425036291,~0KjE,2012,G96
425036292,~0KjE,2012,G96
425036359,~0KjF,2012,G96
425036360,~0KjF,2012,G96
425036361,~0KjF,2012,G96
425036362,~0KjF,2012,G96
425036363,~0KjF,2012,G96
425036364,~0KjF,2012,G96
425036365,~0KjF,2012,G96
425036366,~0KjF,2012,G96
425036437,~0KjG,2008,G96
425036438,~0KjG,2008,G96
425036439,~0KjG,2008,G96
425036440,~0KjG,2008,G96
425036441,~0KjG,2008,G96
425036442,~0KjG,2008,G96
425036443,~0KjG,2008,G96
425036444,~0KjG,2008,G96
425036499,~0KjH,2005,G96
425036500,~0KjH,2005,G96
425036501,~0KjH,2005,G96
425036502,~0KjH,2005,G96
425036503,~0KjH,2005,G96
425036504,~0KjH,2005,G96
425036505,~0KjH,2005,G96
425036506,~0KjH,2005,G96
425036507,~0KjH,2008,G96
425036508,~0KjH,2008,G96
425036509,~0KjH,2008,G96
425036510,~0KjH,2008,G96
425036564,~0KjI,2008,G96
425036565,~0KjI,2008,G96
425036566,~0KjI,2008,G96
425036567,~0KjI,2008,G96
425036568,~0KjI,2009,G96
425036569,~0KjI,2009,G96
425036570,~0KjI,2009,G96
425036571,~0KjI,2009,G96
425036572,~0KjI,2010,G96
425036573,~0KjI,2010,G96
425036574,~0KjI,2010,G96
425036575,~0KjI,2010,G96
425036576,~0KjI,2010,G96
425036577,~0KjI,2010,G96
425036578,~0KjI,2010,G96
425036579,~0KjI,2010,G96
425036636,~0KjJ,2010,G96
425036637,~0KjJ,2010,G96
425036638,~0KjJ,2010,G96
425036897,~0KjN,2010,G96
425036898,~0KjN,2010,G96
425036899,~0KjN,2010,G96
425036900,~0KjN,2010,G96
425036968,~0KjO,2011,G96
425036969,~0KjO,2011,G96
425036970,~0KjO,2011,G96
425036971,~0KjO,2011,G96
425037024,~0KjP,2009,G96
425037025,~0KjP,2009,G96
425037026,~0KjP,2009,G96
425037027,~0KjP,2009,G96
425037088,~0KjQ,2012,G96
425037089,~0KjQ,2012,G96
425037090,~0KjQ,2012,G96
425037140,~0KjR,2012,G96
425037141,~0KjR,2012,G96
425037142,~0KjR,2012,G96
425037143,~0KjR,2012,G96
425037211,~0KjS,2009,G96
425037212,~0KjS,2009,G96
425037213,~0KjS,2009,G96
425037214,~0KjS,2009,G96
425037257,~0KjT,2008,G96
425037258,~0KjT,2008,G96
425037259,~0KjT,2008,G96
425037260,~0KjT,2008,G96
425037309,~0KjU,2009,G96
425037310,~0KjU,2009,G96
425037311,~0KjU,2009,G96
425037312,~0KjU,2009,G96
425037316,~0KjU,2009,G96
425037317,~0KjU,2009,G96
425037318,~0KjU,2009,G96
425037319,~0KjU,2009,G96
425037320,~0KjU,2012,G96
425037321,~0KjU,2012,G96
425037322,~0KjU,2012,G96
425037323,~0KjU,2012,G96
425037512,~0KjW,2010,G96
425037513,~0KjW,2010,G96
425037514,~0KjW,2010,G96
425037515,~0KjW,2010,G96
425037634,~0KjY,2008,G96
425037635,~0KjY,2008,G96
425037636,~0KjY,2008,G96
425037637,~0KjY,2008,G96
425037638,~0KjY,2010,G96
425037639,~0KjY,2010,G96
425037640,~0KjY,2010,G96
425037641,~0KjY,2010,G96
425037642,~0KjY,2010,G96
425037643,~0KjY,2010,G96
425037644,~0KjY,2010,G96
425037645,~0KjY,2010,G96
425037876,~0Kja,2008,G96
425037877,~0Kja,2008,G96
425037878,~0Kja,2008,G96
425037879,~0Kja,2008,G96
425037880,~0Kja,2011,G96
425037881,~0Kja,2011,G96
425037882,~0Kja,2011,G96
425037883,~0Kja,2011,G96
425037943,~0Kjb,2006,G96
425037944,~0Kjb,2006,G96
425037945,~0Kjb,2006,G96
425037946,~0Kjb,2006,G96
425037947,~0Kjb,2011,G96
425037948,~0Kjb,2011,G96
425037949,~0Kjb,2011,G96
425037950,~0Kjb,2011,G96
425037951,~0Kjb,2012,G96
425037952,~0Kjb,2012,G96
425037953,~0Kjb,2012,G96
425037954,~0Kjb,2012,G96
425038016,~0Kjc,2007,G96
425038017,~0Kjc,2007,G96
425038018,~0Kjc,2007,G96
425038019,~0Kjc,2007,G96
425038074,~0Kjd,2011,G96
425038075,~0Kjd,2011,G96
425038076,~0Kjd,2011,G96
425038077,~0Kjd,2011,G96
425038139,~0Kje,2010,G96
425038140,~0Kje,2010,G96
425038141,~0Kje,2010,G96
425038142,~0Kje,2010,G96
425038146,~0Kje,2012,G96
425038147,~0Kje,2012,G96
425038148,~0Kje,2012,G96
425038149,~0Kje,2012,G96
425038153,~0Kje,2012,G96
425038154,~0Kje,2012,G96
425038155,~0Kje,2012,G96
425038156,~0Kje,2012,G96
425038232,~0Kjf,2008,G96
425038233,~0Kjf,2008,G96
425038234,~0Kjf,2008,G96
425038235,~0Kjf,2008,G96
425038236,~0Kjf,2009,G96
425038237,~0Kjf,2009,G96
425038238,~0Kjf,2009,G96
425038239,~0Kjf,2009,G96
425038240,~0Kjf,2011,G96
425038241,~0Kjf,2011,G96
425038242,~0Kjf,2011,G96
425038243,~0Kjf,2011,G96
425038244,~0Kjf,2011,G96
425038245,~0Kjf,2011,G96
425038246,~0Kjf,2011,G96
425038248,~0Kjf,2011,G96
425038252,~0Kjf,2011,G96
425038253,~0Kjf,2011,G96
425038254,~0Kjf,2011,G96
425038356,~0Kjg,2006,G96
425038357,~0Kjg,2006,G96
425038358,~0Kjg,2006,G96
425038359,~0Kjg,2006,G96
425038360,~0Kjg,2008,G96
425038361,~0Kjg,2008,G96
425038362,~0Kjg,2008,G96
425038363,~0Kjg,2008,G96
425038367,~0Kjg,2012,G96
425038368,~0Kjg,2012,G96
425038428,~0Kjh,2011,G96
425038429,~0Kjh,2011,G96
425038430,~0Kjh,2011,G96
425038431,~0Kjh,2011,G96
425038432,~0Kjh,2011,G96
425038433,~0Kjh,2011,G96
425038434,~0Kjh,2011,G96
425038435,~0Kjh,2011,G96
425038723,~0Kjk,2008,G96
425038724,~0Kjk,2008,G96
425038725,~0Kjk,2008,G96
425038726,~0Kjk,2008,G96
425038727,~0Kjk,2008,G96
425038728,~0Kjk,2008,G96
425038729,~0Kjk,2008,G96
425038730,~0Kjk,2008,G96
425038731,~0Kjk,2010,G96
425038732,~0Kjk,2010,G96
425038733,~0Kjk,2010,G96
425038734,~0Kjk,2010,G96
425038943,~0Kjm,2005,G96
425038944,~0Kjm,2005,G96
425038945,~0Kjm,2005,G96
425038946,~0Kjm,2005,G96
425038947,~0Kjm,2009,G96
425038948,~0Kjm,2009,G96
425038949,~0Kjm,2009,G96
425038950,~0Kjm,2009,G96
425038951,~0Kjm,2012,G96
425038952,~0Kjm,2012,G96
425038953,~0Kjm,2012,G96
425038954,~0Kjm,2012,G96
425039024,~0Kjn,2011,G96
425039025,~0Kjn,2011,G96
425039026,~0Kjn,2011,G96
425039027,~0Kjn,2011,G96
425039028,~0Kjn,2012,G96
425039029,~0Kjn,2012,G96
425039030,~0Kjn,2012,G96
425039031,~0Kjn,2012,G96
425039150,~0Kjp,2010,G96
425039151,~0Kjp,2010,G96
425039152,~0Kjp,2010,G96
425039153,~0Kjp,2010,G96
425039154,~0Kjp,2010,G96
425039219,~0Kjq,2009,G96
425039220,~0Kjq,2009,G96
425039221,~0Kjq,2009,G96
425039222,~0Kjq,2009,G96
425039223,~0Kjq,2011,G96
425039224,~0Kjq,2011,G96
425039225,~0Kjq,2011,G96
425039226,~0Kjq,2011,G96
425039231,~0Kjq,2011,G96
425039232,~0Kjq,2011,G96
425039233,~0Kjq,2011,G96
425039234,~0Kjq,2011,G96
425039235,~0Kjq,2011,G96
425039236,~0Kjq,2011,G96
425039237,~0Kjq,2011,G96
425039238,~0Kjq,2011,G96
425039429,~0Kjs,2011,G96
425039430,~0Kjs,2011,G96
425039431,~0Kjs,2011,G96
425039432,~0Kjs,2011,G96
425040056,~0Kjv,2006,G96
425040057,~0Kjv,2006,G96
425040058,~0Kjv,2006,G96
425040059,~0Kjv,2006,G96
425040060,~0Kjv,2010,G96
425040061,~0Kjv,2010,G96
425040062,~0Kjv,2010,G96
425040063,~0Kjv,2010,G96
425040133,~0Kjw,2008,G96
425040134,~0Kjw,2008,G96
425040135,~0Kjw,2008,G96
425040136,~0Kjw,2008,G96
425040137,~0Kjw,2008,G96
425040138,~0Kjw,2008,G96
425040139,~0Kjw,2008,G96
425040140,~0Kjw,2008,G96
425040141,~0Kjw,2011,G96
425040142,~0Kjw,2011,G96
425040143,~0Kjw,2011,G96
425040144,~0Kjw,2011,G96
425040145,~0Kjw,2011,G96
425040146,~0Kjw,2011,G96
425040147,~0Kjw,2011,G96
425040148,~0Kjw,2011,G96
425040149,~0Kjw,2011,G96
425040213,~0Kjx,2009,G96
425040214,~0Kjx,2009,G96
425040215,~0Kjx,2009,G96
425040216,~0Kjx,2009,G96
425040223,~0Kjx,2012,G96
425040224,~0Kjx,2012,G96
425040225,~0Kjx,2012,G96
425040226,~0Kjx,2012,G96
425040336,~0Kjy,2010,G96
425040337,~0Kjy,2010,G96
425040338,~0Kjy,2010,G96
425040339,~0Kjy,2010,G96
425040340,~0Kjy,2012,G96
425040341,~0Kjy,2012,G96
425040342,~0Kjy,2012,G96
425040343,~0Kjy,2012,G96
425040417,~0Kjz,2007,G96
425040418,~0Kjz,2007,G96
425040419,~0Kjz,2007,G96
425040420,~0Kjz,2007,G96
425040421,~0Kjz,2009,G96
425040422,~0Kjz,2009,G96
425040423,~0Kjz,2009,G96
425040424,~0Kjz,2009,G96
425040496,~0Kk0,2011,G96
425040497,~0Kk0,2011,G96
425040498,~0Kk0,2011,G96
425040499,~0Kk0,2011,G96
425040500,~0Kk0,2012,G96
425040501,~0Kk0,2012,G96
425040502,~0Kk0,2012,G96
425040503,~0Kk0,2012,G96
425040553,~0Kk1,2005,G96
425040554,~0Kk1,2005,G96
425040555,~0Kk1,2005,G96
425040556,~0Kk1,2005,G96
425040557,~0Kk1,2008,G96
425040558,~0Kk1,2008,G96
425040559,~0Kk1,2008,G96
425040560,~0Kk1,2008,G96
425040561,~0Kk1,2011,G96
425040562,~0Kk1,2011,G96
425040563,~0Kk1,2011,G96
425040564,~0Kk1,2011,G96
425040601,~0Kk2,2005,703
425040602,~0Kk2,2005,703
425040603,~0Kk2,2005,703
425040604,~0Kk2,2005,703
425040695,~0Kk3,2011,G96
425040696,~0Kk3,2011,G96
425040697,~0Kk3,2011,G96
425040698,~0Kk3,2011,G96
425040767,~0Kk4,2011,G96
425040768,~0Kk4,2011,G96
425040769,~0Kk4,2011,G96
425040770,~0Kk4,2011,G96
425040827,~0Kk5,2008,G96
425040828,~0Kk5,2008,G96
425040829,~0Kk5,2008,G96
425040830,~0Kk5,2008,G96
425040831,~0Kk5,2009,G96
425040832,~0Kk5,2009,G96
425040833,~0Kk5,2009,G96
425040834,~0Kk5,2009,G96
425040876,~0Kk6,2006,G96
425040877,~0Kk6,2006,G96
425040878,~0Kk6,2006,G96
425040879,~0Kk6,2006,G96
425040880,~0Kk6,2011,G96
425040881,~0Kk6,2011,G96
425040882,~0Kk6,2011,G96
425040883,~0Kk6,2011,G96
425040938,~0Kk7,2006,703
425040939,~0Kk7,2006,703
425040940,~0Kk7,2006,703
425040941,~0Kk7,2006,703
425041192,~0KkA,2008,G96
425041193,~0KkA,2008,G96
425041194,~0KkA,2008,G96
425041195,~0KkA,2008,G96
425041196,~0KkA,2008,G96
425041197,~0KkA,2008,G96
425041198,~0KkA,2008,G96
425041199,~0KkA,2008,G96
425041319,~0KkC,2005,G96
425041320,~0KkC,2005,G96
425041321,~0KkC,2005,G96
425041322,~0KkC,2005,G96
425041323,~0KkC,2005,G96
425041324,~0KkC,2005,G96
425041325,~0KkC,2005,G96
425041326,~0KkC,2005,G96
425041435,~0KkE,2008,G96
425041436,~0KkE,2008,G96
425041437,~0KkE,2008,G96
425041438,~0KkE,2008,G96
425041439,~0KkE,2008,G96
425041440,~0KkE,2008,G96
425041441,~0KkE,2008,G96
425041442,~0KkE,2008,G96
425041443,~0KkE,2009,G96
425041444,~0KkE,2009,G96
425041445,~0KkE,2009,G96
425041446,~0KkE,2009,G96
425041447,~0KkE,2009,G96
425041448,~0KkE,2009,G96
425041449,~0KkE,2009,G96
425041450,~0KkE,2009,G96
425041455,~0KkE,2012,G96
425041456,~0KkE,2012,G96
425041457,~0KkE,2012,G96
425041458,~0KkE,2012,G96
425041459,~0KkE,2012,G96
425041460,~0KkE,2012,G96
425041461,~0KkE,2012,G96
425041462,~0KkE,2012,G96
425041516,~0KkF,2007,G96
425041517,~0KkF,2007,G96
425041518,~0KkF,2007,G96
425041519,~0KkF,2007,G96
425041520,~0KkF,2009,G96
425041521,~0KkF,2009,G96
425041522,~0KkF,2009,G96
425041523,~0KkF,2009,G96
425041524,~0KkF,2010,G96
425041525,~0KkF,2010,G96
425041526,~0KkF,2010,G96
425041527,~0KkF,2010,G96
425041588,~0KkG,2009,G96
425041589,~0KkG,2009,G96
425041590,~0KkG,2009,G96
425041591,~0KkG,2009,G96
425041592,~0KkG,2010,G96
425041593,~0KkG,2010,G96
425041594,~0KkG,2010,G96
425041595,~0KkG,2010,G96
425041596,~0KkG,2012,G96
425041597,~0KkG,2012,G96
425041598,~0KkG,2012,G96
425041599,~0KkG,2012,G96
425041883,~0KkI,2012,G96
425041884,~0KkI,2012,G96
425041885,~0KkI,2012,G96
425041886,~0KkI,2012,G96
425042011,~0KkK,2009,G96
425042012,~0KkK,2009,G96
425042013,~0KkK,2009,G96
425042014,~0KkK,2009,G96
425042081,~0KkL,2008,G96
425042082,~0KkL,2008,G96
425042083,~0KkL,2008,G96
425042084,~0KkL,2008,G96
425042140,~0KkM,2005,G96
425042141,~0KkM,2005,G96
425042142,~0KkM,2005,G96
425042143,~0KkM,2005,G96
425042144,~0KkM,2011,G96
425042145,~0KkM,2011,G96
425042146,~0KkM,2011,G96
425042147,~0KkM,2011,G96
425042290,~0KkO,2009,G96
425042291,~0KkO,2009,G96
425042292,~0KkO,2009,G96
425042293,~0KkO,2009,G96
425042294,~0KkO,2010,G96
425042295,~0KkO,2010,G96
425042296,~0KkO,2010,G96
425042297,~0KkO,2010,G96
425042411,~0KkP,2009,G96
425042412,~0KkP,2009,G96
425042413,~0KkP,2009,G96
425042414,~0KkP,2009,G96
425042493,~0KkQ,2011,G96
425042494,~0KkQ,2011,G96
425042495,~0KkQ,2011,G96
425042496,~0KkQ,2011,G96
425042586,~0KkR,2009,G96
425042587,~0KkR,2009,G96
425042588,~0KkR,2009,G96
425042589,~0KkR,2009,G96
425042590,~0KkR,2012,G96
425042591,~0KkR,2012,G96
425042592,~0KkR,2012,G96
425042593,~0KkR,2012,G96
425042637,~0KkS,2011,G96
425042638,~0KkS,2011,G96
425042639,~0KkS,2011,G96
425042640,~0KkS,2011,G96
425042695,~0KkT,2011,G96
425042696,~0KkT,2011,G96
425042697,~0KkT,2011,G96
425042698,~0KkT,2011,G96
425042830,~0KkV,2006,G96
425042831,~0KkV,2006,G96
425042832,~0KkV,2006,G96
425042833,~0KkV,2006,G96
425042834,~0KkV,2010,G96
425042835,~0KkV,2010,G96
425042836,~0KkV,2010,G96
425042837,~0KkV,2010,G96
425042909,~0KkW,2008,G96
425042910,~0KkW,2008,G96
425042911,~0KkW,2008,G96
425042912,~0KkW,2008,G96
425042986,~0KkX,2005,G96
425042987,~0KkX,2005,G96
425042988,~0KkX,2005,G96
425042989,~0KkX,2005,G96
425042990,~0KkX,2009,G96
425042991,~0KkX,2009,G96
425042992,~0KkX,2009,G96
425042993,~0KkX,2009,G96
425042994,~0KkX,2009,G96
425042995,~0KkX,2009,G96
425042996,~0KkX,2009,G96
425042997,~0KkX,2009,G96
425043047,~0KkY,2010,G96
425043048,~0KkY,2010,G96
425043049,~0KkY,2010,G96
425043050,~0KkY,2010,G96
425043205,~0Kka,2010,G96
425043206,~0Kka,2010,G96
425043207,~0Kka,2010,G96
425043208,~0Kka,2010,G96
425043262,~0Kkb,2009,G96
425043263,~0Kkb,2009,G96
425043264,~0Kkb,2009,G96
425043265,~0Kkb,2009,G96
425043266,~0Kkb,2010,G96
425043267,~0Kkb,2010,G96
425043268,~0Kkb,2010,G96
425043269,~0Kkb,2010,G96
425043270,~0Kkb,2012,G96
425043271,~0Kkb,2012,G96
425043272,~0Kkb,2012,G96
425043273,~0Kkb,2012,G96
425043325,~0Kkc,2007,G96
425043326,~0Kkc,2007,G96
425043327,~0Kkc,2007,G96
425043328,~0Kkc,2007,G96
425043400,~0Kkd,2007,G96
425043401,~0Kkd,2007,G96
425043402,~0Kkd,2007,G96
425043403,~0Kkd,2007,G96
425043453,~0Kke,2008,G96
425043454,~0Kke,2008,G96
425043455,~0Kke,2008,G96
425043456,~0Kke,2008,G96
425043457,~0Kke,2011,G96
425043458,~0Kke,2011,G96
425043459,~0Kke,2011,G96
425043460,~0Kke,2011,G96
425043546,~0Kkf,2008,G96
425043547,~0Kkf,2008,G96
425043548,~0Kkf,2008,G96
425043549,~0Kkf,2008,G96
425043550,~0Kkf,2011,G96
425043551,~0Kkf,2011,G96
425043552,~0Kkf,2011,G96
425043553,~0Kkf,2011,G96
425043599,~0Kkg,2009,G96
425043600,~0Kkg,2009,G96
425043601,~0Kkg,2009,G96
425043602,~0Kkg,2009,G96
425043677,~0Kkh,2008,G96
425043678,~0Kkh,2008,G96
425043679,~0Kkh,2008,G96
425043680,~0Kkh,2008,G96
425043681,~0Kkh,2010,G96
425043682,~0Kkh,2010,G96
425043683,~0Kkh,2010,G96
425043684,~0Kkh,2010,G96
425043685,~0Kkh,2010,G96
425043686,~0Kkh,2010,G96
425043687,~0Kkh,2010,G96
425043688,~0Kkh,2010,G96
425043689,~0Kkh,2012,G96
425043690,~0Kkh,2012,G96
425043691,~0Kkh,2012,G96
425043692,~0Kkh,2012,G96
425043758,~0Kki,2012,G96
425043759,~0Kki,2012,G96
425043760,~0Kki,2012,G96
425043761,~0Kki,2012,G96
425043824,~0Kkj,2011,G96
425043825,~0Kkj,2011,G96
425043826,~0Kkj,2011,G96
425043827,~0Kkj,2011,G96
425043887,~0Kkk,2007,G96
425043888,~0Kkk,2007,G96
425043889,~0Kkk,2007,G96
425043890,~0Kkk,2007,G96
425043891,~0Kkk,2011,G96
425043892,~0Kkk,2011,G96
425043893,~0Kkk,2011,G96
425043894,~0Kkk,2011,G96
425044109,~0Kkn,2005,G96
425044110,~0Kkn,2005,G96
425044111,~0Kkn,2005,G96
425044112,~0Kkn,2005,G96
425044113,~0Kkn,2009,G96
425044114,~0Kkn,2009,G96
425044115,~0Kkn,2009,G96
425044116,~0Kkn,2009,G96
425044117,~0Kkn,2012,G96
425044118,~0Kkn,2012,G96
425044119,~0Kkn,2012,G96
425044227,~0Kkp,2009,G96
425044228,~0Kkp,2009,G96
425044229,~0Kkp,2009,G96
425044230,~0Kkp,2009,G96
425044231,~0Kkp,2010,G96
425044232,~0Kkp,2010,G96
425044233,~0Kkp,2010,G96
425044234,~0Kkp,2010,G96
425044366,~0Kkq,2010,G96
425044367,~0Kkq,2010,G96
425044368,~0Kkq,2010,G96
425044430,~0Kkr,2007,G96
425044431,~0Kkr,2007,G96
425044432,~0Kkr,2007,G96
425044433,~0Kkr,2007,G96
425044577,~0Kkt,2012,G96
425044578,~0Kkt,2012,G96
425044579,~0Kkt,2012,G96
425044580,~0Kkt,2012,G96
425044625,~0Kku,2007,G96
425044626,~0Kku,2007,G96
425044627,~0Kku,2007,G96
425044628,~0Kku,2007,G96
425044629,~0Kku,2010,G96
425044630,~0Kku,2010,G96
425044631,~0Kku,2010,G96
425044632,~0Kku,2010,G96
425044633,~0Kku,2012,G96
425044634,~0Kku,2012,G96
425044635,~0Kku,2012,G96
425044636,~0Kku,2012,G96
425044681,~0Kkv,2007,G96
425044682,~0Kkv,2007,G96
425044683,~0Kkv,2007,G96
425044684,~0Kkv,2007,G96
425044685,~0Kkv,2012,G96
425044686,~0Kkv,2012,G96
425044687,~0Kkv,2012,G96
425044688,~0Kkv,2012,G96
425044739,~0Kkw,2005,G96
425044740,~0Kkw,2005,G96
425044741,~0Kkw,2005,G96
425044742,~0Kkw,2010,G96
425044743,~0Kkw,2010,G96
425044744,~0Kkw,2010,G96
425044745,~0Kkw,2010,G96
425044746,~0Kkw,2010,G96
425044747,~0Kkw,2010,G96
425044748,~0Kkw,2010,G96
425044749,~0Kkw,2010,G96
425044810,~0Kkx,2010,G96
425044811,~0Kkx,2010,G96
425044812,~0Kkx,2010,G96
425044813,~0Kkx,2010,G96
425044814,~0Kkx,2010,G96
425044815,~0Kkx,2010,G96
425044816,~0Kkx,2010,G96
425044817,~0Kkx,2010,G96
425044818,~0Kkx,2011,G96
425044819,~0Kkx,2011,G96
425044820,~0Kkx,2011,G96
425044821,~0Kkx,2011,G96
425044859,~0Kky,2009,G96
425044860,~0Kky,2009,G96
425044861,~0Kky,2009,G96
425044862,~0Kky,2009,G96
425044863,~0Kky,2012,G96
425044864,~0Kky,2012,G96
425044865,~0Kky,2012,G96
425044866,~0Kky,2012,G96
425044926,~0Kkz,2012,G96
425044927,~0Kkz,2012,G96
425044928,~0Kkz,2012,G96
425044929,~0Kkz,2012,G96
425044978,~0Kl0,2007,G96
425044979,~0Kl0,2007,G96
425044980,~0Kl0,2007,G96
425044981,~0Kl0,2007,G96
425045040,~0Kl1,2008,G96
425045041,~0Kl1,2008,G96
425045042,~0Kl1,2008,G96
425045043,~0Kl1,2008,G96
425045044,~0Kl1,2010,G96
425045045,~0Kl1,2010,G96
425045046,~0Kl1,2010,G96
425045047,~0Kl1,2011,G96
425045048,~0Kl1,2011,G96
425045049,~0Kl1,2011,G96
425045050,~0Kl1,2011,G96
425045103,~0Kl2,2006,703
425045104,~0Kl2,2006,703
425045105,~0Kl2,2006,703
425045106,~0Kl2,2006,703
425045107,~0Kl2,2010,G96
425045108,~0Kl2,2010,G96
425045109,~0Kl2,2010,G96
425045110,~0Kl2,2010,G96
425045172,~0Kl3,2010,G96
425045173,~0Kl3,2010,G96
425045174,~0Kl3,2010,G96
425045175,~0Kl3,2010,G96
425045229,~0Kl4,2010,G96
425045230,~0Kl4,2010,G96
425045231,~0Kl4,2010,G96
425045232,~0Kl4,2010,G96
425045454,~0Kl7,2011,G96
425045455,~0Kl7,2011,G96
425045456,~0Kl7,2011,G96
425045457,~0Kl7,2011,G96
425045514,~0Kl8,2008,G96
425045515,~0Kl8,2008,G96
425045516,~0Kl8,2008,G96
425045517,~0Kl8,2008,G96
425045518,~0Kl8,2008,G96
425045519,~0Kl8,2008,G96
425045520,~0Kl8,2008,G96
425045521,~0Kl8,2008,G96
425045571,~0Kl9,2011,G96
425045572,~0Kl9,2011,G96
425045573,~0Kl9,2011,G96
425045574,~0Kl9,2011,G96
425045706,~0KlA,2010,G96
425045707,~0KlA,2010,G96
425045708,~0KlA,2010,G96
425045709,~0KlA,2010,G96
425045710,~0KlA,2012,G96
425045711,~0KlA,2012,G96
425045712,~0KlA,2012,G96
425045713,~0KlA,2012,G96
425045787,~0KlB,2005,G96
425045788,~0KlB,2005,G96
425045789,~0KlB,2005,G96
425045790,~0KlB,2005,G96
425045791,~0KlB,2012,G96
425045792,~0KlB,2012,G96
425045793,~0KlB,2012,G96
425045794,~0KlB,2012,G96
425045864,~0KlC,2012,G96
425045865,~0KlC,2012,G96
425045866,~0KlC,2012,G96
425045867,~0KlC,2012,G96
425045913,~0KlD,2010,G96
425045914,~0KlD,2010,G96
425045915,~0KlD,2010,G96
425045916,~0KlD,2010,G96
425045917,~0KlD,2012,G96
425045918,~0KlD,2012,G96
425045919,~0KlD,2012,G96
425045920,~0KlD,2012,G96
425046032,~0KlF,2007,G96
425046033,~0KlF,2007,G96
425046034,~0KlF,2007,G96
425046035,~0KlF,2007,G96
425046036,~0KlF,2010,G96
425046037,~0KlF,2010,G96
425046038,~0KlF,2010,G96
425046039,~0KlF,2010,G96
425046079,~0KlG,2008,G96
425046080,~0KlG,2008,G96
425046081,~0KlG,2008,G96
425046082,~0KlG,2008,G96
425046276,~0KlH,2008,G96
425046277,~0KlH,2008,G96
425046278,~0KlH,2008,G96
425046279,~0KlH,2008,G96
425046377,~0KlI,2012,G96
425046378,~0KlI,2012,G96
425046379,~0KlI,2012,G96
425046380,~0KlI,2012,G96
425046384,~0KlI,2012,G96
425046385,~0KlI,2012,G96
425046386,~0KlI,2012,G96
425046387,~0KlI,2012,G96
425046466,~0KlJ,2006,G96
425046467,~0KlJ,2006,G96
425046468,~0KlJ,2006,G96
425046469,~0KlJ,2006,G96
425046470,~0KlJ,2012,G96
425046471,~0KlJ,2012,G96
425046472,~0KlJ,2012,G96
425046473,~0KlJ,2012,G96
425046546,~0KlK,2008,G96
425046547,~0KlK,2008,G96
425046548,~0KlK,2008,G96
425046549,~0KlK,2008,G96
425046550,~0KlK,2008,G96
425046551,~0KlK,2008,G96
425046552,~0KlK,2008,G96
425046553,~0KlK,2008,G96
425046554,~0KlK,2008,G96
425046555,~0KlK,2008,G96
425046556,~0KlK,2008,G96
425046557,~0KlK,2008,G96
425046558,~0KlK,2011,G96
425046559,~0KlK,2011,G96
425046560,~0KlK,2011,G96
425046561,~0KlK,2011,G96
425046661,~0KlL,2008,G96
425046662,~0KlL,2008,G96
425046663,~0KlL,2008,G96
425046664,~0KlL,2008,G96
425046665,~0KlL,2010,G96
425046666,~0KlL,2010,G96
425046667,~0KlL,2010,G96
425046668,~0KlL,2010,G96
425046754,~0KlM,2006,G96
425046755,~0KlM,2006,G96
425046756,~0KlM,2006,G96
425046757,~0KlM,2006,G96
425046890,~0KlO,2010,G96
425046891,~0KlO,2010,G96
425046892,~0KlO,2010,G96
425046893,~0KlO,2010,G96
425046960,~0KlP,2012,G96
425046961,~0KlP,2012,G96
425046962,~0KlP,2012,G96
425046963,~0KlP,2012,G96
425047040,~0KlQ,2005,G96
425047041,~0KlQ,2005,G96
425047042,~0KlQ,2005,G96
425047043,~0KlQ,2005,G96
425047050,~0KlQ,2012,G96
425047051,~0KlQ,2012,G96
425047052,~0KlQ,2012,G96
425047053,~0KlQ,2012,G96
425047191,~0KlS,2007,G96
425047192,~0KlS,2007,G96
425047193,~0KlS,2007,G96
425047194,~0KlS,2007,G96
425047195,~0KlS,2007,G96
425047196,~0KlS,2007,G96
425047197,~0KlS,2007,G96
425047198,~0KlS,2007,G96
425047199,~0KlS,2010,G96
425047200,~0KlS,2010,G96
425047201,~0KlS,2010,G96
425047202,~0KlS,2010,G96
425047203,~0KlS,2012,G96
425047204,~0KlS,2012,G96
425047205,~0KlS,2012,G96
425047206,~0KlS,2012,G96
425047351,~0KlU,2012,G96
425047352,~0KlU,2012,G96
425047353,~0KlU,2012,G96
425047354,~0KlU,2012,G96
425047402,~0KlV,2007,G96
425047403,~0KlV,2007,G96
425047404,~0KlV,2007,G96
425047405,~0KlV,2007,G96
425047406,~0KlV,2007,G96
425047407,~0KlV,2007,G96
425047408,~0KlV,2007,G96
425047409,~0KlV,2007,G96
425047496,~0KlW,2005,G96
425047497,~0KlW,2005,G96
425047498,~0KlW,2005,G96
425047499,~0KlW,2005,G96
425047504,~0KlW,2012,G96
425047505,~0KlW,2012,G96
425047506,~0KlW,2012,G96
425047507,~0KlW,2012,G96
425047579,~0KlX,2012,G96
425047580,~0KlX,2012,G96
425047581,~0KlX,2012,G96
425047582,~0KlX,2012,G96
425047661,~0KlY,2008,G96
425047662,~0KlY,2008,G96
425047663,~0KlY,2008,G96
425047664,~0KlY,2008,G96
425047788,~0Kla,2007,G96
425047789,~0Kla,2007,G96
425047790,~0Kla,2007,G96
425047791,~0Kla,2007,G96
425047792,~0Kla,2010,G96
425047793,~0Kla,2010,G96
425047794,~0Kla,2010,G96
425047795,~0Kla,2010,G96
425047847,~0Klb,2008,G96
425047848,~0Klb,2008,G96
425047849,~0Klb,2008,G96
425047850,~0Klb,2008,G96
425047851,~0Klb,2011,G96
425047852,~0Klb,2011,G96
425047853,~0Klb,2011,G96
425047854,~0Klb,2011,G96
425047855,~0Klb,2011,G96
425047856,~0Klb,2011,G96
425047857,~0Klb,2011,G96
425047929,~0Klc,2008,G96
425047930,~0Klc,2008,G96
425047931,~0Klc,2008,G96
425047932,~0Klc,2008,G96
425047991,~0Kld,2010,G96
425047992,~0Kld,2010,G96
425047993,~0Kld,2010,G96
425047994,~0Kld,2010,G96
425047995,~0Kld,2011,G96
425047996,~0Kld,2011,G96
425047997,~0Kld,2011,G96
425047998,~0Kld,2011,G96
425048136,~0Klf,2005,G96
425048137,~0Klf,2005,G96
425048138,~0Klf,2005,G96
425048139,~0Klf,2005,G96
425048140,~0Klf,2007,G96
425048141,~0Klf,2007,G96
425048142,~0Klf,2007,G96
425048143,~0Klf,2007,G96
425048276,~0Klh,2009,G96
425048277,~0Klh,2009,G96
425048278,~0Klh,2009,G96
425048279,~0Klh,2009,G96
425048280,~0Klh,2011,G96
425048281,~0Klh,2011,G96
425048282,~0Klh,2011,G96
425048283,~0Klh,2011,G96
425048327,~0Kli,2010,G96
425048328,~0Kli,2010,G96
425048329,~0Kli,2010,G96
425048330,~0Kli,2010,G96
425048397,~0Klj,2008,G96
425048398,~0Klj,2008,G96
425048399,~0Klj,2008,G96
425048400,~0Klj,2008,G96
425048401,~0Klj,2008,G96
425048402,~0Klj,2008,G96
425048403,~0Klj,2008,G96
425048404,~0Klj,2012,G96
425048405,~0Klj,2012,G96
425048406,~0Klj,2012,G96
425048407,~0Klj,2012,G96
425048481,~0Klk,2005,G96
425048482,~0Klk,2005,G96
425048483,~0Klk,2005,G96
425048484,~0Klk,2005,G96
425048485,~0Klk,2005,G96
425048486,~0Klk,2005,G96
425048487,~0Klk,2005,G96
425048488,~0Klk,2005,G96
425048489,~0Klk,2010,G96
425048490,~0Klk,2010,G96
425048491,~0Klk,2010,G96
425048492,~0Klk,2010,G96
425048540,~0Kll,2007,G96
425048541,~0Kll,2007,G96
425048542,~0Kll,2007,G96
425048543,~0Kll,2007,G96
425048544,~0Kll,2009,G96
425048545,~0Kll,2009,G96
425048546,~0Kll,2009,G96
425048547,~0Kll,2009,G96
425048595,~0Klm,2007,G96
425048596,~0Klm,2007,G96
425048597,~0Klm,2007,G96
425048598,~0Klm,2007,G96
425048599,~0Klm,2009,G96
425048600,~0Klm,2009,G96
425048601,~0Klm,2009,G96
425048602,~0Klm,2009,G96
425048607,~0Klm,2012,G96
425048608,~0Klm,2012,G96
425048609,~0Klm,2012,G96
425048610,~0Klm,2012,G96
425048650,~0Kln,2006,G96
425048651,~0Kln,2006,G96
425048652,~0Kln,2006,G96
425048653,~0Kln,2006,G96
425048723,~0Klo,2005,G96
425048724,~0Klo,2005,G96
425048725,~0Klo,2005,G96
425048726,~0Klo,2005,G96
425048730,~0Klo,2010,G96
425048731,~0Klo,2010,G96
425048732,~0Klo,2010,G96
425048733,~0Klo,2010,G96
425048734,~0Klo,2010,G96
425048735,~0Klo,2010,G96
425048736,~0Klo,2010,G96
425048737,~0Klo,2010,G96
425048799,~0Klp,2007,G96
425048800,~0Klp,2007,G96
425048801,~0Klp,2007,G96
425048802,~0Klp,2007,G96
425048851,~0Klq,2005,G96
425048852,~0Klq,2005,G96
425048853,~0Klq,2005,G96
425048854,~0Klq,2005,G96
425048855,~0Klq,2007,G96
425048856,~0Klq,2007,G96
425048857,~0Klq,2007,G96
425048858,~0Klq,2007,G96
425048859,~0Klq,2007,G96
425048860,~0Klq,2007,G96
425048861,~0Klq,2007,G96
425048862,~0Klq,2007,G96
425048863,~0Klq,2010,G96
425048864,~0Klq,2010,G96
425048865,~0Klq,2010,G96
425048866,~0Klq,2010,G96
425049032,~0Kls,2007,G96
425049033,~0Kls,2007,G96
425049034,~0Kls,2007,G96
425049038,~0Kls,2007,G96
425049039,~0Kls,2007,G96
425049040,~0Kls,2007,G96
425049041,~0Kls,2007,G96
425049042,~0Kls,2009,G96
425049043,~0Kls,2009,G96
425049044,~0Kls,2009,G96
425049045,~0Kls,2009,G96
425049046,~0Kls,2009,G96
425049047,~0Kls,2009,G96
425049048,~0Kls,2009,G96
425049049,~0Kls,2009,G96
425049123,~0Klt,2008,G96
425049124,~0Klt,2008,G96
425049125,~0Klt,2008,G96
425049126,~0Klt,2008,G96
425049269,~0Klv,2007,G96
425049270,~0Klv,2007,G96
425049271,~0Klv,2007,G96
425049272,~0Klv,2007,G96
425049574,~0Kly,2011,G96
425049575,~0Kly,2011,G96
425049576,~0Kly,2011,G96
425049577,~0Kly,2011,G96
425049642,~0Klz,2011,G96
425049643,~0Klz,2011,G96
425049644,~0Klz,2011,G96
425049645,~0Klz,2011,G96
425049698,~0Km0,2008,G96
425049699,~0Km0,2008,G96
425049700,~0Km0,2008,G96
425049701,~0Km0,2008,G96
425049702,~0Km0,2011,G96
425049703,~0Km0,2011,G96
425049704,~0Km0,2011,G96
425049705,~0Km0,2011,G96
425049805,~0Km2,2010,G96
425049806,~0Km2,2010,G96
425049807,~0Km2,2010,G96
425049868,~0Km3,2005,G96
425049869,~0Km3,2005,G96
425049870,~0Km3,2005,G96
425049871,~0Km3,2005,G96
425050002,~0Km5,2010,G96
425050003,~0Km5,2010,G96
425050004,~0Km5,2010,G96
425050005,~0Km5,2010,G96
425050082,~0Km6,2008,G96
425050083,~0Km6,2008,G96
425050084,~0Km6,2008,G96
425050085,~0Km6,2008,G96
425050225,~0Km8,2007,G96
425050226,~0Km8,2007,G96
425050227,~0Km8,2007,G96
425050228,~0Km8,2007,G96
425050229,~0Km8,2010,G96
425050230,~0Km8,2010,G96
425050231,~0Km8,2010,G96
425050232,~0Km8,2010,G96
425050304,~0Km9,2012,G96
425050305,~0Km9,2012,G96
425050306,~0Km9,2012,G96
425050307,~0Km9,2012,G96
425050375,~0KmA,2010,G96
425050376,~0KmA,2010,G96
425050377,~0KmA,2010,G96
425050378,~0KmA,2010,G96
425050450,~0KmB,2007,G96
425050451,~0KmB,2007,G96
425050452,~0KmB,2007,G96
425050453,~0KmB,2007,G96
425050454,~0KmB,2012,G96
425050455,~0KmB,2012,G96
425050456,~0KmB,2012,G96
425050457,~0KmB,2012,G96
425050544,~0KmC,2011,G96
425050545,~0KmC,2011,G96
425050546,~0KmC,2011,G96
425050547,~0KmC,2011,G96
425050710,~0KmE,2010,G96
425050711,~0KmE,2010,G96
425050712,~0KmE,2010,G96
425050713,~0KmE,2010,G96
425050714,~0KmE,2010,G96
425050715,~0KmE,2010,G96
425050716,~0KmE,2010,G96
425050717,~0KmE,2010,G96
425050768,~0KmF,2007,G96
425050769,~0KmF,2007,G96
425050770,~0KmF,2007,G96
425050771,~0KmF,2007,G96
425050772,~0KmF,2007,G96
425050773,~0KmF,2007,G96
425050774,~0KmF,2007,G96
425050775,~0KmF,2007,G96
425050866,~0KmG,2011,G96
425050867,~0KmG,2011,G96
425050868,~0KmG,2011,G96
425050869,~0KmG,2011,G96
425050930,~0KmH,2011,G96
425050931,~0KmH,2011,G96
425050932,~0KmH,2011,G96
425050933,~0KmH,2011,G96
425050934,~0KmH,2011,G96
425050935,~0KmH,2011,G96
425050936,~0KmH,2011,G96
425050937,~0KmH,2011,G96
425051008,~0KmI,2010,G96
425051009,~0KmI,2010,G96
425051010,~0KmI,2010,G96
425051011,~0KmI,2010,G96
425051096,~0KmJ,2007,G96
425051097,~0KmJ,2007,G96
425051098,~0KmJ,2007,G96
425051099,~0KmJ,2007,G96
425051153,~0KmK,2010,G96
425051154,~0KmK,2010,G96
425051155,~0KmK,2010,G96
425051156,~0KmK,2010,G96
425051238,~0KmL,2010,G96
425051239,~0KmL,2010,G96
425051240,~0KmL,2010,G96
425051241,~0KmL,2010,G96
425051242,~0KmL,2010,G96
425051243,~0KmL,2010,G96
425051244,~0KmL,2010,G96
425051245,~0KmL,2010,G96
425051246,~0KmL,2010,G96
425051247,~0KmL,2010,G96
425051248,~0KmL,2010,G96
425051249,~0KmL,2010,G96
425051313,~0KmM,2012,G96
425051314,~0KmM,2012,G96
425051315,~0KmM,2012,G96
425051316,~0KmM,2012,G96
425051389,~0KmN,2007,G96
425051390,~0KmN,2007,G96
425051391,~0KmN,2007,G96
425051392,~0KmN,2007,G96
425051399,~0KmN,2010,G96
425051400,~0KmN,2010,G96
425051401,~0KmN,2010,G96
425051402,~0KmN,2010,G96
425051464,~0KmO,2007,G96
425051465,~0KmO,2007,G96
425051466,~0KmO,2007,G96
425051467,~0KmO,2007,G96
425051472,~0KmO,2012,G96
425051473,~0KmO,2012,G96
425051474,~0KmO,2012,G96
425051475,~0KmO,2012,G96
425051603,~0KmQ,2005,G96
425051604,~0KmQ,2005,G96
425051605,~0KmQ,2005,G96
425051606,~0KmQ,2005,G96
425051607,~0KmQ,2010,G96
425051608,~0KmQ,2010,G96
425051609,~0KmQ,2010,G96
425051610,~0KmQ,2010,G96
425051670,~0KmR,2007,G96
425051671,~0KmR,2007,G96
425051672,~0KmR,2007,G96
425051673,~0KmR,2007,G96
425051725,~0KmS,2008,G96
425051726,~0KmS,2008,G96
425051727,~0KmS,2008,G96
425051728,~0KmS,2008,G96
425051729,~0KmS,2012,G96
425051730,~0KmS,2012,G96
425051731,~0KmS,2012,G96
425051732,~0KmS,2012,G96
425051816,~0KmT,2009,G96
425051817,~0KmT,2009,G96
425051818,~0KmT,2009,G96
425051819,~0KmT,2009,G96
425051954,~0KmV,2007,G96
425051955,~0KmV,2007,G96
425051956,~0KmV,2007,G96
425051957,~0KmV,2007,G96
425052023,~0KmW,2007,G96
425052024,~0KmW,2007,G96
425052025,~0KmW,2007,G96
425052026,~0KmW,2007,G96
425052027,~0KmW,2007,G96
425052028,~0KmW,2007,G96
425052029,~0KmW,2007,G96
425052030,~0KmW,2007,G96
425052031,~0KmW,2010,G96
425052032,~0KmW,2010,G96
425052033,~0KmW,2010,G96
425052034,~0KmW,2010,G96
425052119,~0KmX,2010,G96
425052120,~0KmX,2010,G96
425052121,~0KmX,2010,G96
425052122,~0KmX,2010,G96
425052123,~0KmX,2011,G96
425052124,~0KmX,2011,G96
425052125,~0KmX,2011,G96
425052126,~0KmX,2011,G96
425052183,~0KmY,2012,G96
425052184,~0KmY,2012,G96
425052185,~0KmY,2012,G96
425052186,~0KmY,2012,G96
425052243,~0KmZ,2012,G96
425052244,~0KmZ,2012,G96
425052245,~0KmZ,2012,G96
425052246,~0KmZ,2012,G96
425052247,~0KmZ,2012,G96
425052248,~0KmZ,2012,G96
425052249,~0KmZ,2012,G96
425052310,~0Kma,2007,G96
425052311,~0Kma,2007,G96
425052312,~0Kma,2007,G96
425052313,~0Kma,2007,G96
425052314,~0Kma,2008,G96
425052315,~0Kma,2008,G96
425052316,~0Kma,2008,G96
425052317,~0Kma,2008,G96
425052381,~0Kmb,2010,G96
425052382,~0Kmb,2010,G96
425052383,~0Kmb,2010,G96
425052384,~0Kmb,2010,G96
425052431,~0Kmc,2008,G96
425052432,~0Kmc,2008,G96
425052433,~0Kmc,2008,G96
425052434,~0Kmc,2008,G96
425052445,~0Kmc,2010,G96
425052446,~0Kmc,2010,G96
425052447,~0Kmc,2010,G96
425052448,~0Kmc,2010,G96
425052525,~0Kmd,2010,G96
425052526,~0Kmd,2010,G96
425052527,~0Kmd,2010,G96
425052528,~0Kmd,2010,G96
425052711,~0Kmf,2006,G96
425052712,~0Kmf,2006,G96
425052713,~0Kmf,2006,G96
425052714,~0Kmf,2006,G96
425052782,~0Kmg,2010,G96
425052783,~0Kmg,2010,G96
425052784,~0Kmg,2010,G96
425052785,~0Kmg,2010,G96
425052786,~0Kmg,2010,G96
425052787,~0Kmg,2010,G96
425052788,~0Kmg,2010,G96
425052789,~0Kmg,2010,G96
425052790,~0Kmg,2010,G96
425052791,~0Kmg,2010,G96
425052792,~0Kmg,2010,G96
425052793,~0Kmg,2010,G96
425052940,~0Kmi,2007,G96
425052941,~0Kmi,2007,G96
425052942,~0Kmi,2007,G96
425052943,~0Kmi,2007,G96
425052990,~0Kmj,2008,G96
425052991,~0Kmj,2008,G96
425052992,~0Kmj,2008,G96
425052993,~0Kmj,2008,G96
425052994,~0Kmj,2009,G96
425052995,~0Kmj,2009,G96
425052996,~0Kmj,2009,G96
425052997,~0Kmj,2009,G96
425052998,~0Kmj,2010,G96
425052999,~0Kmj,2010,G96
425053000,~0Kmj,2010,G96
425053001,~0Kmj,2010,G96
425053061,~0Kmk,2007,G96
425053062,~0Kmk,2007,G96
425053063,~0Kmk,2007,G96
425053064,~0Kmk,2007,G96
425053065,~0Kmk,2007,G96
425053066,~0Kmk,2007,G96
425053067,~0Kmk,2007,G96
425053068,~0Kmk,2007,G96
425053134,~0Kml,2009,G96
425053135,~0Kml,2009,G96
425053136,~0Kml,2009,G96
425053137,~0Kml,2009,G96
425053247,~0Kmn,2010,G96
425053248,~0Kmn,2010,G96
425053249,~0Kmn,2010,G96
425053250,~0Kmn,2010,G96
425053307,~0Kmo,2010,G96
425053308,~0Kmo,2010,G96
425053309,~0Kmo,2010,G96
425053310,~0Kmo,2010,G96
425053493,~0Kmr,2011,G96
425053494,~0Kmr,2011,G96
425053495,~0Kmr,2011,G96
425053496,~0Kmr,2011,G96
425053550,~0Kms,2011,G96
425053551,~0Kms,2011,G96
425053552,~0Kms,2011,G96
425053553,~0Kms,2011,G96
425053599,~0Kmt,2008,G96
425053600,~0Kmt,2008,G96
425053601,~0Kmt,2008,G96
425053602,~0Kmt,2008,G96
425053603,~0Kmt,2011,G96
425053604,~0Kmt,2011,G96
425053605,~0Kmt,2011,G96
425053606,~0Kmt,2011,G96
425053659,~0Kmu,2009,G96
425053660,~0Kmu,2009,G96
425053661,~0Kmu,2009,G96
425053662,~0Kmu,2009,G96
425053713,~0Kmv,2007,G96
425053714,~0Kmv,2007,G96
425053715,~0Kmv,2007,G96
425053716,~0Kmv,2007,G96
425053717,~0Kmv,2009,G96
425053718,~0Kmv,2009,G96
425053719,~0Kmv,2009,G96
425053720,~0Kmv,2009,G96
425053721,~0Kmv,2010,G96
425053722,~0Kmv,2010,G96
425053723,~0Kmv,2010,G96
425053742,~0Kmv,2012,G96
425053743,~0Kmv,2012,G96
425053744,~0Kmv,2012,G96
425053745,~0Kmv,2012,G96
425053809,~0Kmw,2009,G96
425053810,~0Kmw,2009,G96
425053811,~0Kmw,2009,G96
425053812,~0Kmw,2009,G96
425053874,~0Kmx,2010,G96
425053875,~0Kmx,2010,G96
425053876,~0Kmx,2010,G96
425053877,~0Kmx,2010,G96
425053935,~0Kmy,2008,G96
425053936,~0Kmy,2008,G96
425053937,~0Kmy,2008,G96
425053938,~0Kmy,2008,G96
425053988,~0Kmz,2011,G96
425053989,~0Kmz,2011,G96
425053990,~0Kmz,2011,G96
425053991,~0Kmz,2011,G96
425054057,~0Kn0,2007,G96
425054058,~0Kn0,2007,G96
425054059,~0Kn0,2007,G96
425054060,~0Kn0,2007,G96
425054061,~0Kn0,2011,G96
425054062,~0Kn0,2011,G96
425054063,~0Kn0,2011,G96
425054064,~0Kn0,2011,G96
425054147,~0Kn1,2006,G96
425054148,~0Kn1,2006,G96
425054149,~0Kn1,2006,G96
425054150,~0Kn1,2006,G96
425054210,~0Kn2,2012,G96
425054211,~0Kn2,2012,G96
425054212,~0Kn2,2012,G96
425054272,~0Kn3,2008,G96
425054273,~0Kn3,2008,G96
425054274,~0Kn3,2008,G96
425054275,~0Kn3,2008,G96
425054276,~0Kn3,2011,G96
425054277,~0Kn3,2011,G96
425054278,~0Kn3,2011,G96
425054279,~0Kn3,2011,G96
425054280,~0Kn3,2012,G96
425054281,~0Kn3,2012,G96
425054282,~0Kn3,2012,G96
425054283,~0Kn3,2012,G96
425054341,~0Kn4,2012,G96
425054342,~0Kn4,2012,G96
425054343,~0Kn4,2012,G96
425054442,~0Kn5,2011,G96
425054443,~0Kn5,2011,G96
425054444,~0Kn5,2011,G96
425054445,~0Kn5,2011,G96
425054562,~0Kn7,2009,G96
425054563,~0Kn7,2009,G96
425054564,~0Kn7,2009,G96
425054565,~0Kn7,2009,G96
425054566,~0Kn7,2009,G96
425054567,~0Kn7,2009,G96
425054568,~0Kn7,2009,G96
425054569,~0Kn7,2009,G96
425054570,~0Kn7,2012,G96
425054571,~0Kn7,2012,G96
425054572,~0Kn7,2012,G96
425054573,~0Kn7,2012,G96
425054619,~0Kn8,2010,G96
425054620,~0Kn8,2010,G96
425054621,~0Kn8,2010,G96
425054622,~0Kn8,2010,G96
425054694,~0Kn9,2005,G96
425054695,~0Kn9,2005,G96
425054696,~0Kn9,2005,G96
425054697,~0Kn9,2005,G96
425054698,~0Kn9,2011,G96
425054699,~0Kn9,2011,G96
425054700,~0Kn9,2011,G96
425054701,~0Kn9,2011,G96
425054702,~0Kn9,2011,G96
425054703,~0Kn9,2011,G96
425054704,~0Kn9,2011,G96
425054705,~0Kn9,2011,G96
425054756,~0KnA,2009,G96
425054757,~0KnA,2009,G96
425054758,~0KnA,2009,G96
425054759,~0KnA,2009,G96
425054821,~0KnB,2007,G96
425054822,~0KnB,2007,G96
425054823,~0KnB,2007,G96
425054824,~0KnB,2007,G96
425054908,~0KnC,2005,G96
425054909,~0KnC,2005,G96
425054910,~0KnC,2005,G96
425054911,~0KnC,2005,G96
425054978,~0KnD,2008,G96
425054979,~0KnD,2008,G96
425054980,~0KnD,2008,G96
425054981,~0KnD,2008,G96
425054982,~0KnD,2008,G96
425054983,~0KnD,2008,G96
425054984,~0KnD,2008,G96
425054985,~0KnD,2008,G96
425055053,~0KnE,2006,G96
425055054,~0KnE,2006,G96
425055055,~0KnE,2006,G96
425055056,~0KnE,2006,G96
425055060,~0KnE,2011,G96
425055061,~0KnE,2011,G96
425055062,~0KnE,2011,G96
425055063,~0KnE,2011,G96
425055109,~0KnF,2008,G96
425055110,~0KnF,2008,G96
425055111,~0KnF,2008,G96
425055112,~0KnF,2008,G96
425055113,~0KnF,2008,G96
425055114,~0KnF,2008,G96
425055115,~0KnF,2008,G96
425055116,~0KnF,2008,G96
425055117,~0KnF,2011,G96
425055118,~0KnF,2011,G96
425055119,~0KnF,2011,G96
425055120,~0KnF,2011,G96
425055229,~0KnH,2010,G96
425055230,~0KnH,2010,G96
425055231,~0KnH,2010,G96
425055232,~0KnH,2010,G96
425055233,~0KnH,2012,G96
425055234,~0KnH,2012,G96
425055235,~0KnH,2012,G96
425055236,~0KnH,2012,G96
425055349,~0KnJ,2007,G96
425055350,~0KnJ,2007,G96
425055351,~0KnJ,2007,G96
425055352,~0KnJ,2007,G96
425055353,~0KnJ,2012,G96
425055354,~0KnJ,2012,G96
425055355,~0KnJ,2012,G96
425055356,~0KnJ,2012,G96
425055402,~0KnK,2012,G96
425055403,~0KnK,2012,G96
425055404,~0KnK,2012,G96
425055452,~0KnL,2009,G96
425055453,~0KnL,2009,G96
425055454,~0KnL,2009,G96
425055455,~0KnL,2009,G96
425055456,~0KnL,2010,G96
425055457,~0KnL,2010,G96
425055458,~0KnL,2010,G96
425055459,~0KnL,2010,G96
425055460,~0KnL,2012,G96
425055461,~0KnL,2012,G96
425055462,~0KnL,2012,G96
425055463,~0KnL,2012,G96
425055524,~0KnM,2010,G96
425055525,~0KnM,2010,G96
425055526,~0KnM,2010,G96
425055527,~0KnM,2010,G96
425055528,~0KnM,2010,G96
425055529,~0KnM,2010,G96
425055530,~0KnM,2010,G96
425055531,~0KnM,2010,G96
425055605,~0KnN,2007,G96
425055606,~0KnN,2007,G96
425055607,~0KnN,2007,G96
425055608,~0KnN,2007,G96
425055609,~0KnN,2008,703
425055610,~0KnN,2008,703
425055611,~0KnN,2008,703
425055612,~0KnN,2008,703
425055694,~0KnO,2010,G96
425055695,~0KnO,2010,G96
425055696,~0KnO,2010,G96
425055697,~0KnO,2010,G96
425055698,~0KnO,2010,G96
425055699,~0KnO,2010,G96
425055700,~0KnO,2010,G96
425055701,~0KnO,2010,G96
425055776,~0KnP,2007,G96
425055777,~0KnP,2007,G96
425055778,~0KnP,2007,G96
425055779,~0KnP,2007,G96
425055780,~0KnP,2009,G96
425055781,~0KnP,2009,G96
425055782,~0KnP,2009,G96
425055783,~0KnP,2009,G96
425055787,~0KnP,2012,G96
425055788,~0KnP,2012,G96
425055789,~0KnP,2012,G96
425055790,~0KnP,2012,G96
425055868,~0KnQ,2007,G96
425055869,~0KnQ,2007,G96
425055870,~0KnQ,2007,G96
425055871,~0KnQ,2007,G96
425055956,~0KnR,2012,G96
425055957,~0KnR,2012,G96
425055958,~0KnR,2012,G96
425055959,~0KnR,2012,G96
425055960,~0KnR,2012,G96
425055961,~0KnR,2012,G96
425055962,~0KnR,2012,G96
425055963,~0KnR,2012,G96
425056023,~0KnS,2007,G96
425056024,~0KnS,2007,G96
425056025,~0KnS,2007,G96
425056026,~0KnS,2007,G96
425056027,~0KnS,2010,G96
425056028,~0KnS,2010,G96
425056029,~0KnS,2010,G96
425056030,~0KnS,2010,G96
425056103,~0KnT,2010,G96
425056104,~0KnT,2010,G96
425056105,~0KnT,2010,G96
425056106,~0KnT,2010,G96
425056163,~0KnU,2010,G96
425056164,~0KnU,2010,G96
425056165,~0KnU,2010,G96
425056166,~0KnU,2011,G96
425056167,~0KnU,2011,G96
425056168,~0KnU,2011,G96
425056169,~0KnU,2011,G96
425056170,~0KnU,2011,G96
425056171,~0KnU,2011,G96
425056172,~0KnU,2011,G96
425056173,~0KnU,2011,G96
425056232,~0KnV,2010,G96
425056233,~0KnV,2010,G96
425056234,~0KnV,2010,G96
425056235,~0KnV,2010,G96
425056291,~0KnW,2012,G96
425056292,~0KnW,2012,G96
425056293,~0KnW,2012,G96
425056294,~0KnW,2012,G96
425056495,~0KnZ,2008,G96
425056496,~0KnZ,2008,G96
425056497,~0KnZ,2008,G96
425056547,~0Kna,2008,G96
425056548,~0Kna,2008,G96
425056549,~0Kna,2008,G96
425056550,~0Kna,2008,G96
425056551,~0Kna,2012,G96
425056552,~0Kna,2012,G96
425056553,~0Kna,2012,G96
425056554,~0Kna,2012,G96
425056668,~0Knc,2007,G96
425056669,~0Knc,2007,G96
425056670,~0Knc,2007,G96
425056671,~0Knc,2007,G96
425056672,~0Knc,2007,G96
425056673,~0Knc,2007,G96
425056674,~0Knc,2007,G96
425056675,~0Knc,2007,G96
425056678,~0Knc,2011,G96
425056679,~0Knc,2011,G96
425056680,~0Knc,2011,G96
425056681,~0Knc,2011,G96
425056685,~0Knc,2012,G96
425056686,~0Knc,2012,G96
425056687,~0Knc,2012,G96
425056688,~0Knc,2012,G96
425056815,~0Knd,2009,G96
425056816,~0Knd,2009,G96
425056817,~0Knd,2009,G96
425056818,~0Knd,2009,G96
425056819,~0Knd,2010,G96
425056820,~0Knd,2010,G96
425056821,~0Knd,2010,G96
425056822,~0Knd,2010,G96
425056823,~0Knd,2011,G96
425056824,~0Knd,2011,G96
425056825,~0Knd,2011,G96
425056826,~0Knd,2011,G96
425056905,~0Kne,2011,G96
425056906,~0Kne,2011,G96
425056907,~0Kne,2011,G96
425056908,~0Kne,2011,G96
425056976,~0Knf,2009,G96
425056977,~0Knf,2009,G96
425056978,~0Knf,2009,G96
425056979,~0Knf,2011,G96
425056980,~0Knf,2011,G96
425056981,~0Knf,2011,G96
425056982,~0Knf,2011,G96
425057068,~0Kng,2008,G96
425057069,~0Kng,2008,G96
425057070,~0Kng,2008,G96
425057071,~0Kng,2008,G96
425057118,~0Knh,2007,G96
425057119,~0Knh,2007,G96
425057120,~0Knh,2007,G96
425057121,~0Knh,2007,G96
425057242,~0Knj,2007,G96
425057243,~0Knj,2007,G96
425057244,~0Knj,2007,G96
425057245,~0Knj,2007,G96
425057246,~0Knj,2008,G96
425057247,~0Knj,2008,G96
425057248,~0Knj,2008,G96
425057249,~0Knj,2008,G96
425057250,~0Knj,2009,G96
425057251,~0Knj,2009,G96
425057252,~0Knj,2009,G96
425057253,~0Knj,2009,G96
425057254,~0Knj,2011,G96
425057255,~0Knj,2011,G96
425057256,~0Knj,2011,G96
425057257,~0Knj,2011,G96
425057258,~0Knj,2012,G96
425057259,~0Knj,2012,G96
425057260,~0Knj,2012,G96
425057261,~0Knj,2012,G96
425057343,~0Knk,2009,G96
425057344,~0Knk,2009,G96
425057345,~0Knk,2009,G96
425057346,~0Knk,2009,G96
425057361,~0Knk,2011,G96
425057362,~0Knk,2011,G96
425057363,~0Knk,2011,G96
425057364,~0Knk,2011,G96
425057365,~0Knk,2011,G96
425057366,~0Knk,2011,G96
425057367,~0Knk,2011,G96
425057368,~0Knk,2011,G96
425057576,~0Knn,2005,G96
425057577,~0Knn,2005,G96
425057578,~0Knn,2005,G96
425057579,~0Knn,2005,G96
425057768,~0Knq,2009,G96
425057769,~0Knq,2009,G96
425057770,~0Knq,2009,G96
425057771,~0Knq,2009,G96
425057772,~0Knq,2011,G96
425057773,~0Knq,2011,G96
425057774,~0Knq,2011,G96
425057775,~0Knq,2011,G96
425057821,~0Knr,2007,G96
425057822,~0Knr,2007,G96
425057823,~0Knr,2007,G96
425057824,~0Knr,2007,G96
425057881,~0Kns,2008,G96
425057882,~0Kns,2008,G96
425057883,~0Kns,2008,G96
425057884,~0Kns,2008,G96
425057945,~0Knt,2009,G96
425057946,~0Knt,2009,G96
425057947,~0Knt,2009,G96
425057948,~0Knt,2009,G96
425057949,~0Knt,2011,703
425057950,~0Knt,2011,703
425057951,~0Knt,2011,703
425057952,~0Knt,2011,703
425057953,~0Knt,2011,G96
425057954,~0Knt,2011,G96
425057955,~0Knt,2011,G96
425057956,~0Knt,2011,G96
425058019,~0Knu,2006,G96
425058020,~0Knu,2006,G96
425058021,~0Knu,2006,G96
425058022,~0Knu,2006,G96
425058023,~0Knu,2010,G96
425058024,~0Knu,2010,G96
425058025,~0Knu,2010,G96
425058026,~0Knu,2010,G96
425058027,~0Knu,2010,G96
425058028,~0Knu,2010,G96
425058029,~0Knu,2010,G96
425058030,~0Knu,2010,G96
425058080,~0Knv,2011,G96
425058081,~0Knv,2011,G96
425058082,~0Knv,2011,G96
425058083,~0Knv,2011,G96
425058146,~0Knw,2007,G96
425058147,~0Knw,2007,G96
425058148,~0Knw,2007,G96
425058149,~0Knw,2007,G96
425058150,~0Knw,2011,G96
425058151,~0Knw,2011,G96
425058152,~0Knw,2011,G96
425058153,~0Knw,2011,G96
425058154,~0Knw,2011,703
425058155,~0Knw,2011,703
425058156,~0Knw,2011,703
425058157,~0Knw,2011,703
425058213,~0Knx,2008,G96
425058214,~0Knx,2008,G96
425058215,~0Knx,2008,G96
425058216,~0Knx,2008,G96
425058285,~0Kny,2005,G96
425058286,~0Kny,2005,G96
425058287,~0Kny,2005,G96
425058288,~0Kny,2005,G96
425058289,~0Kny,2007,G96
425058290,~0Kny,2007,G96
425058291,~0Kny,2007,G96
425058292,~0Kny,2007,G96
425058296,~0Kny,2011,G96
425058297,~0Kny,2011,G96
425058298,~0Kny,2011,G96
425058299,~0Kny,2011,G96
425058364,~0Knz,2005,G96
425058365,~0Knz,2005,G96
425058366,~0Knz,2005,G96
425058367,~0Knz,2005,G96
425058430,~0Ko0,2011,G96
425058431,~0Ko0,2011,G96
425058432,~0Ko0,2011,G96
425058433,~0Ko0,2011,G96
425058434,~0Ko0,2011,G96
425058435,~0Ko0,2011,G96
425058436,~0Ko0,2011,G96
425058437,~0Ko0,2011,G96
425058515,~0Ko1,2006,G96
425058516,~0Ko1,2006,G96
425058517,~0Ko1,2006,G96
425058518,~0Ko1,2006,G96
425058584,~0Ko2,2007,G96
425058585,~0Ko2,2007,G96
425058586,~0Ko2,2007,G96
425058587,~0Ko2,2007,G96
425058588,~0Ko2,2009,G96
425058589,~0Ko2,2009,G96
425058590,~0Ko2,2009,G96
425058591,~0Ko2,2009,G96
425058772,~0Ko5,2011,G96
425058773,~0Ko5,2011,G96
425058774,~0Ko5,2011,G96
425058775,~0Ko5,2011,G96
425058839,~0Ko6,2005,G96
425058840,~0Ko6,2005,G96
425058841,~0Ko6,2005,G96
425058842,~0Ko6,2005,G96
425058899,~0Ko7,2006,G96
425058900,~0Ko7,2006,G96
425058901,~0Ko7,2006,G96
425058902,~0Ko7,2006,G96
425058903,~0Ko7,2011,G96
425058904,~0Ko7,2011,G96
425058905,~0Ko7,2011,G96
425058906,~0Ko7,2011,G96
425058954,~0Ko8,2006,G96
425058955,~0Ko8,2006,G96
425058956,~0Ko8,2006,G96
425058957,~0Ko8,2006,G96
425059027,~0Ko9,2010,G96
425059028,~0Ko9,2010,G96
425059029,~0Ko9,2010,G96
425059030,~0Ko9,2010,G96
425059031,~0Ko9,2010,G96
425059089,~0KoA,2008,G96
425059090,~0KoA,2008,G96
425059091,~0KoA,2008,G96
425059092,~0KoA,2008,G96
425059093,~0KoA,2010,G96
425059094,~0KoA,2010,G96
425059095,~0KoA,2010,G96
425059096,~0KoA,2010,G96
