# B = brightest mass bin, L = leading fragment, M = main
# Time (s), B ht (km), B len (km), B vel (km/s), L ht (km), L len (km), L vel (km/s), L dyn press (Gamma = 1.0; MPa), M ht (km), M len (km), M vel (km/s), M dyn press (Gamma = 1.0; MPa), Tau total (%), Tau main (%), Tau grain (%), Abs mag total, Abs mag main, Abs mag grain, log10 Lum total (W), log10 Lum main (W), log10 Lum grain (W), log10 Electron line density (-/m), Mass total (kg), Mass main (kg)
4.00000e-02,1.79494e+02,5.32000e-01,1.33000e+01,1.79494e+02,5.32000e-01,1.33000e+01,8.94652e-08,1.79494e+02,5.32000e-01,1.33000e+01,8.94652e-08,9.44000e-02,9.44000e-02,0.00000e+00,5.17126e-01,5.17126e-01,inf,3.27459e+00,3.27459e+00,-inf,1.41392e+01,8.30000e+04,8.30000e+04
8.00000e-02,1.78988e+02,1.06400e+00,1.33000e+01,1.78988e+02,1.06400e+00,1.33000e+01,9.45978e-08,1.78988e+02,1.06400e+00,1.33000e+01,9.45978e-08,9.44000e-02,9.44000e-02,0.00000e+00,4.56559e-01,4.56559e-01,inf,3.29882e+00,3.29882e+00,-inf,1.41634e+01,8.30000e+04,8.30000e+04
1.20000e-01,1.78481e+02,1.59600e+00,1.33000e+01,1.78481e+02,1.59600e+00,1.33000e+01,9.97954e-08,1.78481e+02,1.59600e+00,1.33000e+01,9.97954e-08,9.44000e-02,9.44000e-02,0.00000e+00,3.98486e-01,3.98486e-01,inf,3.32205e+00,3.32205e+00,-inf,1.41866e+01,8.30000e+04,8.30000e+04
1.60000e-01,1.77975e+02,2.12800e+00,1.33000e+01,1.77975e+02,2.12800e+00,1.33000e+01,1.05045e-07,1.77975e+02,2.12800e+00,1.33000e+01,1.05045e-07,9.44000e-02,9.44000e-02,0.00000e+00,3.42819e-01,3.42819e-01,inf,3.34431e+00,3.34431e+00,-inf,1.42089e+01,8.30000e+04,8.30000e+04
2.00000e-01,1.77469e+02,2.66000e+00,1.33000e+01,1.77469e+02,2.66000e+00,1.33000e+01,1.10335e-07,1.77469e+02,2.66000e+00,1.33000e+01,1.10335e-07,9.44000e-02,9.44000e-02,0.00000e+00,2.89475e-01,2.89475e-01,inf,3.36565e+00,3.36565e+00,-inf,1.42302e+01,8.30000e+04,8.30000e+04
2.40000e-01,1.76963e+02,3.19200e+00,1.33000e+01,1.76963e+02,3.19200e+00,1.33000e+01,1.15653e-07,1.76963e+02,3.19200e+00,1.33000e+01,1.15653e-07,9.44000e-02,9.44000e-02,0.00000e+00,2.38370e-01,2.38370e-01,inf,3.38609e+00,3.38609e+00,-inf,1.42507e+01,8.30000e+04,8.30000e+04
2.80000e-01,1.76457e+02,3.72400e+00,1.33000e+01,1.76457e+02,3.72400e+00,1.33000e+01,1.20986e-07,1.76457e+02,3.72400e+00,1.33000e+01,1.20986e-07,9.44000e-02,9.44000e-02,0.00000e+00,1.89423e-01,1.89423e-01,inf,3.40567e+00,3.40567e+00,-inf,1.42703e+01,8.30000e+04,8.30000e+04
3.20000e-01,1.75951e+02,4.25600e+00,1.33000e+01,1.75951e+02,4.25600e+00,1.33000e+01,1.26323e-07,1.75951e+02,4.25600e+00,1.33000e+01,1.26323e-07,9.44000e-02,9.44000e-02,0.00000e+00,1.42552e-01,1.42552e-01,inf,3.42442e+00,3.42442e+00,-inf,1.42890e+01,8.30000e+04,8.30000e+04
3.60000e-01,1.75445e+02,4.78800e+00,1.33000e+01,1.75445e+02,4.78800e+00,1.33000e+01,1.31654e-07,1.75445e+02,4.78800e+00,1.33000e+01,1.31654e-07,9.44000e-02,9.44000e-02,0.00000e+00,9.76793e-02,9.76793e-02,inf,3.44237e+00,3.44237e+00,-inf,1.43070e+01,8.30000e+04,8.30000e+04
4.00000e-01,1.74938e+02,5.32000e+00,1.33000e+01,1.74938e+02,5.32000e+00,1.33000e+01,1.36967e-07,1.74938e+02,5.32000e+00,1.33000e+01,1.36967e-07,9.44000e-02,9.44000e-02,0.00000e+00,5.47258e-02,5.47258e-02,inf,3.45955e+00,3.45955e+00,-inf,1.43241e+01,8.30000e+04,8.30000e+04
4.40000e-01,1.74432e+02,5.85200e+00,1.33000e+01,1.74432e+02,5.85200e+00,1.33000e+01,1.42252e-07,1.74432e+02,5.85200e+00,1.33000e+01,1.42252e-07,9.44000e-02,9.44000e-02,0.00000e+00,1.36150e-02,1.36150e-02,inf,3.47600e+00,3.47600e+00,-inf,1.43406e+01,8.30000e+04,8.30000e+04
4.80000e-01,1.73926e+02,6.38400e+00,1.33000e+01,1.73926e+02,6.38400e+00,1.33000e+01,1.47501e-07,1.73926e+02,6.38400e+00,1.33000e+01,1.47501e-07,9.44000e-02,9.44000e-02,0.00000e+00,-2.57284e-02,-2.57284e-02,inf,3.49173e+00,3.49173e+00,-inf,1.43563e+01,8.30000e+04,8.30000e+04
5.20000e-01,1.73420e+02,6.91600e+00,1.33000e+01,1.73420e+02,6.91600e+00,1.33000e+01,1.52706e-07,1.73420e+02,6.91600e+00,1.33000e+01,1.52706e-07,9.44000e-02,9.44000e-02,0.00000e+00,-6.33787e-02,-6.33787e-02,inf,3.50679e+00,3.50679e+00,-inf,1.43714e+01,8.30000e+04,8.30000e+04
5.60000e-01,1.72914e+02,7.44800e+00,1.33000e+01,1.72914e+02,7.44800e+00,1.33000e+01,1.57859e-07,1.72914e+02,7.44800e+00,1.33000e+01,1.57859e-07,9.44000e-02,9.44000e-02,0.00000e+00,-9.94087e-02,-9.94087e-02,inf,3.52121e+00,3.52121e+00,-inf,1.43858e+01,8.30000e+04,8.30000e+04
6.00000e-01,1.72408e+02,7.98000e+00,1.33000e+01,1.72408e+02,7.98000e+00,1.33000e+01,1.62952e-07,1.72408e+02,7.98000e+00,1.33000e+01,1.62952e-07,9.44000e-02,9.44000e-02,0.00000e+00,-1.33890e-01,-1.33890e-01,inf,3.53500e+00,3.53500e+00,-inf,1.43996e+01,8.30000e+04,8.30000e+04
6.40000e-01,1.71902e+02,8.51200e+00,1.33000e+01,1.71902e+02,8.51200e+00,1.33000e+01,1.67982e-07,1.71902e+02,8.51200e+00,1.33000e+01,1.67982e-07,9.44000e-02,9.44000e-02,0.00000e+00,-1.66894e-01,-1.66894e-01,inf,3.54820e+00,3.54820e+00,-inf,1.44128e+01,8.30000e+04,8.30000e+04
6.80000e-01,1.71396e+02,9.04400e+00,1.33000e+01,1.71396e+02,9.04400e+00,1.33000e+01,1.72942e-07,1.71396e+02,9.04400e+00,1.33000e+01,1.72942e-07,9.44000e-02,9.44000e-02,0.00000e+00,-1.98488e-01,-1.98488e-01,inf,3.56084e+00,3.56084e+00,-inf,1.44254e+01,8.30000e+04,8.30000e+04
7.20000e-01,1.70889e+02,9.57600e+00,1.33000e+01,1.70889e+02,9.57600e+00,1.33000e+01,1.77829e-07,1.70889e+02,9.57600e+00,1.33000e+01,1.77829e-07,9.44000e-02,9.44000e-02,0.00000e+00,-2.28742e-01,-2.28742e-01,inf,3.57294e+00,3.57294e+00,-inf,1.44375e+01,8.30000e+04,8.30000e+04
7.60000e-01,1.70383e+02,1.01080e+01,1.33000e+01,1.70383e+02,1.01080e+01,1.33000e+01,1.82639e-07,1.70383e+02,1.01080e+01,1.33000e+01,1.82639e-07,9.44000e-02,9.44000e-02,0.00000e+00,-2.57722e-01,-2.57722e-01,inf,3.58453e+00,3.58453e+00,-inf,1.44491e+01,8.30000e+04,8.30000e+04
8.00000e-01,1.69877e+02,1.06400e+01,1.33000e+01,1.69877e+02,1.06400e+01,1.33000e+01,1.87371e-07,1.69877e+02,1.06400e+01,1.33000e+01,1.87371e-07,9.44000e-02,9.44000e-02,0.00000e+00,-2.85493e-01,-2.85493e-01,inf,3.59564e+00,3.59564e+00,-inf,1.44602e+01,8.30000e+04,8.30000e+04
8.40000e-01,1.69371e+02,1.11720e+01,1.33000e+01,1.69371e+02,1.11720e+01,1.33000e+01,1.92023e-07,1.69371e+02,1.11720e+01,1.33000e+01,1.92023e-07,9.44000e-02,9.44000e-02,0.00000e+00,-3.12121e-01,-3.12121e-01,inf,3.60629e+00,3.60629e+00,-inf,1.44709e+01,8.30000e+04,8.30000e+04
8.80000e-01,1.68865e+02,1.17040e+01,1.33000e+01,1.68865e+02,1.17040e+01,1.33000e+01,1.96595e-07,1.68865e+02,1.17040e+01,1.33000e+01,1.96595e-07,9.44000e-02,9.44000e-02,0.00000e+00,-3.37667e-01,-3.37667e-01,inf,3.61651e+00,3.61651e+00,-inf,1.44811e+01,8.30000e+04,8.30000e+04
9.20000e-01,1.68359e+02,1.22360e+01,1.33000e+01,1.68359e+02,1.22360e+01,1.33000e+01,2.01086e-07,1.68359e+02,1.22360e+01,1.33000e+01,2.01086e-07,9.44000e-02,9.44000e-02,0.00000e+00,-3.62195e-01,-3.62195e-01,inf,3.62632e+00,3.62632e+00,-inf,1.44909e+01,8.30000e+04,8.30000e+04
9.60000e-01,1.67853e+02,1.27680e+01,1.33000e+01,1.67853e+02,1.27680e+01,1.33000e+01,2.05500e-07,1.67853e+02,1.27680e+01,1.33000e+01,2.05500e-07,9.44000e-02,9.44000e-02,0.00000e+00,-3.85766e-01,-3.85766e-01,inf,3.63575e+00,3.63575e+00,-inf,1.45003e+01,8.30000e+04,8.30000e+04
1.00000e+00,1.67347e+02,1.33000e+01,1.33000e+01,1.67347e+02,1.33000e+01,1.33000e+01,2.09836e-07,1.67347e+02,1.33000e+01,1.33000e+01,2.09836e-07,9.44000e-02,9.44000e-02,0.00000e+00,-4.08438e-01,-4.08438e-01,inf,3.64482e+00,3.64482e+00,-inf,1.45094e+01,8.30000e+04,8.30000e+04
1.04000e+00,1.66841e+02,1.38320e+01,1.33000e+01,1.66841e+02,1.38320e+01,1.33000e+01,2.14098e-07,1.66841e+02,1.38320e+01,1.33000e+01,2.14098e-07,9.44000e-02,9.44000e-02,0.00000e+00,-4.30270e-01,-4.30270e-01,inf,3.65355e+00,3.65355e+00,-inf,1.45181e+01,8.30000e+04,8.30000e+04
1.08000e+00,1.66335e+02,1.43640e+01,1.33000e+01,1.66335e+02,1.43640e+01,1.33000e+01,2.18290e-07,1.66335e+02,1.43640e+01,1.33000e+01,2.18290e-07,9.44000e-02,9.44000e-02,0.00000e+00,-4.51321e-01,-4.51321e-01,inf,3.66197e+00,3.66197e+00,-inf,1.45266e+01,8.30000e+04,8.30000e+04
1.12000e+00,1.65829e+02,1.48960e+01,1.33000e+01,1.65829e+02,1.48960e+01,1.33000e+01,2.22414e-07,1.65829e+02,1.48960e+01,1.33000e+01,2.22414e-07,9.44000e-02,9.44000e-02,0.00000e+00,-4.71646e-01,-4.71646e-01,inf,3.67010e+00,3.67010e+00,-inf,1.45347e+01,8.30000e+04,8.30000e+04
1.16000e+00,1.65322e+02,1.54280e+01,1.33000e+01,1.65322e+02,1.54280e+01,1.33000e+01,2.26477e-07,1.65322e+02,1.54280e+01,1.33000e+01,2.26477e-07,9.44000e-02,9.44000e-02,0.00000e+00,-4.91300e-01,-4.91300e-01,inf,3.67796e+00,3.67796e+00,-inf,1.45426e+01,8.30000e+04,8.30000e+04
1.20000e+00,1.64816e+02,1.59600e+01,1.33000e+01,1.64816e+02,1.59600e+01,1.33000e+01,2.30484e-07,1.64816e+02,1.59600e+01,1.33000e+01,2.30484e-07,9.44000e-02,9.44000e-02,0.00000e+00,-5.10339e-01,-5.10339e-01,inf,3.68558e+00,3.68558e+00,-inf,1.45502e+01,8.30000e+04,8.30000e+04
1.24000e+00,1.64310e+02,1.64920e+01,1.33000e+01,1.64310e+02,1.64920e+01,1.33000e+01,2.34439e-07,1.64310e+02,1.64920e+01,1.33000e+01,2.34439e-07,9.44000e-02,9.44000e-02,0.00000e+00,-5.28814e-01,-5.28814e-01,inf,3.69297e+00,3.69297e+00,-inf,1.45576e+01,8.30000e+04,8.30000e+04
1.28000e+00,1.63804e+02,1.70240e+01,1.33000e+01,1.63804e+02,1.70240e+01,1.33000e+01,2.38350e-07,1.63804e+02,1.70240e+01,1.33000e+01,2.38350e-07,9.44000e-02,9.44000e-02,0.00000e+00,-5.46777e-01,-5.46777e-01,inf,3.70015e+00,3.70015e+00,-inf,1.45647e+01,8.30000e+04,8.30000e+04
1.32000e+00,1.63298e+02,1.75560e+01,1.33000e+01,1.63298e+02,1.75560e+01,1.33000e+01,2.42224e-07,1.63298e+02,1.75560e+01,1.33000e+01,2.42224e-07,9.44000e-02,9.44000e-02,0.00000e+00,-5.64281e-01,-5.64281e-01,inf,3.70715e+00,3.70715e+00,-inf,1.45717e+01,8.30000e+04,8.30000e+04
1.36000e+00,1.62792e+02,1.80880e+01,1.33000e+01,1.62792e+02,1.80880e+01,1.33000e+01,2.46067e-07,1.62792e+02,1.80880e+01,1.33000e+01,2.46067e-07,9.44000e-02,9.44000e-02,0.00000e+00,-5.81373e-01,-5.81373e-01,inf,3.71399e+00,3.71399e+00,-inf,1.45786e+01,8.30000e+04,8.30000e+04
1.40000e+00,1.62286e+02,1.86200e+01,1.33000e+01,1.62286e+02,1.86200e+01,1.33000e+01,2.49888e-07,1.62286e+02,1.86200e+01,1.33000e+01,2.49888e-07,9.44000e-02,9.44000e-02,0.00000e+00,-5.98103e-01,-5.98103e-01,inf,3.72068e+00,3.72068e+00,-inf,1.45853e+01,8.30000e+04,8.30000e+04
1.44000e+00,1.61780e+02,1.91520e+01,1.33000e+01,1.61780e+02,1.91520e+01,1.33000e+01,2.53695e-07,1.61780e+02,1.91520e+01,1.33000e+01,2.53695e-07,9.44000e-02,9.44000e-02,0.00000e+00,-6.14519e-01,-6.14519e-01,inf,3.72725e+00,3.72725e+00,-inf,1.45918e+01,8.30000e+04,8.30000e+04
1.48000e+00,1.61274e+02,1.96840e+01,1.33000e+01,1.61274e+02,1.96840e+01,1.33000e+01,2.57497e-07,1.61274e+02,1.96840e+01,1.33000e+01,2.57497e-07,9.44000e-02,9.44000e-02,0.00000e+00,-6.30668e-01,-6.30668e-01,inf,3.73371e+00,3.73371e+00,-inf,1.45983e+01,8.30000e+04,8.30000e+04
1.52000e+00,1.60768e+02,2.02160e+01,1.33000e+01,1.60768e+02,2.02160e+01,1.33000e+01,2.61302e-07,1.60768e+02,2.02160e+01,1.33000e+01,2.61302e-07,9.44000e-02,9.44000e-02,0.00000e+00,-6.46594e-01,-6.46594e-01,inf,3.74008e+00,3.74008e+00,-inf,1.46047e+01,8.30000e+04,8.30000e+04
1.56000e+00,1.60262e+02,2.07480e+01,1.33000e+01,1.60262e+02,2.07480e+01,1.33000e+01,2.65119e-07,1.60262e+02,2.07480e+01,1.33000e+01,2.65119e-07,9.44000e-02,9.44000e-02,0.00000e+00,-6.62342e-01,-6.62342e-01,inf,3.74638e+00,3.74638e+00,-inf,1.46110e+01,8.30000e+04,8.30000e+04
1.60000e+00,1.59756e+02,2.12800e+01,1.33000e+01,1.59756e+02,2.12800e+01,1.33000e+01,2.68960e-07,1.59756e+02,2.12800e+01,1.33000e+01,2.68960e-07,9.44000e-02,9.44000e-02,0.00000e+00,-6.77957e-01,-6.77957e-01,inf,3.75263e+00,3.75263e+00,-inf,1.46172e+01,8.30000e+04,8.30000e+04
1.64000e+00,1.59250e+02,2.18120e+01,1.33000e+01,1.59250e+02,2.18120e+01,1.33000e+01,2.72833e-07,1.59250e+02,2.18120e+01,1.33000e+01,2.72833e-07,9.44000e-02,9.44000e-02,0.00000e+00,-6.93480e-01,-6.93480e-01,inf,3.75883e+00,3.75883e+00,-inf,1.46234e+01,8.30000e+04,8.30000e+04
1.68000e+00,1.58744e+02,2.23440e+01,1.33000e+01,1.58744e+02,2.23440e+01,1.33000e+01,2.76749e-07,1.58744e+02,2.23440e+01,1.33000e+01,2.76749e-07,9.44000e-02,9.44000e-02,0.00000e+00,-7.08952e-01,-7.08952e-01,inf,3.76502e+00,3.76502e+00,-inf,1.46296e+01,8.30000e+04,8.30000e+04
1.72000e+00,1.58238e+02,2.28760e+01,1.33000e+01,1.58238e+02,2.28760e+01,1.33000e+01,2.80718e-07,1.58238e+02,2.28760e+01,1.33000e+01,2.80718e-07,9.44000e-02,9.44000e-02,0.00000e+00,-7.24416e-01,-7.24416e-01,inf,3.77121e+00,3.77121e+00,-inf,1.46358e+01,8.30000e+04,8.30000e+04
1.76000e+00,1.57732e+02,2.34080e+01,1.33000e+01,1.57732e+02,2.34080e+01,1.33000e+01,2.84753e-07,1.57732e+02,2.34080e+01,1.33000e+01,2.84753e-07,9.44000e-02,9.44000e-02,0.00000e+00,-7.39909e-01,-7.39909e-01,inf,3.77741e+00,3.77741e+00,-inf,1.46420e+01,8.30000e+04,8.30000e+04
1.80000e+00,1.57226e+02,2.39400e+01,1.33000e+01,1.57226e+02,2.39400e+01,1.33000e+01,2.88864e-07,1.57226e+02,2.39400e+01,1.33000e+01,2.88864e-07,9.44000e-02,9.44000e-02,0.00000e+00,-7.55471e-01,-7.55471e-01,inf,3.78363e+00,3.78363e+00,-inf,1.46482e+01,8.30000e+04,8.30000e+04
1.84000e+00,1.56720e+02,2.44720e+01,1.33000e+01,1.56720e+02,2.44720e+01,1.33000e+01,2.93062e-07,1.56720e+02,2.44720e+01,1.33000e+01,2.93062e-07,9.44000e-02,9.44000e-02,0.00000e+00,-7.71139e-01,-7.71139e-01,inf,3.78990e+00,3.78990e+00,-inf,1.46545e+01,8.30000e+04,8.30000e+04
1.88000e+00,1.56214e+02,2.50040e+01,1.33000e+01,1.56214e+02,2.50040e+01,1.33000e+01,2.97361e-07,1.56214e+02,2.50040e+01,1.33000e+01,2.97361e-07,9.44000e-02,9.44000e-02,0.00000e+00,-7.86950e-01,-7.86950e-01,inf,3.79622e+00,3.79622e+00,-inf,1.46608e+01,8.30000e+04,8.30000e+04
1.92000e+00,1.55708e+02,2.55360e+01,1.33000e+01,1.55708e+02,2.55360e+01,1.33000e+01,3.01773e-07,1.55708e+02,2.55360e+01,1.33000e+01,3.01773e-07,9.44000e-02,9.44000e-02,0.00000e+00,-8.02939e-01,-8.02939e-01,inf,3.80262e+00,3.80262e+00,-inf,1.46672e+01,8.30000e+04,8.30000e+04
1.96000e+00,1.55202e+02,2.60680e+01,1.33000e+01,1.55202e+02,2.60680e+01,1.33000e+01,3.06310e-07,1.55202e+02,2.60680e+01,1.33000e+01,3.06310e-07,9.44000e-02,9.44000e-02,0.00000e+00,-8.19142e-01,-8.19142e-01,inf,3.80910e+00,3.80910e+00,-inf,1.46737e+01,8.30000e+04,8.30000e+04
2.00000e+00,1.54696e+02,2.66000e+01,1.33000e+01,1.54696e+02,2.66000e+01,1.33000e+01,3.10986e-07,1.54696e+02,2.66000e+01,1.33000e+01,3.10986e-07,9.44000e-02,9.44000e-02,0.00000e+00,-8.35592e-01,-8.35592e-01,inf,3.81568e+00,3.81568e+00,-inf,1.46803e+01,8.30000e+04,8.30000e+04
2.04000e+00,1.54190e+02,2.71320e+01,1.33000e+01,1.54190e+02,2.71320e+01,1.33000e+01,3.15815e-07,1.54190e+02,2.71320e+01,1.33000e+01,3.15815e-07,9.44000e-02,9.44000e-02,0.00000e+00,-8.52322e-01,-8.52322e-01,inf,3.82237e+00,3.82237e+00,-inf,1.46870e+01,8.30000e+04,8.30000e+04
2.08000e+00,1.53684e+02,2.76640e+01,1.33000e+01,1.53684e+02,2.76640e+01,1.33000e+01,3.20812e-07,1.53684e+02,2.76640e+01,1.33000e+01,3.20812e-07,9.44000e-02,9.44000e-02,0.00000e+00,-8.69364e-01,-8.69364e-01,inf,3.82919e+00,3.82919e+00,-inf,1.46938e+01,8.30000e+04,8.30000e+04
2.12000e+00,1.53178e+02,2.81960e+01,1.33000e+01,1.53178e+02,2.81960e+01,1.33000e+01,3.25990e-07,1.53178e+02,2.81960e+01,1.33000e+01,3.25990e-07,9.44000e-02,9.44000e-02,0.00000e+00,-8.86749e-01,-8.86749e-01,inf,3.83614e+00,3.83614e+00,-inf,1.47007e+01,8.30000e+04,8.30000e+04
2.16000e+00,1.52672e+02,2.87280e+01,1.33000e+01,1.52672e+02,2.87280e+01,1.33000e+01,3.31366e-07,1.52672e+02,2.87280e+01,1.33000e+01,3.31366e-07,9.44000e-02,9.44000e-02,0.00000e+00,-9.04508e-01,-9.04508e-01,inf,3.84325e+00,3.84325e+00,-inf,1.47078e+01,8.30000e+04,8.30000e+04
2.20000e+00,1.52166e+02,2.92600e+01,1.33000e+01,1.52166e+02,2.92600e+01,1.33000e+01,3.36955e-07,1.52166e+02,2.92600e+01,1.33000e+01,3.36955e-07,9.44000e-02,9.44000e-02,0.00000e+00,-9.22670e-01,-9.22670e-01,inf,3.85051e+00,3.85051e+00,-inf,1.47151e+01,8.30000e+04,8.30000e+04
2.24000e+00,1.51660e+02,2.97920e+01,1.33000e+01,1.51660e+02,2.97920e+01,1.33000e+01,3.42775e-07,1.51660e+02,2.97920e+01,1.33000e+01,3.42775e-07,9.44000e-02,9.44000e-02,0.00000e+00,-9.41262e-01,-9.41262e-01,inf,3.85795e+00,3.85795e+00,-inf,1.47225e+01,8.30000e+04,8.30000e+04
2.28000e+00,1.51154e+02,3.03240e+01,1.33000e+01,1.51154e+02,3.03240e+01,1.33000e+01,3.48843e-07,1.51154e+02,3.03240e+01,1.33000e+01,3.48843e-07,9.44000e-02,9.44000e-02,0.00000e+00,-9.60314e-01,-9.60314e-01,inf,3.86557e+00,3.86557e+00,-inf,1.47302e+01,8.30000e+04,8.30000e+04
2.32000e+00,1.50648e+02,3.08560e+01,1.33000e+01,1.50648e+02,3.08560e+01,1.33000e+01,3.55177e-07,1.50648e+02,3.08560e+01,1.33000e+01,3.55177e-07,9.44000e-02,9.44000e-02,0.00000e+00,-9.79850e-01,-9.79850e-01,inf,3.87338e+00,3.87338e+00,-inf,1.47380e+01,8.30000e+04,8.30000e+04
2.36000e+00,1.50142e+02,3.13880e+01,1.33000e+01,1.50142e+02,3.13880e+01,1.33000e+01,3.61796e-07,1.50142e+02,3.13880e+01,1.33000e+01,3.61796e-07,9.44000e-02,9.44000e-02,0.00000e+00,-9.99899e-01,-9.99899e-01,inf,3.88140e+00,3.88140e+00,-inf,1.47460e+01,8.30000e+04,8.30000e+04
2.40000e+00,1.49637e+02,3.19200e+01,1.33000e+01,1.49637e+02,3.19200e+01,1.33000e+01,3.68721e-07,1.49637e+02,3.19200e+01,1.33000e+01,3.68721e-07,9.44000e-02,9.44000e-02,0.00000e+00,-1.02048e+00,-1.02048e+00,inf,3.88964e+00,3.88964e+00,-inf,1.47542e+01,8.30000e+04,8.30000e+04
2.44000e+00,1.49131e+02,3.24520e+01,1.33000e+01,1.49131e+02,3.24520e+01,1.33000e+01,3.75972e-07,1.49131e+02,3.24520e+01,1.33000e+01,3.75972e-07,9.44000e-02,9.44000e-02,0.00000e+00,-1.04163e+00,-1.04163e+00,inf,3.89809e+00,3.89809e+00,-inf,1.47627e+01,8.30000e+04,8.30000e+04
2.48000e+00,1.48625e+02,3.29840e+01,1.33000e+01,1.48625e+02,3.29840e+01,1.33000e+01,3.83573e-07,1.48625e+02,3.29840e+01,1.33000e+01,3.83573e-07,9.44000e-02,9.44000e-02,0.00000e+00,-1.06336e+00,-1.06336e+00,inf,3.90679e+00,3.90679e+00,-inf,1.47714e+01,8.30000e+04,8.30000e+04
2.52000e+00,1.48119e+02,3.35160e+01,1.33000e+01,1.48119e+02,3.35160e+01,1.33000e+01,3.91545e-07,1.48119e+02,3.35160e+01,1.33000e+01,3.91545e-07,9.44000e-02,9.44000e-02,0.00000e+00,-1.08569e+00,-1.08569e+00,inf,3.91572e+00,3.91572e+00,-inf,1.47803e+01,8.30000e+04,8.30000e+04
2.56000e+00,1.47613e+02,3.40480e+01,1.33000e+01,1.47613e+02,3.40480e+01,1.33000e+01,3.99915e-07,1.47613e+02,3.40480e+01,1.33000e+01,3.99915e-07,9.44000e-02,9.44000e-02,0.00000e+00,-1.10866e+00,-1.10866e+00,inf,3.92491e+00,3.92491e+00,-inf,1.47895e+01,8.30000e+04,8.30000e+04
2.60000e+00,1.47107e+02,3.45800e+01,1.33000e+01,1.47107e+02,3.45800e+01,1.33000e+01,4.08707e-07,1.47107e+02,3.45800e+01,1.33000e+01,4.08707e-07,9.44000e-02,9.44000e-02,0.00000e+00,-1.13227e+00,-1.13227e+00,inf,3.93435e+00,3.93435e+00,-inf,1.47989e+01,8.30000e+04,8.30000e+04
2.64000e+00,1.46601e+02,3.51120e+01,1.33000e+01,1.46601e+02,3.51120e+01,1.33000e+01,4.17951e-07,1.46601e+02,3.51120e+01,1.33000e+01,4.17951e-07,9.44000e-02,9.44000e-02,0.00000e+00,-1.15655e+00,-1.15655e+00,inf,3.94406e+00,3.94406e+00,-inf,1.48087e+01,8.30000e+04,8.30000e+04
2.68000e+00,1.46095e+02,3.56440e+01,1.33000e+01,1.46095e+02,3.56440e+01,1.33000e+01,4.27675e-07,1.46095e+02,3.56440e+01,1.33000e+01,4.27675e-07,9.44000e-02,9.44000e-02,0.00000e+00,-1.18152e+00,-1.18152e+00,inf,3.95405e+00,3.95405e+00,-inf,1.48186e+01,8.30000e+04,8.30000e+04
2.72000e+00,1.45589e+02,3.61760e+01,1.33000e+01,1.45589e+02,3.61760e+01,1.33000e+01,4.37910e-07,1.45589e+02,3.61760e+01,1.33000e+01,4.37910e-07,9.44000e-02,9.44000e-02,0.00000e+00,-1.20720e+00,-1.20720e+00,inf,3.96432e+00,3.96432e+00,-inf,1.48289e+01,8.30000e+04,8.30000e+04
2.76000e+00,1.45083e+02,3.67080e+01,1.33000e+01,1.45083e+02,3.67080e+01,1.33000e+01,4.48690e-07,1.45083e+02,3.67080e+01,1.33000e+01,4.48690e-07,9.44000e-02,9.44000e-02,0.00000e+00,-1.23360e+00,-1.23360e+00,inf,3.97488e+00,3.97488e+00,-inf,1.48395e+01,8.30000e+04,8.30000e+04
2.80000e+00,1.44577e+02,3.72400e+01,1.33000e+01,1.44577e+02,3.72400e+01,1.33000e+01,4.60050e-07,1.44577e+02,3.72400e+01,1.33000e+01,4.60050e-07,9.44000e-02,9.44000e-02,0.00000e+00,-1.26075e+00,-1.26075e+00,inf,3.98574e+00,3.98574e+00,-inf,1.48503e+01,8.30000e+04,8.30000e+04
2.84000e+00,1.44071e+02,3.77720e+01,1.33000e+01,1.44071e+02,3.77720e+01,1.33000e+01,4.72027e-07,1.44071e+02,3.77720e+01,1.33000e+01,4.72027e-07,9.44000e-02,9.44000e-02,0.00000e+00,-1.28866e+00,-1.28866e+00,inf,3.99690e+00,3.99690e+00,-inf,1.48615e+01,8.30000e+04,8.30000e+04
2.88000e+00,1.43566e+02,3.83040e+01,1.33000e+01,1.43566e+02,3.83040e+01,1.33000e+01,4.84661e-07,1.43566e+02,3.83040e+01,1.33000e+01,4.84661e-07,9.44000e-02,9.44000e-02,0.00000e+00,-1.31733e+00,-1.31733e+00,inf,4.00838e+00,4.00838e+00,-inf,1.48730e+01,8.30000e+04,8.30000e+04
2.92000e+00,1.43060e+02,3.88360e+01,1.33000e+01,1.43060e+02,3.88360e+01,1.33000e+01,4.97995e-07,1.43060e+02,3.88360e+01,1.33000e+01,4.97995e-07,9.44000e-02,9.44000e-02,0.00000e+00,-1.34680e+00,-1.34680e+00,inf,4.02016e+00,4.02016e+00,-inf,1.48848e+01,8.30000e+04,8.30000e+04
2.96000e+00,1.42554e+02,3.93680e+01,1.33000e+01,1.42554e+02,3.93680e+01,1.33000e+01,5.12075e-07,1.42554e+02,3.93680e+01,1.33000e+01,5.12075e-07,9.44000e-02,9.44000e-02,0.00000e+00,-1.37707e+00,-1.37707e+00,inf,4.03227e+00,4.03227e+00,-inf,1.48969e+01,8.30000e+04,8.30000e+04
3.00000e+00,1.42048e+02,3.99000e+01,1.33000e+01,1.42048e+02,3.99000e+01,1.33000e+01,5.26950e-07,1.42048e+02,3.99000e+01,1.33000e+01,5.26950e-07,9.44000e-02,9.44000e-02,0.00000e+00,-1.40816e+00,-1.40816e+00,inf,4.04471e+00,4.04471e+00,-inf,1.49093e+01,8.30000e+04,8.30000e+04
3.04000e+00,1.41542e+02,4.04320e+01,1.33000e+01,1.41542e+02,4.04320e+01,1.33000e+01,5.42670e-07,1.41542e+02,4.04320e+01,1.33000e+01,5.42670e-07,9.44000e-02,9.44000e-02,0.00000e+00,-1.44008e+00,-1.44008e+00,inf,4.05747e+00,4.05747e+00,-inf,1.49221e+01,8.30000e+04,8.30000e+04
3.08000e+00,1.41036e+02,4.09640e+01,1.33000e+01,1.41036e+02,4.09640e+01,1.33000e+01,5.59293e-07,1.41036e+02,4.09640e+01,1.33000e+01,5.59293e-07,9.44000e-02,9.44000e-02,0.00000e+00,-1.47284e+00,-1.47284e+00,inf,4.07058e+00,4.07058e+00,-inf,1.49352e+01,8.30000e+04,8.30000e+04
3.12000e+00,1.40530e+02,4.14960e+01,1.33000e+01,1.40530e+02,4.14960e+01,1.33000e+01,5.76878e-07,1.40530e+02,4.14960e+01,1.33000e+01,5.76878e-07,9.44000e-02,9.44000e-02,0.00000e+00,-1.50645e+00,-1.50645e+00,inf,4.08402e+00,4.08402e+00,-inf,1.49486e+01,8.30000e+04,8.30000e+04
3.16000e+00,1.40025e+02,4.20280e+01,1.33000e+01,1.40025e+02,4.20280e+01,1.33000e+01,5.95490e-07,1.40025e+02,4.20280e+01,1.33000e+01,5.95490e-07,9.44000e-02,9.44000e-02,0.00000e+00,-1.54092e+00,-1.54092e+00,inf,4.09781e+00,4.09781e+00,-inf,1.49624e+01,8.30000e+04,8.30000e+04
3.20000e+00,1.39519e+02,4.25600e+01,1.33000e+01,1.39519e+02,4.25600e+01,1.33000e+01,6.15197e-07,1.39519e+02,4.25600e+01,1.33000e+01,6.15197e-07,9.44000e-02,9.44000e-02,0.00000e+00,-1.57627e+00,-1.57627e+00,inf,4.11195e+00,4.11195e+00,-inf,1.49765e+01,8.30000e+04,8.30000e+04
3.24000e+00,1.39013e+02,4.30920e+01,1.33000e+01,1.39013e+02,4.30920e+01,1.33000e+01,6.36073e-07,1.39013e+02,4.30920e+01,1.33000e+01,6.36073e-07,9.44000e-02,9.44000e-02,0.00000e+00,-1.61251e+00,-1.61251e+00,inf,4.12644e+00,4.12644e+00,-inf,1.49910e+01,8.30000e+04,8.30000e+04
3.28000e+00,1.38507e+02,4.36240e+01,1.33000e+01,1.38507e+02,4.36240e+01,1.33000e+01,6.58198e-07,1.38507e+02,4.36240e+01,1.33000e+01,6.58198e-07,9.44000e-02,9.44000e-02,0.00000e+00,-1.64963e+00,-1.64963e+00,inf,4.14129e+00,4.14129e+00,-inf,1.50059e+01,8.30000e+04,8.30000e+04
3.32000e+00,1.38001e+02,4.41560e+01,1.33000e+01,1.38001e+02,4.41560e+01,1.33000e+01,6.81657e-07,1.38001e+02,4.41560e+01,1.33000e+01,6.81657e-07,9.44000e-02,9.44000e-02,0.00000e+00,-1.68765e+00,-1.68765e+00,inf,4.15650e+00,4.15650e+00,-inf,1.50211e+01,8.30000e+04,8.30000e+04
3.36000e+00,1.37495e+02,4.46880e+01,1.33000e+01,1.37495e+02,4.46880e+01,1.33000e+01,7.06542e-07,1.37495e+02,4.46880e+01,1.33000e+01,7.06542e-07,9.44000e-02,9.44000e-02,0.00000e+00,-1.72658e+00,-1.72658e+00,inf,4.17208e+00,4.17208e+00,-inf,1.50367e+01,8.30000e+04,8.30000e+04
3.40000e+00,1.36989e+02,4.52200e+01,1.33000e+01,1.36989e+02,4.52200e+01,1.33000e+01,7.32952e-07,1.36989e+02,4.52200e+01,1.33000e+01,7.32952e-07,9.44000e-02,9.44000e-02,0.00000e+00,-1.76643e+00,-1.76643e+00,inf,4.18801e+00,4.18801e+00,-inf,1.50526e+01,8.30000e+04,8.30000e+04
3.44000e+00,1.36484e+02,4.57520e+01,1.33000e+01,1.36484e+02,4.57520e+01,1.33000e+01,7.60995e-07,1.36484e+02,4.57520e+01,1.33000e+01,7.60995e-07,9.44000e-02,9.44000e-02,0.00000e+00,-1.80719e+00,-1.80719e+00,inf,4.20432e+00,4.20432e+00,-inf,1.50689e+01,8.30000e+04,8.30000e+04
3.48000e+00,1.35978e+02,4.62840e+01,1.33000e+01,1.35978e+02,4.62840e+01,1.33000e+01,7.90784e-07,1.35978e+02,4.62840e+01,1.33000e+01,7.90784e-07,9.44000e-02,9.44000e-02,0.00000e+00,-1.84888e+00,-1.84888e+00,inf,4.22100e+00,4.22100e+00,-inf,1.50856e+01,8.30000e+04,8.30000e+04
3.52000e+00,1.35472e+02,4.68160e+01,1.33000e+01,1.35472e+02,4.68160e+01,1.33000e+01,8.22444e-07,1.35472e+02,4.68160e+01,1.33000e+01,8.22444e-07,9.44000e-02,9.44000e-02,0.00000e+00,-1.89150e+00,-1.89150e+00,inf,4.23804e+00,4.23804e+00,-inf,1.51026e+01,8.30000e+04,8.30000e+04
3.56000e+00,1.34966e+02,4.73480e+01,1.33000e+01,1.34966e+02,4.73480e+01,1.33000e+01,8.56109e-07,1.34966e+02,4.73480e+01,1.33000e+01,8.56109e-07,9.44000e-02,9.44000e-02,0.00000e+00,-1.93506e+00,-1.93506e+00,inf,4.25547e+00,4.25547e+00,-inf,1.51201e+01,8.30000e+04,8.30000e+04
3.60000e+00,1.34460e+02,4.78800e+01,1.33000e+01,1.34460e+02,4.78800e+01,1.33000e+01,8.91922e-07,1.34460e+02,4.78800e+01,1.33000e+01,8.91922e-07,9.44000e-02,9.44000e-02,0.00000e+00,-1.97956e+00,-1.97956e+00,inf,4.27327e+00,4.27327e+00,-inf,1.51379e+01,8.30000e+04,8.30000e+04
3.64000e+00,1.33955e+02,4.84120e+01,1.33000e+01,1.33955e+02,4.84120e+01,1.33000e+01,9.30041e-07,1.33955e+02,4.84120e+01,1.33000e+01,9.30041e-07,9.44000e-02,9.44000e-02,0.00000e+00,-2.02499e+00,-2.02499e+00,inf,4.29144e+00,4.29144e+00,-inf,1.51560e+01,8.30000e+04,8.30000e+04
3.68000e+00,1.33449e+02,4.89440e+01,1.33000e+01,1.33449e+02,4.89440e+01,1.33000e+01,9.70633e-07,1.33449e+02,4.89440e+01,1.33000e+01,9.70633e-07,9.44000e-02,9.44000e-02,0.00000e+00,-2.07138e+00,-2.07138e+00,inf,4.30999e+00,4.30999e+00,-inf,1.51746e+01,8.30000e+04,8.30000e+04
3.72000e+00,1.32943e+02,4.94760e+01,1.33000e+01,1.32943e+02,4.94760e+01,1.33000e+01,1.01388e-06,1.32943e+02,4.94760e+01,1.33000e+01,1.01388e-06,9.44000e-02,9.44000e-02,0.00000e+00,-2.11871e+00,-2.11871e+00,inf,4.32892e+00,4.32892e+00,-inf,1.51935e+01,8.30000e+04,8.30000e+04
3.76000e+00,1.32437e+02,5.00080e+01,1.33000e+01,1.32437e+02,5.00080e+01,1.33000e+01,1.05998e-06,1.32437e+02,5.00080e+01,1.33000e+01,1.05998e-06,9.44000e-02,9.44000e-02,0.00000e+00,-2.16698e+00,-2.16698e+00,inf,4.34824e+00,4.34824e+00,-inf,1.52128e+01,8.30000e+04,8.30000e+04
3.80000e+00,1.31931e+02,5.05400e+01,1.33000e+01,1.31931e+02,5.05400e+01,1.33000e+01,1.10915e-06,1.31931e+02,5.05400e+01,1.33000e+01,1.10915e-06,9.44000e-02,9.44000e-02,0.00000e+00,-2.21621e+00,-2.21621e+00,inf,4.36793e+00,4.36793e+00,-inf,1.52325e+01,8.30000e+04,8.30000e+04
3.84000e+00,1.31426e+02,5.10720e+01,1.33000e+01,1.31426e+02,5.10720e+01,1.33000e+01,1.16161e-06,1.31426e+02,5.10720e+01,1.33000e+01,1.16161e-06,9.44000e-02,9.44000e-02,0.00000e+00,-2.26639e+00,-2.26639e+00,inf,4.38800e+00,4.38800e+00,-inf,1.52526e+01,8.30000e+04,8.30000e+04
3.88000e+00,1.30920e+02,5.16040e+01,1.33000e+01,1.30920e+02,5.16040e+01,1.33000e+01,1.21762e-06,1.30920e+02,5.16040e+01,1.33000e+01,1.21762e-06,9.44000e-02,9.44000e-02,0.00000e+00,-2.31751e+00,-2.31751e+00,inf,4.40845e+00,4.40845e+00,-inf,1.52730e+01,8.30000e+04,8.30000e+04
3.92000e+00,1.30414e+02,5.21360e+01,1.33000e+01,1.30414e+02,5.21360e+01,1.33000e+01,1.27744e-06,1.30414e+02,5.21360e+01,1.33000e+01,1.27744e-06,9.44000e-02,9.44000e-02,0.00000e+00,-2.36959e+00,-2.36959e+00,inf,4.42928e+00,4.42928e+00,-inf,1.52939e+01,8.30000e+04,8.30000e+04
3.96000e+00,1.29908e+02,5.26680e+01,1.33000e+01,1.29908e+02,5.26680e+01,1.33000e+01,1.34138e-06,1.29908e+02,5.26680e+01,1.33000e+01,1.34138e-06,9.44000e-02,9.44000e-02,0.00000e+00,-2.42262e+00,-2.42262e+00,inf,4.45049e+00,4.45049e+00,-inf,1.53151e+01,8.30000e+04,8.30000e+04
4.00000e+00,1.29402e+02,5.32000e+01,1.33000e+01,1.29402e+02,5.32000e+01,1.33000e+01,1.40974e-06,1.29402e+02,5.32000e+01,1.33000e+01,1.40974e-06,9.44000e-02,9.44000e-02,0.00000e+00,-2.47659e+00,-2.47659e+00,inf,4.47208e+00,4.47208e+00,-inf,1.53367e+01,8.30000e+04,8.30000e+04
4.04000e+00,1.28897e+02,5.37320e+01,1.33000e+01,1.28897e+02,5.37320e+01,1.33000e+01,1.48288e-06,1.28897e+02,5.37320e+01,1.33000e+01,1.48288e-06,9.44000e-02,9.44000e-02,0.00000e+00,-2.53150e+00,-2.53150e+00,inf,4.49404e+00,4.49404e+00,-inf,1.53586e+01,8.30000e+04,8.30000e+04
4.08000e+00,1.28391e+02,5.42640e+01,1.33000e+01,1.28391e+02,5.42640e+01,1.33000e+01,1.56117e-06,1.28391e+02,5.42640e+01,1.33000e+01,1.56117e-06,9.44000e-02,9.44000e-02,0.00000e+00,-2.58736e+00,-2.58736e+00,inf,4.51639e+00,4.51639e+00,-inf,1.53810e+01,8.30000e+04,8.30000e+04
4.12000e+00,1.27885e+02,5.47960e+01,1.33000e+01,1.27885e+02,5.47960e+01,1.33000e+01,1.64501e-06,1.27885e+02,5.47960e+01,1.33000e+01,1.64501e-06,9.44000e-02,9.44000e-02,0.00000e+00,-2.64416e+00,-2.64416e+00,inf,4.53911e+00,4.53911e+00,-inf,1.54037e+01,8.30000e+04,8.30000e+04
4.16000e+00,1.27379e+02,5.53280e+01,1.33000e+01,1.27379e+02,5.53280e+01,1.33000e+01,1.73485e-06,1.27379e+02,5.53280e+01,1.33000e+01,1.73485e-06,9.44000e-02,9.44000e-02,0.00000e+00,-2.70189e+00,-2.70189e+00,inf,4.56220e+00,4.56220e+00,-inf,1.54268e+01,8.30000e+04,8.30000e+04
4.20000e+00,1.26874e+02,5.58600e+01,1.33000e+01,1.26874e+02,5.58600e+01,1.33000e+01,1.83117e-06,1.26874e+02,5.58600e+01,1.33000e+01,1.83117e-06,9.44000e-02,9.44000e-02,0.00000e+00,-2.76056e+00,-2.76056e+00,inf,4.58567e+00,4.58567e+00,-inf,1.54503e+01,8.30000e+04,8.30000e+04
4.24000e+00,1.26368e+02,5.63920e+01,1.33000e+01,1.26368e+02,5.63920e+01,1.33000e+01,1.93449e-06,1.26368e+02,5.63920e+01,1.33000e+01,1.93449e-06,9.44000e-02,9.44000e-02,0.00000e+00,-2.82015e+00,-2.82015e+00,inf,4.60950e+00,4.60950e+00,-inf,1.54741e+01,8.30000e+04,8.30000e+04
4.28000e+00,1.25862e+02,5.69240e+01,1.33000e+01,1.25862e+02,5.69240e+01,1.33000e+01,2.04537e-06,1.25862e+02,5.69240e+01,1.33000e+01,2.04537e-06,9.44000e-02,9.44000e-02,0.00000e+00,-2.88067e+00,-2.88067e+00,inf,4.63371e+00,4.63371e+00,-inf,1.54983e+01,8.30000e+04,8.30000e+04
4.32000e+00,1.25356e+02,5.74560e+01,1.33000e+01,1.25356e+02,5.74560e+01,1.33000e+01,2.16443e-06,1.25356e+02,5.74560e+01,1.33000e+01,2.16443e-06,9.44000e-02,9.44000e-02,0.00000e+00,-2.94210e+00,-2.94210e+00,inf,4.65828e+00,4.65828e+00,-inf,1.55229e+01,8.30000e+04,8.30000e+04
4.36000e+00,1.24851e+02,5.79880e+01,1.33000e+01,1.24851e+02,5.79880e+01,1.33000e+01,2.29236e-06,1.24851e+02,5.79880e+01,1.33000e+01,2.29236e-06,9.44000e-02,9.44000e-02,0.00000e+00,-3.00444e+00,-3.00444e+00,inf,4.68322e+00,4.68322e+00,-inf,1.55478e+01,8.30000e+04,8.30000e+04
4.40000e+00,1.24345e+02,5.85200e+01,1.33000e+01,1.24345e+02,5.85200e+01,1.33000e+01,2.42986e-06,1.24345e+02,5.85200e+01,1.33000e+01,2.42986e-06,9.44000e-02,9.44000e-02,0.00000e+00,-3.06769e+00,-3.06769e+00,inf,4.70852e+00,4.70852e+00,-inf,1.55731e+01,8.30000e+04,8.30000e+04
4.44000e+00,1.23839e+02,5.90520e+01,1.33000e+01,1.23839e+02,5.90520e+01,1.33000e+01,2.57775e-06,1.23839e+02,5.90520e+01,1.33000e+01,2.57775e-06,9.44000e-02,9.44000e-02,0.00000e+00,-3.13184e+00,-3.13184e+00,inf,4.73418e+00,4.73418e+00,-inf,1.55988e+01,8.30000e+04,8.30000e+04
4.48000e+00,1.23334e+02,5.95840e+01,1.33000e+01,1.23334e+02,5.95840e+01,1.33000e+01,2.73689e-06,1.23334e+02,5.95840e+01,1.33000e+01,2.73689e-06,9.44000e-02,9.44000e-02,0.00000e+00,-3.19688e+00,-3.19688e+00,inf,4.76020e+00,4.76020e+00,-inf,1.56248e+01,8.30000e+04,8.30000e+04
4.52000e+00,1.22828e+02,6.01160e+01,1.33000e+01,1.22828e+02,6.01160e+01,1.33000e+01,2.90822e-06,1.22828e+02,6.01160e+01,1.33000e+01,2.90822e-06,9.44000e-02,9.44000e-02,0.00000e+00,-3.26281e+00,-3.26281e+00,inf,4.78657e+00,4.78657e+00,-inf,1.56512e+01,8.30000e+04,8.30000e+04
4.56000e+00,1.22322e+02,6.06480e+01,1.33000e+01,1.22322e+02,6.06480e+01,1.33000e+01,3.09278e-06,1.22322e+02,6.06480e+01,1.33000e+01,3.09278e-06,9.44000e-02,9.44000e-02,0.00000e+00,-3.32961e+00,-3.32961e+00,inf,4.81329e+00,4.81329e+00,-inf,1.56779e+01,8.30000e+04,8.30000e+04
4.60000e+00,1.21816e+02,6.11800e+01,1.33000e+01,1.21816e+02,6.11800e+01,1.33000e+01,3.29168e-06,1.21816e+02,6.11800e+01,1.33000e+01,3.29168e-06,9.44000e-02,9.44000e-02,0.00000e+00,-3.39728e+00,-3.39728e+00,inf,4.84036e+00,4.84036e+00,-inf,1.57050e+01,8.30000e+04,8.30000e+04
4.64000e+00,1.21311e+02,6.17120e+01,1.33000e+01,1.21311e+02,6.17120e+01,1.33000e+01,3.50615e-06,1.21311e+02,6.17120e+01,1.33000e+01,3.50615e-06,9.44000e-02,9.44000e-02,0.00000e+00,-3.46581e+00,-3.46581e+00,inf,4.86777e+00,4.86777e+00,-inf,1.57324e+01,8.30000e+04,8.30000e+04
4.68000e+00,1.20805e+02,6.22440e+01,1.33000e+01,1.20805e+02,6.22440e+01,1.33000e+01,3.73752e-06,1.20805e+02,6.22440e+01,1.33000e+01,3.73752e-06,9.44000e-02,9.44000e-02,0.00000e+00,-3.53520e+00,-3.53520e+00,inf,4.89552e+00,4.89552e+00,-inf,1.57601e+01,8.30000e+04,8.30000e+04
4.72000e+00,1.20299e+02,6.27760e+01,1.33000e+01,1.20299e+02,6.27760e+01,1.33000e+01,3.98726e-06,1.20299e+02,6.27760e+01,1.33000e+01,3.98726e-06,9.44000e-02,9.44000e-02,0.00000e+00,-3.60542e+00,-3.60542e+00,inf,4.92361e+00,4.92361e+00,-inf,1.57882e+01,8.30000e+04,8.30000e+04
4.76000e+00,1.19794e+02,6.33080e+01,1.33000e+01,1.19794e+02,6.33080e+01,1.33000e+01,4.25695e-06,1.19794e+02,6.33080e+01,1.33000e+01,4.25695e-06,9.44000e-02,9.44000e-02,0.00000e+00,-3.67648e+00,-3.67648e+00,inf,4.95204e+00,4.95204e+00,-inf,1.58166e+01,8.30000e+04,8.30000e+04
4.80000e+00,1.19288e+02,6.38400e+01,1.33000e+01,1.19288e+02,6.38400e+01,1.33000e+01,4.54832e-06,1.19288e+02,6.38400e+01,1.33000e+01,4.54832e-06,9.44000e-02,9.44000e-02,0.00000e+00,-3.74837e+00,-3.74837e+00,inf,4.98079e+00,4.98079e+00,-inf,1.58454e+01,8.30000e+04,8.30000e+04
4.84000e+00,1.18782e+02,6.43720e+01,1.33000e+01,1.18782e+02,6.43720e+01,1.33000e+01,4.86329e-06,1.18782e+02,6.43720e+01,1.33000e+01,4.86329e-06,9.44000e-02,9.44000e-02,0.00000e+00,-3.82106e+00,-3.82106e+00,inf,5.00987e+00,5.00987e+00,-inf,1.58745e+01,8.30000e+04,8.30000e+04
4.88000e+00,1.18277e+02,6.49040e+01,1.33000e+01,1.18277e+02,6.49040e+01,1.33000e+01,5.20391e-06,1.18277e+02,6.49040e+01,1.33000e+01,5.20391e-06,9.44000e-02,9.44000e-02,0.00000e+00,-3.89456e+00,-3.89456e+00,inf,5.03927e+00,5.03927e+00,-inf,1.59039e+01,8.30000e+04,8.30000e+04
4.92000e+00,1.17771e+02,6.54360e+01,1.33000e+01,1.17771e+02,6.54360e+01,1.33000e+01,5.57246e-06,1.17771e+02,6.54360e+01,1.33000e+01,5.57246e-06,9.44000e-02,9.44000e-02,0.00000e+00,-3.96886e+00,-3.96886e+00,inf,5.06898e+00,5.06898e+00,-inf,1.59336e+01,8.30000e+04,8.30000e+04
4.96000e+00,1.17265e+02,6.59680e+01,1.33000e+01,1.17265e+02,6.59680e+01,1.33000e+01,5.97139e-06,1.17265e+02,6.59680e+01,1.33000e+01,5.97139e-06,9.44000e-02,9.44000e-02,0.00000e+00,-4.04393e+00,-4.04393e+00,inf,5.09901e+00,5.09901e+00,-inf,1.59636e+01,8.30000e+04,8.30000e+04
5.00000e+00,1.16760e+02,6.65000e+01,1.33000e+01,1.16760e+02,6.65000e+01,1.33000e+01,6.40343e-06,1.16760e+02,6.65000e+01,1.33000e+01,6.40343e-06,9.44000e-02,9.44000e-02,0.00000e+00,-4.11977e+00,-4.11977e+00,inf,5.12935e+00,5.12935e+00,-inf,1.59939e+01,8.30000e+04,8.30000e+04
5.04000e+00,1.16254e+02,6.70320e+01,1.33000e+01,1.16254e+02,6.70320e+01,1.33000e+01,6.87152e-06,1.16254e+02,6.70320e+01,1.33000e+01,6.87152e-06,9.44000e-02,9.44000e-02,0.00000e+00,-4.19637e+00,-4.19637e+00,inf,5.15999e+00,5.15999e+00,-inf,1.60246e+01,8.30000e+04,8.30000e+04
5.08000e+00,1.15748e+02,6.75640e+01,1.33000e+01,1.15748e+02,6.75640e+01,1.33000e+01,7.37889e-06,1.15748e+02,6.75640e+01,1.33000e+01,7.37889e-06,9.44000e-02,9.44000e-02,0.00000e+00,-4.27372e+00,-4.27372e+00,inf,5.19093e+00,5.19093e+00,-inf,1.60555e+01,8.30000e+04,8.30000e+04
5.12000e+00,1.15243e+02,6.80960e+01,1.33000e+01,1.15243e+02,6.80960e+01,1.33000e+01,7.92909e-06,1.15243e+02,6.80960e+01,1.33000e+01,7.92909e-06,9.44000e-02,9.44000e-02,0.00000e+00,-4.35180e+00,-4.35180e+00,inf,5.22216e+00,5.22216e+00,-inf,1.60868e+01,8.30000e+04,8.30000e+04
5.16000e+00,1.14737e+02,6.86280e+01,1.33000e+01,1.14737e+02,6.86280e+01,1.33000e+01,8.52598e-06,1.14737e+02,6.86280e+01,1.33000e+01,8.52598e-06,9.44000e-02,9.44000e-02,0.00000e+00,-4.43060e+00,-4.43060e+00,inf,5.25368e+00,5.25368e+00,-inf,1.61183e+01,8.30000e+04,8.30000e+04
5.20000e+00,1.14231e+02,6.91600e+01,1.33000e+01,1.14231e+02,6.91600e+01,1.33000e+01,9.17379e-06,1.14231e+02,6.91600e+01,1.33000e+01,9.17379e-06,9.44000e-02,9.44000e-02,0.00000e+00,-4.51011e+00,-4.51011e+00,inf,5.28549e+00,5.28549e+00,-inf,1.61501e+01,8.30000e+04,8.30000e+04
5.24000e+00,1.13726e+02,6.96920e+01,1.33000e+01,1.13726e+02,6.96920e+01,1.33000e+01,9.87714e-06,1.13726e+02,6.96920e+01,1.33000e+01,9.87714e-06,9.44000e-02,9.44000e-02,0.00000e+00,-4.59032e+00,-4.59032e+00,inf,5.31757e+00,5.31757e+00,-inf,1.61822e+01,8.30000e+04,8.30000e+04
5.28000e+00,1.13220e+02,7.02240e+01,1.33000e+01,1.13220e+02,7.02240e+01,1.33000e+01,1.06411e-05,1.13220e+02,7.02240e+01,1.33000e+01,1.06411e-05,9.44000e-02,9.44000e-02,0.00000e+00,-4.67121e+00,-4.67121e+00,inf,5.34993e+00,5.34993e+00,-inf,1.62145e+01,8.30000e+04,8.30000e+04
5.32000e+00,1.12714e+02,7.07560e+01,1.33000e+01,1.12714e+02,7.07560e+01,1.33000e+01,1.14712e-05,1.12714e+02,7.07560e+01,1.33000e+01,1.14712e-05,9.44000e-02,9.44000e-02,0.00000e+00,-4.75276e+00,-4.75276e+00,inf,5.38255e+00,5.38255e+00,-inf,1.62471e+01,8.30000e+04,8.30000e+04
5.36000e+00,1.12209e+02,7.12880e+01,1.33000e+01,1.12209e+02,7.12880e+01,1.33000e+01,1.23736e-05,1.12209e+02,7.12880e+01,1.33000e+01,1.23736e-05,9.44000e-02,9.44000e-02,0.00000e+00,-4.83498e+00,-4.83498e+00,inf,5.41543e+00,5.41543e+00,-inf,1.62800e+01,8.30000e+04,8.30000e+04
5.40000e+00,1.11703e+02,7.18200e+01,1.33000e+01,1.11703e+02,7.18200e+01,1.33000e+01,1.33548e-05,1.11703e+02,7.18200e+01,1.33000e+01,1.33548e-05,9.44000e-02,9.44000e-02,0.00000e+00,-4.91784e+00,-4.91784e+00,inf,5.44858e+00,5.44858e+00,-inf,1.63132e+01,8.30000e+04,8.30000e+04
5.44000e+00,1.11198e+02,7.23520e+01,1.33000e+01,1.11198e+02,7.23520e+01,1.33000e+01,1.44222e-05,1.11198e+02,7.23520e+01,1.33000e+01,1.44222e-05,9.44000e-02,9.44000e-02,0.00000e+00,-5.00132e+00,-5.00132e+00,inf,5.48197e+00,5.48197e+00,-inf,1.63466e+01,8.30000e+04,8.30000e+04
5.48000e+00,1.10692e+02,7.28840e+01,1.33000e+01,1.10692e+02,7.28840e+01,1.33000e+01,1.55837e-05,1.10692e+02,7.28840e+01,1.33000e+01,1.55837e-05,9.44000e-02,9.44000e-02,0.00000e+00,-5.08542e+00,-5.08542e+00,inf,5.51561e+00,5.51561e+00,-inf,1.63802e+01,8.30000e+04,8.30000e+04
5.52000e+00,1.10186e+02,7.34160e+01,1.33000e+01,1.10186e+02,7.34160e+01,1.33000e+01,1.68481e-05,1.10186e+02,7.34160e+01,1.33000e+01,1.68481e-05,9.44000e-02,9.44000e-02,0.00000e+00,-5.17011e+00,-5.17011e+00,inf,5.54949e+00,5.54949e+00,-inf,1.64141e+01,8.30000e+04,8.30000e+04
5.56000e+00,1.09681e+02,7.39480e+01,1.33000e+01,1.09681e+02,7.39480e+01,1.33000e+01,1.82248e-05,1.09681e+02,7.39480e+01,1.33000e+01,1.82248e-05,9.44000e-02,9.44000e-02,0.00000e+00,-5.25539e+00,-5.25539e+00,inf,5.58360e+00,5.58360e+00,-inf,1.64482e+01,8.30000e+04,8.30000e+04
5.60000e+00,1.09175e+02,7.44800e+01,1.33000e+01,1.09175e+02,7.44800e+01,1.33000e+01,1.97243e-05,1.09175e+02,7.44800e+01,1.33000e+01,1.97243e-05,9.44000e-02,9.44000e-02,0.00000e+00,-5.34124e+00,-5.34124e+00,inf,5.61794e+00,5.61794e+00,-inf,1.64825e+01,8.30000e+04,8.30000e+04
5.64000e+00,1.08670e+02,7.50120e+01,1.33000e+01,1.08670e+02,7.50120e+01,1.33000e+01,2.13582e-05,1.08670e+02,7.50120e+01,1.33000e+01,2.13582e-05,9.44000e-02,9.44000e-02,0.00000e+00,-5.42765e+00,-5.42765e+00,inf,5.65250e+00,5.65250e+00,-inf,1.65171e+01,8.30000e+04,8.30000e+04
5.68000e+00,1.08164e+02,7.55440e+01,1.33000e+01,1.08164e+02,7.55440e+01,1.33000e+01,2.31389e-05,1.08164e+02,7.55440e+01,1.33000e+01,2.31389e-05,9.44000e-02,9.44000e-02,0.00000e+00,-5.51460e+00,-5.51460e+00,inf,5.68728e+00,5.68728e+00,-inf,1.65519e+01,8.30000e+04,8.30000e+04
5.72000e+00,1.07658e+02,7.60760e+01,1.33000e+01,1.07658e+02,7.60760e+01,1.33000e+01,2.50802e-05,1.07658e+02,7.60760e+01,1.33000e+01,2.50802e-05,9.44000e-02,9.44000e-02,0.00000e+00,-5.60207e+00,-5.60207e+00,inf,5.72227e+00,5.72227e+00,-inf,1.65869e+01,8.30000e+04,8.30000e+04
5.76000e+00,1.07153e+02,7.66080e+01,1.33000e+01,1.07153e+02,7.66080e+01,1.33000e+01,2.71971e-05,1.07153e+02,7.66080e+01,1.33000e+01,2.71971e-05,9.44000e-02,9.44000e-02,0.00000e+00,-5.69004e+00,-5.69004e+00,inf,5.75746e+00,5.75746e+00,-inf,1.66221e+01,8.30000e+04,8.30000e+04
5.80000e+00,1.06647e+02,7.71400e+01,1.33000e+01,1.06647e+02,7.71400e+01,1.33000e+01,2.95060e-05,1.06647e+02,7.71400e+01,1.33000e+01,2.95060e-05,9.44000e-02,9.44000e-02,0.00000e+00,-5.77852e+00,-5.77852e+00,inf,5.79285e+00,5.79285e+00,-inf,1.66574e+01,8.30000e+04,8.30000e+04
5.84000e+00,1.06142e+02,7.76720e+01,1.33000e+01,1.06142e+02,7.76720e+01,1.33000e+01,3.20251e-05,1.06142e+02,7.76720e+01,1.33000e+01,3.20251e-05,9.44000e-02,9.44000e-02,0.00000e+00,-5.86747e+00,-5.86747e+00,inf,5.82843e+00,5.82843e+00,-inf,1.66930e+01,8.30000e+04,8.30000e+04
5.88000e+00,1.05636e+02,7.82040e+01,1.33000e+01,1.05636e+02,7.82040e+01,1.33000e+01,3.47741e-05,1.05636e+02,7.82040e+01,1.33000e+01,3.47741e-05,9.44000e-02,9.44000e-02,0.00000e+00,-5.95688e+00,-5.95688e+00,inf,5.86419e+00,5.86419e+00,-inf,1.67288e+01,8.30000e+04,8.30000e+04
5.92000e+00,1.05130e+02,7.87360e+01,1.33000e+01,1.05130e+02,7.87360e+01,1.33000e+01,3.77746e-05,1.05130e+02,7.87360e+01,1.33000e+01,3.77746e-05,9.44000e-02,9.44000e-02,0.00000e+00,-6.04674e+00,-6.04674e+00,inf,5.90014e+00,5.90014e+00,-inf,1.67647e+01,8.30000e+04,8.30000e+04
5.96000e+00,1.04625e+02,7.92680e+01,1.33000e+01,1.04625e+02,7.92680e+01,1.33000e+01,4.10502e-05,1.04625e+02,7.92680e+01,1.33000e+01,4.10502e-05,9.44000e-02,9.44000e-02,0.00000e+00,-6.13703e+00,-6.13703e+00,inf,5.93625e+00,5.93625e+00,-inf,1.68008e+01,8.30000e+04,8.30000e+04
6.00000e+00,1.04119e+02,7.98000e+01,1.33000e+01,1.04119e+02,7.98000e+01,1.33000e+01,4.46268e-05,1.04119e+02,7.98000e+01,1.33000e+01,4.46268e-05,9.44000e-02,9.44000e-02,0.00000e+00,-6.22773e+00,-6.22773e+00,inf,5.97253e+00,5.97253e+00,-inf,1.68371e+01,8.30000e+04,8.30000e+04
6.04000e+00,1.03614e+02,8.03320e+01,1.33000e+01,1.03614e+02,8.03320e+01,1.33000e+01,4.85330e-05,1.03614e+02,8.03320e+01,1.33000e+01,4.85330e-05,9.44000e-02,9.44000e-02,0.00000e+00,-6.31883e+00,-6.31883e+00,inf,6.00897e+00,6.00897e+00,-inf,1.68736e+01,8.30000e+04,8.30000e+04
6.08000e+00,1.03108e+02,8.08640e+01,1.33000e+01,1.03108e+02,8.08640e+01,1.33000e+01,5.27995e-05,1.03108e+02,8.08640e+01,1.33000e+01,5.27995e-05,9.44000e-02,9.44000e-02,0.00000e+00,-6.41031e+00,-6.41031e+00,inf,6.04557e+00,6.04557e+00,-inf,1.69102e+01,8.30000e+04,8.30000e+04
6.12000e+00,1.02603e+02,8.13960e+01,1.33000e+01,1.02603e+02,8.13960e+01,1.33000e+01,5.74605e-05,1.02603e+02,8.13960e+01,1.33000e+01,5.74605e-05,9.44000e-02,9.44000e-02,0.00000e+00,-6.50216e+00,-6.50216e+00,inf,6.08231e+00,6.08231e+00,-inf,1.69469e+01,8.30000e+04,8.30000e+04
6.16000e+00,1.02097e+02,8.19280e+01,1.33000e+01,1.02097e+02,8.19280e+01,1.33000e+01,6.25530e-05,1.02097e+02,8.19280e+01,1.33000e+01,6.25530e-05,9.44000e-02,9.44000e-02,0.00000e+00,-6.59436e+00,-6.59436e+00,inf,6.11919e+00,6.11919e+00,-inf,1.69838e+01,8.30000e+04,8.30000e+04
6.20000e+00,1.01592e+02,8.24600e+01,1.33000e+01,1.01592e+02,8.24600e+01,1.33000e+01,6.81178e-05,1.01592e+02,8.24600e+01,1.33000e+01,6.81178e-05,9.44000e-02,9.44000e-02,0.00000e+00,-6.68689e+00,-6.68689e+00,inf,6.15620e+00,6.15620e+00,-inf,1.70208e+01,8.30000e+04,8.30000e+04
6.24000e+00,1.01086e+02,8.29920e+01,1.33000e+01,1.01086e+02,8.29920e+01,1.33000e+01,7.41992e-05,1.01086e+02,8.29920e+01,1.33000e+01,7.41992e-05,9.44000e-02,9.44000e-02,0.00000e+00,-6.77974e+00,-6.77974e+00,inf,6.19334e+00,6.19334e+00,-inf,1.70579e+01,8.30000e+04,8.30000e+04
6.28000e+00,1.00581e+02,8.35240e+01,1.33000e+01,1.00581e+02,8.35240e+01,1.33000e+01,8.08459e-05,1.00581e+02,8.35240e+01,1.33000e+01,8.08459e-05,9.44000e-02,9.44000e-02,0.00000e+00,-6.87288e+00,-6.87288e+00,inf,6.23060e+00,6.23060e+00,-inf,1.70952e+01,8.30000e+04,8.30000e+04
6.32000e+00,1.00075e+02,8.40560e+01,1.33000e+01,1.00075e+02,8.40560e+01,1.33000e+01,8.81110e-05,1.00075e+02,8.40560e+01,1.33000e+01,8.81110e-05,9.44000e-02,9.44000e-02,0.00000e+00,-6.96631e+00,-6.96631e+00,inf,6.26797e+00,6.26797e+00,-inf,1.71326e+01,8.30000e+04,8.30000e+04
6.36000e+00,9.95695e+01,8.45880e+01,1.33000e+01,9.95695e+01,8.45880e+01,1.33000e+01,9.60526e-05,9.95695e+01,8.45880e+01,1.33000e+01,9.60526e-05,9.44000e-02,9.44000e-02,0.00000e+00,-7.06001e+00,-7.06001e+00,inf,6.30545e+00,6.30545e+00,-inf,1.71700e+01,8.30000e+04,8.30000e+04
6.40000e+00,9.90640e+01,8.51200e+01,1.33000e+01,9.90640e+01,8.51200e+01,1.33000e+01,1.04734e-04,9.90640e+01,8.51200e+01,1.33000e+01,1.04734e-04,9.44000e-02,9.44000e-02,0.00000e+00,-7.15396e+00,-7.15396e+00,inf,6.34303e+00,6.34303e+00,-inf,1.72076e+01,8.30000e+04,8.30000e+04
6.44000e+00,9.85584e+01,8.56520e+01,1.33000e+01,9.85584e+01,8.56520e+01,1.33000e+01,1.14225e-04,9.85584e+01,8.56520e+01,1.33000e+01,1.14225e-04,9.44000e-02,9.44000e-02,0.00000e+00,-7.24814e+00,-7.24814e+00,inf,6.38070e+00,6.38070e+00,-inf,1.72453e+01,8.30000e+04,8.30000e+04
6.48000e+00,9.80529e+01,8.61840e+01,1.33000e+01,9.80529e+01,8.61840e+01,1.33000e+01,1.24600e-04,9.80529e+01,8.61840e+01,1.33000e+01,1.24600e-04,9.44000e-02,9.44000e-02,0.00000e+00,-7.34254e+00,-7.34254e+00,inf,6.41846e+00,6.41846e+00,-inf,1.72831e+01,8.30000e+04,8.30000e+04
6.52000e+00,9.75474e+01,8.67160e+01,1.33000e+01,9.75474e+01,8.67160e+01,1.33000e+01,1.35944e-04,9.75474e+01,8.67160e+01,1.33000e+01,1.35944e-04,9.44000e-02,9.44000e-02,0.00000e+00,-7.43713e+00,-7.43713e+00,inf,6.45630e+00,6.45630e+00,-inf,1.73209e+01,8.29999e+04,8.29999e+04
6.56000e+00,9.70419e+01,8.72480e+01,1.33000e+01,9.70419e+01,8.72480e+01,1.33000e+01,1.48345e-04,9.70419e+01,8.72480e+01,1.33000e+01,1.48345e-04,9.44000e-02,9.44000e-02,0.00000e+00,-7.53192e+00,-7.53192e+00,inf,6.49421e+00,6.49421e+00,-inf,1.73588e+01,8.29999e+04,8.29999e+04
6.60000e+00,9.65364e+01,8.77800e+01,1.33000e+01,9.65364e+01,8.77800e+01,1.33000e+01,1.61902e-04,9.65364e+01,8.77800e+01,1.33000e+01,1.61902e-04,9.44000e-02,9.44000e-02,0.00000e+00,-7.62687e+00,-7.62687e+00,inf,6.53219e+00,6.53219e+00,-inf,1.73968e+01,8.29999e+04,8.29999e+04
6.64000e+00,9.60309e+01,8.83120e+01,1.33000e+01,9.60309e+01,8.83120e+01,1.33000e+01,1.76723e-04,9.60309e+01,8.83120e+01,1.33000e+01,1.76723e-04,9.44000e-02,9.44000e-02,0.00000e+00,-7.72197e+00,-7.72197e+00,inf,6.57023e+00,6.57023e+00,-inf,1.74348e+01,8.29999e+04,8.29999e+04
6.68000e+00,9.55255e+01,8.88440e+01,1.33000e+01,9.55255e+01,8.88440e+01,1.33000e+01,1.92924e-04,9.55255e+01,8.88440e+01,1.33000e+01,1.92924e-04,9.44000e-02,9.44000e-02,0.00000e+00,-7.81720e+00,-7.81720e+00,inf,6.60832e+00,6.60832e+00,-inf,1.74729e+01,8.29999e+04,8.29999e+04
6.72000e+00,9.50200e+01,8.93760e+01,1.33000e+01,9.50200e+01,8.93760e+01,1.33000e+01,2.10634e-04,9.50200e+01,8.93760e+01,1.33000e+01,2.10634e-04,9.44000e-02,9.44000e-02,0.00000e+00,-7.91256e+00,-7.91256e+00,inf,6.64647e+00,6.64647e+00,-inf,1.75111e+01,8.29999e+04,8.29999e+04
6.76000e+00,9.45145e+01,8.99080e+01,1.33000e+01,9.45145e+01,8.99080e+01,1.33000e+01,2.29991e-04,9.45145e+01,8.99080e+01,1.33000e+01,2.29991e-04,9.44000e-02,9.44000e-02,0.00000e+00,-8.00801e+00,-8.00801e+00,inf,6.68465e+00,6.68465e+00,-inf,1.75492e+01,8.29999e+04,8.29999e+04
6.80000e+00,9.40090e+01,9.04400e+01,1.33000e+01,9.40090e+01,9.04400e+01,1.33000e+01,2.51146e-04,9.40090e+01,9.04400e+01,1.33000e+01,2.51146e-04,9.44000e-02,9.44000e-02,0.00000e+00,-8.10355e+00,-8.10355e+00,inf,6.72286e+00,6.72286e+00,-inf,1.75875e+01,8.29999e+04,8.29999e+04
6.84000e+00,9.35035e+01,9.09720e+01,1.33000e+01,9.35035e+01,9.09720e+01,1.33000e+01,2.74266e-04,9.35035e+01,9.09720e+01,1.33000e+01,2.74266e-04,9.44000e-02,9.44000e-02,0.00000e+00,-8.19916e+00,-8.19916e+00,inf,6.76111e+00,6.76111e+00,-inf,1.76257e+01,8.29999e+04,8.29999e+04
6.88000e+00,9.29981e+01,9.15040e+01,1.33000e+01,9.29981e+01,9.15040e+01,1.33000e+01,2.99528e-04,9.29981e+01,9.15040e+01,1.33000e+01,2.99528e-04,9.44000e-02,9.44000e-02,0.00000e+00,-8.29483e+00,-8.29483e+00,inf,6.79937e+00,6.79937e+00,-inf,1.76640e+01,8.29999e+04,8.29999e+04
6.92000e+00,9.24926e+01,9.20360e+01,1.33000e+01,9.24926e+01,9.20360e+01,1.33000e+01,3.27128e-04,9.24926e+01,9.20360e+01,1.33000e+01,3.27128e-04,9.44000e-02,9.44000e-02,0.00000e+00,-8.39053e+00,-8.39053e+00,inf,6.83765e+00,6.83765e+00,-inf,1.77022e+01,8.29999e+04,8.29999e+04
6.96000e+00,9.19872e+01,9.25680e+01,1.33000e+01,9.19872e+01,9.25680e+01,1.33000e+01,3.57278e-04,9.19872e+01,9.25680e+01,1.33000e+01,3.57278e-04,9.44000e-02,9.44000e-02,0.00000e+00,-8.48625e+00,-8.48625e+00,inf,6.87594e+00,6.87594e+00,-inf,1.77405e+01,8.29999e+04,8.29999e+04
7.00000e+00,9.14817e+01,9.31000e+01,1.33000e+01,9.14817e+01,9.31000e+01,1.33000e+01,3.90209e-04,9.14817e+01,9.31000e+01,1.33000e+01,3.90209e-04,9.44000e-02,9.44000e-02,0.00000e+00,-8.58198e+00,-8.58198e+00,inf,6.91423e+00,6.91423e+00,-inf,1.77788e+01,8.29999e+04,8.29999e+04
7.04000e+00,9.09763e+01,9.36320e+01,1.33000e+01,9.09763e+01,9.36320e+01,1.33000e+01,4.26172e-04,9.09763e+01,9.36320e+01,1.33000e+01,4.26172e-04,9.44000e-02,9.44000e-02,0.00000e+00,-8.67770e+00,-8.67770e+00,inf,6.95252e+00,6.95252e+00,-inf,1.78171e+01,8.29998e+04,8.29998e+04
7.08000e+00,9.04708e+01,9.41640e+01,1.33000e+01,9.04708e+01,9.41640e+01,1.33000e+01,4.65437e-04,9.04708e+01,9.41640e+01,1.33000e+01,4.65437e-04,9.44000e-02,9.44000e-02,0.00000e+00,-8.77339e+00,-8.77339e+00,inf,6.99080e+00,6.99080e+00,-inf,1.78554e+01,8.29998e+04,8.29998e+04
7.12000e+00,8.99654e+01,9.46960e+01,1.33000e+01,8.99654e+01,9.46960e+01,1.33000e+01,5.08301e-04,8.99654e+01,9.46960e+01,1.33000e+01,5.08301e-04,9.44000e-02,9.44000e-02,0.00000e+00,-8.86904e+00,-8.86904e+00,inf,7.02906e+00,7.02906e+00,-inf,1.78936e+01,8.29998e+04,8.29998e+04
7.16000e+00,8.94599e+01,9.52280e+01,1.33000e+01,8.94599e+01,9.52280e+01,1.33000e+01,5.55084e-04,8.94599e+01,9.52280e+01,1.33000e+01,5.55084e-04,9.44000e-02,9.44000e-02,0.00000e+00,-8.96463e+00,-8.96463e+00,inf,7.06729e+00,7.06729e+00,-inf,1.79319e+01,8.29998e+04,8.29998e+04
7.20000e+00,8.89545e+01,9.57600e+01,1.33000e+01,8.89545e+01,9.57600e+01,1.33000e+01,6.06132e-04,8.89545e+01,9.57600e+01,1.33000e+01,6.06132e-04,9.44000e-02,9.44000e-02,0.00000e+00,-9.06015e+00,-9.06015e+00,inf,7.10550e+00,7.10550e+00,-inf,1.79701e+01,8.29998e+04,8.29998e+04
7.24000e+00,8.84491e+01,9.62920e+01,1.33000e+01,8.84491e+01,9.62920e+01,1.33000e+01,6.61822e-04,8.84491e+01,9.62920e+01,1.33000e+01,6.61822e-04,9.44000e-02,9.44000e-02,0.00000e+00,-9.15558e+00,-9.15558e+00,inf,7.14368e+00,7.14368e+00,-inf,1.80083e+01,8.29998e+04,8.29998e+04
7.28000e+00,8.79437e+01,9.68240e+01,1.33000e+01,8.79437e+01,9.68240e+01,1.33000e+01,7.22560e-04,8.79437e+01,9.68240e+01,1.33000e+01,7.22560e-04,9.44000e-02,9.44000e-02,0.00000e+00,-9.25092e+00,-9.25092e+00,inf,7.18181e+00,7.18181e+00,-inf,1.80464e+01,8.29997e+04,8.29997e+04
7.32000e+00,8.74382e+01,9.73560e+01,1.33000e+01,8.74382e+01,9.73560e+01,1.33000e+01,7.88788e-04,8.74382e+01,9.73560e+01,1.33000e+01,7.88788e-04,9.44000e-02,9.44000e-02,0.00000e+00,-9.34613e+00,-9.34613e+00,inf,7.21990e+00,7.21990e+00,-inf,1.80845e+01,8.29997e+04,8.29997e+04
7.36000e+00,8.69328e+01,9.78880e+01,1.33000e+01,8.69328e+01,9.78880e+01,1.33000e+01,8.60982e-04,8.69328e+01,9.78880e+01,1.33000e+01,8.60982e-04,9.44000e-02,9.44000e-02,0.00000e+00,-9.44121e+00,-9.44121e+00,inf,7.25793e+00,7.25793e+00,-inf,1.81225e+01,8.29997e+04,8.29997e+04
7.40000e+00,8.64274e+01,9.84200e+01,1.32999e+01,8.64274e+01,9.84200e+01,1.32999e+01,9.39658e-04,8.64274e+01,9.84200e+01,1.32999e+01,9.39658e-04,9.44000e-02,9.44000e-02,0.00000e+00,-9.53615e+00,-9.53615e+00,inf,7.29590e+00,7.29590e+00,-inf,1.81605e+01,8.29997e+04,8.29997e+04
7.44000e+00,8.59220e+01,9.89520e+01,1.32999e+01,8.59220e+01,9.89520e+01,1.32999e+01,1.02537e-03,8.59220e+01,9.89520e+01,1.32999e+01,1.02537e-03,9.44000e-02,9.44000e-02,0.00000e+00,-9.63093e+00,-9.63093e+00,inf,7.33381e+00,7.33381e+00,-inf,1.81984e+01,8.29996e+04,8.29996e+04
7.48000e+00,8.54166e+01,9.94840e+01,1.32999e+01,8.54166e+01,9.94840e+01,1.32999e+01,1.11872e-03,8.54166e+01,9.94840e+01,1.32999e+01,1.11872e-03,9.44000e-02,9.44000e-02,0.00000e+00,-9.72553e+00,-9.72553e+00,inf,7.37166e+00,7.37166e+00,-inf,1.82362e+01,8.29996e+04,8.29996e+04
7.52000e+00,8.49112e+01,1.00016e+02,1.32999e+01,8.49112e+01,1.00016e+02,1.32999e+01,1.22037e-03,8.49112e+01,1.00016e+02,1.32999e+01,1.22037e-03,9.44000e-02,9.44000e-02,0.00000e+00,-9.81995e+00,-9.81995e+00,inf,7.40942e+00,7.40942e+00,-inf,1.82740e+01,8.29995e+04,8.29995e+04
7.56000e+00,8.44058e+01,1.00548e+02,1.32999e+01,8.44058e+01,1.00548e+02,1.32999e+01,1.33099e-03,8.44058e+01,1.00548e+02,1.32999e+01,1.33099e-03,9.44000e-02,9.44000e-02,0.00000e+00,-9.91416e+00,-9.91416e+00,inf,7.44711e+00,7.44711e+00,-inf,1.83117e+01,8.29995e+04,8.29995e+04
7.60000e+00,8.39005e+01,1.01080e+02,1.32999e+01,8.39005e+01,1.01080e+02,1.32999e+01,1.45136e-03,8.39005e+01,1.01080e+02,1.32999e+01,1.45136e-03,9.44000e-02,9.44000e-02,0.00000e+00,-1.00082e+01,-1.00082e+01,inf,7.48471e+00,7.48471e+00,-inf,1.83493e+01,8.29995e+04,8.29995e+04
7.64000e+00,8.33951e+01,1.01612e+02,1.32999e+01,8.33951e+01,1.01612e+02,1.32999e+01,1.58229e-03,8.33951e+01,1.01612e+02,1.32999e+01,1.58229e-03,9.44000e-02,9.44000e-02,0.00000e+00,-1.01019e+01,-1.01019e+01,inf,7.52222e+00,7.52222e+00,-inf,1.83868e+01,8.29994e+04,8.29994e+04
7.68000e+00,8.28897e+01,1.02144e+02,1.32999e+01,8.28897e+01,1.02144e+02,1.32999e+01,1.72464e-03,8.28897e+01,1.02144e+02,1.32999e+01,1.72464e-03,9.44000e-02,9.44000e-02,0.00000e+00,-1.01955e+01,-1.01955e+01,inf,7.55963e+00,7.55963e+00,-inf,1.84242e+01,8.29994e+04,8.29994e+04
7.72000e+00,8.23843e+01,1.02676e+02,1.32999e+01,8.23843e+01,1.02676e+02,1.32999e+01,1.87936e-03,8.23843e+01,1.02676e+02,1.32999e+01,1.87936e-03,9.44000e-02,9.44000e-02,0.00000e+00,-1.02887e+01,-1.02887e+01,inf,7.59694e+00,7.59694e+00,-inf,1.84615e+01,8.29993e+04,8.29993e+04
7.76000e+00,8.18790e+01,1.03208e+02,1.32999e+01,8.18790e+01,1.03208e+02,1.32999e+01,2.04745e-03,8.18790e+01,1.03208e+02,1.32999e+01,2.04745e-03,9.44000e-02,9.44000e-02,0.00000e+00,-1.04145e+01,-1.03770e+01,inf,7.64726e+00,7.63223e+00,-inf,1.85119e+01,8.29978e+04,8.24531e+04
7.80000e+00,8.13736e+01,1.03740e+02,1.32999e+01,8.13736e+01,1.03740e+02,1.32999e+01,2.23001e-03,8.13736e+01,1.03740e+02,1.32999e+01,2.23001e-03,9.44000e-02,9.44000e-02,0.00000e+00,-1.05072e+01,-1.04697e+01,inf,7.68432e+00,7.66932e+00,-inf,1.85489e+01,8.29962e+04,8.24530e+04
7.84000e+00,8.08682e+01,1.04272e+02,1.32998e+01,8.08682e+01,1.04272e+02,1.32998e+01,2.42820e-03,8.08682e+01,1.04272e+02,1.32998e+01,2.42820e-03,9.44000e-02,9.44000e-02,0.00000e+00,-1.05996e+01,-1.05621e+01,inf,7.72127e+00,7.70630e+00,-inf,1.85859e+01,8.29945e+04,8.24530e+04
7.88000e+00,8.03629e+01,1.04804e+02,1.32998e+01,8.03629e+01,1.04804e+02,1.32998e+01,2.64326e-03,8.03629e+01,1.04804e+02,1.32998e+01,2.64326e-03,9.44000e-02,9.44000e-02,0.00000e+00,-1.06916e+01,-1.06543e+01,inf,7.75809e+00,7.74315e+00,-inf,1.86227e+01,8.29926e+04,8.24529e+04
7.92000e+00,7.98575e+01,1.05336e+02,1.32998e+01,7.98575e+01,1.05336e+02,1.32998e+01,2.87654e-03,7.98575e+01,1.05336e+02,1.32998e+01,2.87654e-03,9.44000e-02,9.44000e-02,0.00000e+00,-1.07834e+01,-1.07461e+01,inf,7.79478e+00,7.77988e+00,-inf,1.86594e+01,8.29906e+04,8.24528e+04
7.96000e+00,7.93522e+01,1.05868e+02,1.32998e+01,7.93522e+01,1.05868e+02,1.32998e+01,3.12948e-03,7.93522e+01,1.05868e+02,1.32998e+01,3.12948e-03,9.44000e-02,9.44000e-02,0.00000e+00,-1.08748e+01,-1.08376e+01,inf,7.83134e+00,7.81648e+00,-inf,1.86959e+01,8.29884e+04,8.24527e+04
8.00000e+00,7.88469e+01,1.06400e+02,1.32998e+01,7.88469e+01,1.06400e+02,1.32998e+01,3.40360e-03,7.88469e+01,1.06400e+02,1.32998e+01,3.40360e-03,9.44000e-02,9.44000e-02,0.00000e+00,-1.09658e+01,-1.09288e+01,inf,7.86777e+00,7.85295e+00,-inf,1.87324e+01,8.29860e+04,8.24526e+04
8.04000e+00,7.83415e+01,1.06932e+02,1.32998e+01,7.83415e+01,1.06932e+02,1.32998e+01,3.70055e-03,7.83415e+01,1.06932e+02,1.32998e+01,3.70055e-03,9.44000e-02,9.44000e-02,0.00000e+00,-1.10565e+01,-1.10196e+01,inf,7.90405e+00,7.88928e+00,-inf,1.87686e+01,8.29833e+04,8.24525e+04
8.08000e+00,7.78362e+01,1.07464e+02,1.32997e+01,7.78362e+01,1.07464e+02,1.32997e+01,4.02210e-03,7.78362e+01,1.07464e+02,1.32997e+01,4.02210e-03,9.44000e-02,9.44000e-02,0.00000e+00,-1.11469e+01,-1.11100e+01,inf,7.94018e+00,7.92546e+00,-inf,1.88048e+01,8.29805e+04,8.24524e+04
8.12000e+00,7.73309e+01,1.07996e+02,1.32997e+01,7.73309e+01,1.07996e+02,1.32997e+01,4.37010e-03,7.73309e+01,1.07996e+02,1.32997e+01,4.37010e-03,9.44000e-02,9.44000e-02,0.00000e+00,-1.12368e+01,-1.12001e+01,inf,7.97617e+00,7.96150e+00,-inf,1.88408e+01,8.29775e+04,8.24522e+04
8.16000e+00,7.68256e+01,1.08528e+02,1.32997e+01,7.68256e+01,1.08528e+02,1.32997e+01,4.74658e-03,7.68256e+01,1.08528e+02,1.32997e+01,4.74658e-03,9.44000e-02,9.44000e-02,0.00000e+00,-1.13264e+01,-1.12899e+01,inf,8.01200e+00,7.99739e+00,-inf,1.88766e+01,8.29742e+04,8.24521e+04
8.20000e+00,7.63202e+01,1.09060e+02,1.32997e+01,7.63202e+01,1.09060e+02,1.32997e+01,5.15365e-03,7.63202e+01,1.09060e+02,1.32997e+01,5.15365e-03,9.44000e-02,9.44000e-02,0.00000e+00,-1.14156e+01,-1.13792e+01,inf,8.04766e+00,8.03312e+00,-inf,1.89123e+01,8.29706e+04,8.24519e+04
8.24000e+00,7.58149e+01,1.09592e+02,1.32996e+01,7.58149e+01,1.09592e+02,1.32996e+01,5.59361e-03,7.58149e+01,1.09592e+02,1.32996e+01,5.59361e-03,9.44000e-02,9.44000e-02,0.00000e+00,-1.15043e+01,-1.14681e+01,inf,8.08317e+00,8.06869e+00,-inf,1.89478e+01,8.29667e+04,8.24517e+04
8.28000e+00,7.53096e+01,1.10124e+02,1.32996e+01,7.53096e+01,1.10124e+02,1.32996e+01,6.06888e-03,7.53096e+01,1.10124e+02,1.32996e+01,6.06888e-03,9.44000e-02,9.44000e-02,0.00000e+00,-1.15927e+01,-1.15567e+01,inf,8.11851e+00,8.10411e+00,-inf,1.89831e+01,8.29625e+04,8.24516e+04
8.32000e+00,7.48043e+01,1.10656e+02,1.32996e+01,7.48043e+01,1.10656e+02,1.32996e+01,6.58203e-03,7.48043e+01,1.10656e+02,1.32996e+01,6.58203e-03,9.44000e-02,9.44000e-02,0.00000e+00,-1.16806e+01,-1.16448e+01,inf,8.15368e+00,8.13936e+00,-inf,1.90183e+01,8.29580e+04,8.24514e+04
8.36000e+00,7.42991e+01,1.11188e+02,1.32995e+01,7.42991e+01,1.11188e+02,1.32995e+01,7.13581e-03,7.42991e+01,1.11188e+02,1.32995e+01,7.13581e-03,9.44000e-02,9.44000e-02,0.00000e+00,-1.17681e+01,-1.17325e+01,inf,8.18867e+00,8.17444e+00,-inf,1.90533e+01,8.29532e+04,8.24511e+04
8.40000e+00,7.37938e+01,1.11720e+02,1.32995e+01,7.37938e+01,1.11720e+02,1.32995e+01,7.73315e-03,7.37938e+01,1.11720e+02,1.32995e+01,7.73315e-03,9.44000e-02,9.44000e-02,0.00000e+00,-1.18551e+01,-1.18198e+01,inf,8.22349e+00,8.20935e+00,-inf,1.90881e+01,8.29479e+04,8.24509e+04
8.44000e+00,7.32885e+01,1.12252e+02,1.32994e+01,7.32885e+01,1.12252e+02,1.32994e+01,8.37715e-03,7.32885e+01,1.12252e+02,1.32994e+01,8.37715e-03,9.44000e-02,9.44000e-02,0.00000e+00,-1.19417e+01,-1.19066e+01,inf,8.25812e+00,8.24408e+00,-inf,1.91227e+01,8.29423e+04,8.24506e+04
8.48000e+00,7.27832e+01,1.12784e+02,1.32994e+01,7.27832e+01,1.12784e+02,1.32994e+01,9.07109e-03,7.27832e+01,1.12784e+02,1.32994e+01,9.07109e-03,9.44000e-02,9.44000e-02,0.00000e+00,-1.20278e+01,-1.19930e+01,inf,8.29257e+00,8.27864e+00,-inf,1.91572e+01,8.29362e+04,8.24504e+04
8.52000e+00,7.22780e+01,1.13316e+02,1.32993e+01,7.22780e+01,1.13316e+02,1.32993e+01,9.81848e-03,7.22780e+01,1.13316e+02,1.32993e+01,9.81848e-03,9.44000e-02,9.44000e-02,0.00000e+00,-1.21135e+01,-1.20790e+01,inf,8.32683e+00,8.31302e+00,-inf,1.91914e+01,8.29297e+04,8.24501e+04
8.56000e+00,7.17727e+01,1.13848e+02,1.32993e+01,7.17727e+01,1.13848e+02,1.32993e+01,1.06230e-02,7.17727e+01,1.13848e+02,1.32993e+01,1.06230e-02,9.44000e-02,9.44000e-02,0.00000e+00,-1.21987e+01,-1.21645e+01,inf,8.36091e+00,8.34722e+00,-inf,1.92255e+01,8.29228e+04,8.24497e+04
8.60000e+00,7.12674e+01,1.14380e+02,1.32992e+01,7.12674e+01,1.14380e+02,1.32992e+01,1.14886e-02,7.12674e+01,1.14380e+02,1.32992e+01,1.14886e-02,9.44000e-02,9.44000e-02,0.00000e+00,-1.22834e+01,-1.22495e+01,inf,8.39478e+00,8.38124e+00,-inf,1.92594e+01,8.29153e+04,8.24494e+04
8.64000e+00,7.07622e+01,1.14912e+02,1.32991e+01,7.07622e+01,1.14912e+02,1.32991e+01,1.24194e-02,7.07622e+01,1.14912e+02,1.32991e+01,1.24194e-02,9.44000e-02,9.44000e-02,0.00000e+00,-1.23676e+01,-1.23341e+01,inf,8.42847e+00,8.41507e+00,-inf,1.92930e+01,8.29073e+04,8.24490e+04
8.68000e+00,7.02570e+01,1.15444e+02,1.32990e+01,7.02570e+01,1.15444e+02,1.32990e+01,1.34198e-02,7.02570e+01,1.15444e+02,1.32990e+01,1.34198e-02,9.44000e-02,9.44000e-02,0.00000e+00,-1.24513e+01,-1.24182e+01,inf,8.46195e+00,8.44871e+00,-inf,1.93265e+01,8.28987e+04,8.24486e+04
8.72000e+00,6.97517e+01,1.15976e+02,1.32990e+01,6.97517e+01,1.15976e+02,1.32990e+01,1.44945e-02,6.97517e+01,1.15976e+02,1.32990e+01,1.44945e-02,9.44000e-02,9.44000e-02,0.00000e+00,-1.25345e+01,-1.25018e+01,inf,8.49523e+00,8.48216e+00,-inf,1.93598e+01,8.28896e+04,8.24481e+04
8.76000e+00,6.92465e+01,1.16507e+02,1.32989e+01,6.92465e+01,1.16507e+02,1.32989e+01,1.56484e-02,6.92465e+01,1.16507e+02,1.32989e+01,1.56484e-02,9.44000e-02,9.44000e-02,0.00000e+00,-1.26172e+01,-1.25849e+01,inf,8.52831e+00,8.51542e+00,-inf,1.93929e+01,8.28799e+04,8.24477e+04
8.80000e+00,6.87413e+01,1.17039e+02,1.32988e+01,6.87413e+01,1.17039e+02,1.32988e+01,1.68867e-02,6.87413e+01,1.17039e+02,1.32988e+01,1.68867e-02,9.44000e-02,9.44000e-02,0.00000e+00,-1.26993e+01,-1.26676e+01,inf,8.56118e+00,8.54849e+00,-inf,1.94257e+01,8.28696e+04,8.24471e+04
8.84000e+00,6.82361e+01,1.17571e+02,1.32987e+01,6.82361e+01,1.17571e+02,1.32987e+01,1.82148e-02,6.82361e+01,1.17571e+02,1.32987e+01,1.82148e-02,9.44000e-02,9.44000e-02,0.00000e+00,-1.27810e+01,-1.27498e+01,inf,8.59384e+00,8.58136e+00,-inf,1.94584e+01,8.28690e+04,8.24466e+04
8.88000e+00,6.77309e+01,1.18103e+02,1.32986e+01,6.77309e+01,1.18103e+02,1.32986e+01,1.96385e-02,6.77309e+01,1.18103e+02,1.32986e+01,1.96385e-02,9.44000e-02,9.44000e-02,0.00000e+00,-1.28636e+01,-1.28315e+01,inf,8.62690e+00,8.61404e+00,-inf,1.94914e+01,8.28677e+04,8.24460e+04
8.92000e+00,6.72257e+01,1.18635e+02,1.32985e+01,6.72257e+01,1.18635e+02,1.32985e+01,2.11640e-02,6.72257e+01,1.18635e+02,1.32985e+01,2.11640e-02,9.44000e-02,9.44000e-02,0.00000e+00,-1.29458e+01,-1.29127e+01,inf,8.65974e+00,8.64652e+00,-inf,1.95243e+01,8.28658e+04,8.24453e+04
8.96000e+00,6.67205e+01,1.19167e+02,1.32983e+01,6.67205e+01,1.19167e+02,1.32983e+01,2.27977e-02,6.67205e+01,1.19167e+02,1.32983e+01,2.27977e-02,9.44000e-02,9.44000e-02,0.00000e+00,-1.30273e+01,-1.29934e+01,inf,8.69238e+00,8.67880e+00,-inf,1.95569e+01,8.28632e+04,8.24446e+04
9.00000e+00,6.62154e+01,1.19699e+02,1.32982e+01,6.62154e+01,1.19699e+02,1.32982e+01,2.45464e-02,6.62154e+01,1.19699e+02,1.32982e+01,2.45464e-02,9.44000e-02,9.44000e-02,0.00000e+00,-1.31084e+01,-1.30736e+01,inf,8.72479e+00,8.71089e+00,-inf,1.95893e+01,8.28598e+04,8.24439e+04
9.04000e+00,6.57102e+01,1.20231e+02,1.32980e+01,6.57102e+01,1.20231e+02,1.32980e+01,2.64172e-02,6.57102e+01,1.20231e+02,1.32980e+01,2.64172e-02,9.44000e-02,9.44000e-02,0.00000e+00,-1.31889e+01,-1.31533e+01,inf,8.75699e+00,8.74278e+00,-inf,1.96215e+01,8.28558e+04,8.24430e+04
9.08000e+00,6.52050e+01,1.20763e+02,1.32979e+01,6.52050e+01,1.20763e+02,1.32979e+01,2.84177e-02,6.52050e+01,1.20763e+02,1.32979e+01,2.84177e-02,9.44000e-02,9.44000e-02,0.00000e+00,-1.32688e+01,-1.32326e+01,inf,8.78898e+00,8.77447e+00,-inf,1.96534e+01,8.28510e+04,8.24422e+04
9.12000e+00,6.46999e+01,1.21295e+02,1.32977e+01,6.46999e+01,1.21295e+02,1.32977e+01,3.05557e-02,6.46999e+01,1.21295e+02,1.32977e+01,3.05557e-02,9.44000e-02,9.44000e-02,0.00000e+00,-1.33483e+01,-1.33113e+01,inf,8.82074e+00,8.80596e+00,-inf,1.96852e+01,8.28456e+04,8.24412e+04
9.16000e+00,6.41948e+01,1.21827e+02,1.32975e+01,6.41948e+01,1.21827e+02,1.32975e+01,3.28397e-02,6.41948e+01,1.21827e+02,1.32975e+01,3.28397e-02,9.44000e-02,9.44000e-02,0.00000e+00,-1.34271e+01,-1.33895e+01,inf,8.85229e+00,8.83726e+00,-inf,1.97167e+01,8.28395e+04,8.24402e+04
9.20000e+00,6.36897e+01,1.22359e+02,1.32973e+01,6.36897e+01,1.22359e+02,1.32973e+01,3.52785e-02,6.36897e+01,1.22359e+02,1.32973e+01,3.52785e-02,9.44000e-02,9.44000e-02,0.00000e+00,-1.35055e+01,-1.34673e+01,inf,8.88363e+00,8.86835e+00,-inf,1.97480e+01,8.28327e+04,8.24391e+04
9.24000e+00,6.31846e+01,1.22891e+02,1.32971e+01,6.31846e+01,1.22891e+02,1.32971e+01,3.78813e-02,6.31846e+01,1.22891e+02,1.32971e+01,3.78813e-02,9.44000e-02,9.44000e-02,0.00000e+00,-1.35832e+01,-1.35445e+01,inf,8.91474e+00,8.89925e+00,-inf,1.97791e+01,8.28253e+04,8.24380e+04
9.28000e+00,6.26795e+01,1.23422e+02,1.32969e+01,6.26795e+01,1.23422e+02,1.32969e+01,4.06578e-02,6.26795e+01,1.23422e+02,1.32969e+01,4.06578e-02,9.44000e-02,9.44000e-02,0.00000e+00,-1.36605e+01,-1.36213e+01,inf,8.94564e+00,8.92996e+00,-inf,1.98100e+01,8.28173e+04,8.24367e+04
9.32000e+00,6.21744e+01,1.23954e+02,1.32966e+01,6.21744e+01,1.23954e+02,1.32966e+01,4.36183e-02,6.21744e+01,1.23954e+02,1.32966e+01,4.36183e-02,9.44000e-02,9.44000e-02,0.00000e+00,-1.37372e+01,-1.36976e+01,inf,8.97632e+00,8.96047e+00,-inf,1.98406e+01,8.28088e+04,8.24354e+04
9.36000e+00,6.16693e+01,1.24486e+02,1.32964e+01,6.16693e+01,1.24486e+02,1.32964e+01,4.67736e-02,6.16693e+01,1.24486e+02,1.32964e+01,4.67736e-02,9.44000e-02,9.44000e-02,0.00000e+00,-1.38134e+01,-1.37733e+01,inf,9.00679e+00,8.99078e+00,-inf,1.98710e+01,8.27998e+04,8.24339e+04
9.40000e+00,6.11643e+01,1.25018e+02,1.32961e+01,6.11643e+01,1.25018e+02,1.32961e+01,5.01351e-02,6.11643e+01,1.25018e+02,1.32961e+01,5.01351e-02,9.44000e-02,9.44000e-02,0.00000e+00,-1.38890e+01,-1.38486e+01,inf,9.03705e+00,9.02090e+00,-inf,1.99013e+01,8.27905e+04,8.24324e+04
9.44000e+00,6.06592e+01,1.25550e+02,1.32958e+01,6.06592e+01,1.25550e+02,1.32958e+01,5.37147e-02,6.06592e+01,1.25550e+02,1.32958e+01,5.37147e-02,9.44000e-02,9.44000e-02,0.00000e+00,-1.39641e+01,-1.39235e+01,inf,9.06710e+00,9.05083e+00,-inf,1.99312e+01,8.27809e+04,8.24308e+04
9.48000e+00,6.01542e+01,1.26082e+02,1.32955e+01,6.01542e+01,1.26082e+02,1.32955e+01,5.75249e-02,6.01542e+01,1.26082e+02,1.32955e+01,5.75249e-02,9.44000e-02,9.44000e-02,0.00000e+00,-1.40387e+01,-1.39978e+01,inf,9.09694e+00,9.08057e+00,-inf,1.99610e+01,8.27711e+04,8.24290e+04
9.52000e+00,5.96492e+01,1.26613e+02,1.32951e+01,5.96492e+01,1.26613e+02,1.32951e+01,6.15791e-02,5.96492e+01,1.26613e+02,1.32951e+01,6.15791e-02,9.44000e-02,9.44000e-02,0.00000e+00,-1.41128e+01,-1.40717e+01,inf,9.12658e+00,9.11013e+00,-inf,1.99906e+01,8.27614e+04,8.24271e+04
9.56000e+00,5.91443e+01,1.27145e+02,1.32948e+01,5.91443e+01,1.27145e+02,1.32948e+01,6.58912e-02,5.91443e+01,1.27145e+02,1.32948e+01,6.58912e-02,9.44000e-02,9.44000e-02,0.00000e+00,-1.41864e+01,-1.41451e+01,inf,9.15601e+00,9.13949e+00,-inf,2.00200e+01,8.27517e+04,8.24251e+04
9.60000e+00,5.86393e+01,1.27677e+02,1.32944e+01,5.86393e+01,1.27677e+02,1.32944e+01,7.04759e-02,5.86393e+01,1.27677e+02,1.32944e+01,7.04759e-02,9.44000e-02,9.44000e-02,0.00000e+00,-1.42595e+01,-1.42181e+01,inf,9.18526e+00,9.16868e+00,-inf,2.00491e+01,8.27424e+04,8.24229e+04
9.64000e+00,5.81344e+01,1.28209e+02,1.32939e+01,5.81344e+01,1.28209e+02,1.32939e+01,7.53488e-02,5.81344e+01,1.28209e+02,1.32939e+01,7.53488e-02,9.44000e-02,9.44000e-02,0.00000e+00,-1.43322e+01,-1.42906e+01,inf,9.21431e+00,9.19769e+00,-inf,2.00781e+01,8.27335e+04,8.24206e+04
9.68000e+00,5.76294e+01,1.28740e+02,1.32935e+01,5.76294e+01,1.28740e+02,1.32935e+01,8.05260e-02,5.76294e+01,1.28740e+02,1.32935e+01,8.05260e-02,9.44000e-02,9.44000e-02,0.00000e+00,-1.44043e+01,-1.43627e+01,inf,9.24318e+00,9.22652e+00,-inf,2.01068e+01,8.27253e+04,8.24181e+04
9.72000e+00,5.71245e+01,1.29272e+02,1.32930e+01,5.71245e+01,1.29272e+02,1.32930e+01,8.60250e-02,5.71245e+01,1.29272e+02,1.32930e+01,8.60250e-02,9.44000e-02,9.44000e-02,0.00000e+00,-1.44761e+01,-1.44343e+01,inf,9.27187e+00,9.25517e+00,-inf,2.01354e+01,8.27180e+04,8.24155e+04
9.76000e+00,5.66197e+01,1.29804e+02,1.32925e+01,5.66197e+01,1.29804e+02,1.32925e+01,9.18640e-02,5.66197e+01,1.29804e+02,1.32925e+01,9.18640e-02,9.44000e-02,9.44000e-02,0.00000e+00,-1.45474e+01,-1.45055e+01,inf,9.30040e+00,9.28366e+00,-inf,2.01638e+01,8.27117e+04,8.24126e+04
9.80000e+00,5.61148e+01,1.30336e+02,1.32919e+01,5.61148e+01,1.30336e+02,1.32919e+01,9.80620e-02,5.61148e+01,1.30336e+02,1.32919e+01,9.80620e-02,9.44000e-02,9.44000e-02,0.00000e+00,-1.46183e+01,-1.45763e+01,inf,9.32877e+00,9.31197e+00,-inf,2.01920e+01,8.27067e+04,8.24096e+04
9.84000e+00,5.56100e+01,1.30867e+02,1.32914e+01,5.56100e+01,1.30867e+02,1.32914e+01,1.04640e-01,5.56100e+01,1.30867e+02,1.32914e+01,1.04640e-01,9.44000e-02,9.44000e-02,0.00000e+00,-1.46889e+01,-1.46467e+01,inf,9.35699e+00,9.34013e+00,-inf,2.02201e+01,8.27030e+04,8.24064e+04
9.88000e+00,5.51052e+01,1.31399e+02,1.32907e+01,5.51052e+01,1.31399e+02,1.32907e+01,1.11618e-01,5.51052e+01,1.31399e+02,1.32907e+01,1.11618e-01,9.44000e-02,9.44000e-02,0.00000e+00,-1.47591e+01,-1.47167e+01,inf,9.38508e+00,9.36812e+00,-inf,2.02480e+01,8.26905e+04,8.24030e+04
9.92000e+00,5.46005e+01,1.31930e+02,1.32901e+01,5.46005e+01,1.31930e+02,1.32901e+01,1.19020e-01,5.46005e+01,1.31930e+02,1.32901e+01,1.19020e-01,9.44000e-02,9.44000e-02,0.00000e+00,-1.48276e+01,-1.47863e+01,inf,9.41247e+00,9.39597e+00,-inf,2.02751e+01,8.26796e+04,8.23993e+04
9.96000e+00,5.40957e+01,1.32462e+02,1.32893e+01,5.40957e+01,1.32462e+02,1.32893e+01,1.26871e-01,5.40957e+01,1.32462e+02,1.32893e+01,1.26871e-01,9.44000e-02,9.44000e-02,0.00000e+00,-1.48958e+01,-1.48555e+01,inf,9.43975e+00,9.42366e+00,-inf,2.03022e+01,8.26704e+04,8.23954e+04
1.00000e+01,5.35910e+01,1.32994e+02,1.32886e+01,5.35910e+01,1.32994e+02,1.32886e+01,1.35194e-01,5.35910e+01,1.32994e+02,1.32886e+01,1.35194e-01,9.44000e-02,9.44000e-02,0.00000e+00,-1.49638e+01,-1.49244e+01,inf,9.46695e+00,9.45120e+00,-inf,2.03292e+01,8.26627e+04,8.23913e+04
1.00400e+01,5.30864e+01,1.33525e+02,1.32878e+01,5.30864e+01,1.33525e+02,1.32878e+01,1.44019e-01,5.30864e+01,1.33525e+02,1.32878e+01,1.44019e-01,9.44000e-02,9.44000e-02,0.00000e+00,-1.50316e+01,-1.49929e+01,inf,9.49409e+00,9.47861e+00,-inf,2.03560e+01,8.26563e+04,8.23868e+04
1.00800e+01,5.25817e+01,1.34057e+02,1.32869e+01,5.25817e+01,1.34057e+02,1.32869e+01,1.53372e-01,5.25817e+01,1.34057e+02,1.32869e+01,1.53372e-01,9.44000e-02,9.44000e-02,0.00000e+00,-1.50994e+01,-1.50611e+01,inf,9.52119e+00,9.50587e+00,-inf,2.03828e+01,8.26509e+04,8.23821e+04
1.01200e+01,5.20771e+01,1.34588e+02,1.32860e+01,5.20771e+01,1.34588e+02,1.32860e+01,1.63286e-01,5.20771e+01,1.34588e+02,1.32860e+01,1.63286e-01,9.44000e-02,9.44000e-02,0.00000e+00,-1.51670e+01,-1.51289e+01,inf,9.54824e+00,9.53301e+00,-inf,2.04096e+01,8.26456e+04,8.23771e+04
1.01600e+01,5.15726e+01,1.35119e+02,1.32850e+01,5.15726e+01,1.35119e+02,1.32850e+01,1.73793e-01,5.15726e+01,1.35119e+02,1.32850e+01,1.73793e-01,9.44000e-02,9.44000e-02,0.00000e+00,-1.52343e+01,-1.51965e+01,inf,9.57518e+00,9.56003e+00,-inf,2.04363e+01,8.26400e+04,8.23718e+04
1.02000e+01,5.10681e+01,1.35651e+02,1.32840e+01,5.10681e+01,1.35651e+02,1.32840e+01,1.84927e-01,5.10681e+01,1.35651e+02,1.32840e+01,1.84927e-01,9.44000e-02,9.44000e-02,0.00000e+00,-1.53014e+01,-1.52637e+01,inf,9.60201e+00,9.58692e+00,-inf,2.04629e+01,8.26341e+04,8.23661e+04
1.02400e+01,5.05636e+01,1.36182e+02,1.32829e+01,5.05636e+01,1.36182e+02,1.32829e+01,1.96724e-01,5.05637e+01,1.36182e+02,1.32814e+01,1.96683e-01,9.44000e-02,9.44000e-02,0.00000e+00,-1.54674e+01,-1.35213e+01,inf,9.66839e+00,8.88995e+00,-inf,2.05420e+01,7.86713e+04,6.76441e+03
1.02800e+01,5.00762e+01,1.36696e+02,1.28360e+01,5.00592e+01,1.36713e+02,1.32816e+01,2.09225e-01,5.00594e+01,1.36713e+02,1.32787e+01,2.09133e-01,9.44000e-02,9.44000e-02,0.00000e+00,-1.82277e+01,-1.35875e+01,inf,1.07725e+01,8.91642e+00,-inf,2.15915e+01,7.46115e+04,6.76320e+03
1.03200e+01,4.95729e+01,1.37226e+02,1.28075e+01,4.95549e+01,1.37245e+02,1.32803e+01,2.22471e-01,4.95552e+01,1.37244e+02,1.32759e+01,2.22319e-01,9.44000e-02,9.44000e-02,0.00000e+00,-1.89494e+01,-1.36533e+01,inf,1.10612e+01,8.94278e+00,-inf,2.18455e+01,7.04667e+04,6.76191e+03
1.03600e+01,4.90697e+01,1.37756e+02,1.27774e+01,4.90506e+01,1.37776e+02,1.32788e+01,2.36508e-01,4.90512e+01,1.37775e+02,1.32728e+01,2.36284e-01,9.44000e-02,9.44000e-02,0.00000e+00,-1.93843e+01,-1.37190e+01,inf,1.12351e+01,8.96902e+00,-inf,2.19857e+01,6.62505e+04,6.76054e+03
1.04000e+01,4.85666e+01,1.38286e+02,1.27456e+01,4.85464e+01,1.38307e+02,1.32773e+01,2.51382e-01,4.85472e+01,1.38306e+02,1.32696e+01,2.51074e-01,9.44000e-02,9.44000e-02,0.00000e+00,-1.96952e+01,-1.37843e+01,inf,1.13595e+01,8.99517e+00,-inf,2.20769e+01,6.19793e+04,6.75908e+03
1.04400e+01,4.80636e+01,1.38815e+02,1.27120e+01,4.80422e+01,1.38838e+02,1.32755e+01,2.67145e-01,4.80434e+01,1.38837e+02,1.32661e+01,2.66739e-01,9.44000e-02,9.44000e-02,0.00000e+00,-1.99354e+01,-1.38494e+01,inf,1.14556e+01,9.02121e+00,-inf,2.21406e+01,5.76717e+04,6.75753e+03
1.04800e+01,4.75608e+01,1.39345e+02,1.26765e+01,4.75382e+01,1.39369e+02,1.32737e+01,2.83852e-01,4.75398e+01,1.39367e+02,1.32625e+01,2.83332e-01,9.44000e-02,9.44000e-02,0.00000e+00,-2.01290e+01,-1.39143e+01,inf,1.15330e+01,9.04717e+00,-inf,2.21864e+01,5.33490e+04,6.75589e+03
1.05200e+01,4.70582e+01,1.39874e+02,1.26390e+01,4.70342e+01,1.39900e+02,1.32716e+01,3.01561e-01,4.70363e+01,1.39897e+02,1.32586e+01,3.00910e-01,9.44000e-02,9.44000e-02,0.00000e+00,-2.02888e+01,-1.39790e+01,inf,1.15970e+01,9.07304e+00,-inf,2.22195e+01,4.90352e+04,6.75415e+03
1.05600e+01,4.65557e+01,1.40404e+02,1.25995e+01,4.65302e+01,1.40430e+02,1.32694e+01,3.20336e-01,4.65329e+01,1.40428e+02,1.32545e+01,3.19534e-01,9.44000e-02,9.44000e-02,0.00000e+00,-2.04224e+01,-1.40435e+01,inf,1.16504e+01,9.09884e+00,-inf,2.22428e+01,4.47570e+04,6.75230e+03
1.06000e+01,4.60534e+01,1.40933e+02,1.25577e+01,4.60264e+01,1.40961e+02,1.32669e+01,3.40242e-01,4.60298e+01,1.40958e+02,1.32500e+01,3.39267e-01,9.44000e-02,9.44000e-02,0.00000e+00,-2.05350e+01,-1.40790e+01,inf,1.16954e+01,9.11304e+00,-inf,2.22585e+01,4.05439e+04,6.48698e+03
1.06400e+01,4.55512e+01,1.41462e+02,1.25135e+01,4.55227e+01,1.41492e+02,1.32641e+01,3.61353e-01,4.55268e+01,1.41487e+02,1.32453e+01,3.60182e-01,9.44000e-02,9.44000e-02,0.00000e+00,-2.06290e+01,-1.41431e+01,inf,1.17330e+01,9.13869e+00,-inf,2.22673e+01,3.64281e+04,6.48496e+03
1.06800e+01,4.50493e+01,1.41990e+02,1.24669e+01,4.50192e+01,1.42022e+02,1.32611e+01,3.83745e-01,4.50240e+01,1.42017e+02,1.32403e+01,3.82355e-01,9.44000e-02,9.44000e-02,0.00000e+00,-2.07068e+01,-1.42071e+01,inf,1.17642e+01,9.16429e+00,-inf,2.22699e+01,3.24446e+04,6.48280e+03
1.07200e+01,4.45476e+01,1.42519e+02,1.24176e+01,4.45157e+01,1.42552e+02,1.32577e+01,4.07500e-01,4.45214e+01,1.42546e+02,1.32350e+01,4.05866e-01,9.44000e-02,9.44000e-02,0.00000e+00,-2.07697e+01,-1.42710e+01,inf,1.17893e+01,9.18984e+00,-inf,2.22667e+01,2.86302e+04,6.48052e+03
1.07600e+01,4.40461e+01,1.43047e+02,1.23655e+01,4.40124e+01,1.43083e+02,1.32539e+01,4.32704e-01,4.40191e+01,1.43076e+02,1.32293e+01,4.30804e-01,9.44000e-02,9.44000e-02,0.00000e+00,-2.08183e+01,-1.43348e+01,inf,1.18088e+01,9.21535e+00,-inf,2.22578e+01,2.50235e+04,6.47810e+03
1.08000e+01,4.35449e+01,1.43575e+02,1.23104e+01,4.35093e+01,1.43613e+02,1.32496e+01,4.59451e-01,4.35169e+01,1.43605e+02,1.32233e+01,4.57263e-01,9.44000e-02,9.44000e-02,0.00000e+00,-2.08531e+01,-1.43984e+01,inf,1.18227e+01,9.24082e+00,-inf,2.22427e+01,2.16640e+04,6.47553e+03
1.08400e+01,4.30440e+01,1.44103e+02,1.22522e+01,4.30063e+01,1.44142e+02,1.32447e+01,4.87837e-01,4.30150e+01,1.44133e+02,1.32170e+01,4.85346e-01,9.44000e-02,9.44000e-02,0.00000e+00,-2.08739e+01,-1.44621e+01,inf,1.18310e+01,9.26626e+00,-inf,2.22212e+01,1.85911e+04,6.47281e+03
1.08800e+01,4.25434e+01,1.44630e+02,1.21905e+01,4.25036e+01,1.44672e+02,1.32391e+01,5.17963e-01,4.25134e+01,1.44662e+02,1.32102e+01,5.15159e-01,9.44000e-02,9.44000e-02,0.00000e+00,-2.08804e+01,-1.45134e+01,inf,1.18336e+01,9.28681e+00,-inf,2.21927e+01,1.58424e+04,6.36179e+03
1.09200e+01,4.20432e+01,1.45157e+02,1.21252e+01,4.20011e+01,1.45201e+02,1.32326e+01,5.49932e-01,4.20121e+01,1.45190e+02,1.32030e+01,5.46824e-01,9.44000e-02,9.44000e-02,0.00000e+00,-2.08717e+01,-1.45769e+01,inf,1.18301e+01,9.31222e+00,-inf,2.21558e+01,1.34521e+04,6.35876e+03
1.09600e+01,4.15434e+01,1.45683e+02,1.20559e+01,4.14990e+01,1.45730e+02,1.32248e+01,5.83845e-01,4.15110e+01,1.45718e+02,1.31953e+01,5.80471e-01,9.44000e-02,9.44000e-02,0.00000e+00,-2.08469e+01,-1.46404e+01,inf,1.18202e+01,9.33762e+00,-inf,2.21093e+01,1.14482e+04,6.35554e+03
1.10000e+01,4.10440e+01,1.46210e+02,1.19823e+01,4.09972e+01,1.46259e+02,1.32155e+01,6.19793e-01,4.10103e+01,1.46245e+02,1.31872e+01,6.16237e-01,9.44000e-02,9.44000e-02,0.00000e+00,-2.08045e+01,-1.47040e+01,inf,1.18033e+01,9.36302e+00,-inf,2.20514e+01,9.84914e+03,6.35213e+03
1.10400e+01,4.05452e+01,1.46735e+02,1.19039e+01,4.04958e+01,1.46787e+02,1.32039e+01,6.57844e-01,4.05099e+01,1.46772e+02,1.31785e+01,6.54273e-01,9.44000e-02,9.44000e-02,0.00000e+00,-2.07431e+01,-1.47675e+01,inf,1.17787e+01,9.38844e+00,-inf,2.19797e+01,8.65139e+03,6.34851e+03
1.10800e+01,4.00470e+01,1.47260e+02,1.18201e+01,3.99950e+01,1.47315e+02,1.31888e+01,6.97999e-01,4.00098e+01,1.47299e+02,1.31694e+01,6.94744e-01,9.44000e-02,9.44000e-02,0.00000e+00,-2.06611e+01,-1.48311e+01,inf,1.17459e+01,9.41387e+00,-inf,2.18910e+01,7.84793e+03,6.34468e+03
1.11200e+01,3.95496e+01,1.47784e+02,1.17298e+01,3.94950e+01,1.47841e+02,1.31679e+01,7.40101e-01,3.95101e+01,1.47825e+02,1.31596e+01,7.37826e-01,9.44000e-02,9.44000e-02,0.00000e+00,-2.05570e+01,-1.48947e+01,inf,1.17042e+01,9.43933e+00,-inf,2.17812e+01,7.39830e+03,6.34060e+03
1.11600e+01,3.90534e+01,1.48306e+02,1.16312e+01,3.89963e+01,1.48367e+02,1.31351e+01,7.83496e-01,3.90108e+01,1.48351e+02,1.31493e+01,7.83711e-01,9.44000e-02,9.44000e-02,0.00000e+00,-2.04308e+01,-1.49584e+01,inf,1.16537e+01,9.46481e+00,-inf,2.16463e+01,7.23456e+03,6.33628e+03
1.12000e+01,3.85589e+01,1.48827e+02,1.15196e+01,3.84997e+01,1.48890e+02,1.30775e+01,8.26419e-01,3.85120e+01,1.48877e+02,1.31383e+01,8.32608e-01,9.44000e-02,9.44000e-02,0.00000e+00,-2.02843e+01,-1.50222e+01,inf,1.15952e+01,9.49034e+00,-inf,2.14830e+01,7.19868e+03,6.33170e+03
1.12400e+01,3.80674e+01,1.49345e+02,1.13857e+01,3.80065e+01,1.49409e+02,1.29896e+01,8.67703e-01,3.80136e+01,1.49402e+02,1.31266e+01,8.84742e-01,9.44000e-02,9.44000e-02,0.00000e+00,-2.01334e+01,-1.50862e+01,inf,1.15348e+01,9.51591e+00,-inf,2.13229e+01,7.18187e+03,6.32684e+03
1.12800e+01,3.75802e+01,1.49858e+02,1.12263e+01,3.75156e+01,1.49926e+02,1.31142e+01,9.40360e-01,3.75156e+01,1.49926e+02,1.31142e+01,9.40360e-01,9.44000e-02,9.44000e-02,0.00000e+00,-1.99914e+01,-1.51502e+01,inf,1.14780e+01,9.54152e+00,-inf,2.12002e+01,7.17084e+03,6.32167e+03
1.13200e+01,3.70995e+01,1.50365e+02,1.10316e+01,3.70182e+01,1.50450e+02,1.31010e+01,9.99727e-01,3.70182e+01,1.50450e+02,1.31010e+01,9.99727e-01,9.44000e-02,9.44000e-02,0.00000e+00,-1.98584e+01,-1.52144e+01,inf,1.14248e+01,9.56720e+00,-inf,2.11074e+01,7.16142e+03,6.31619e+03
1.13600e+01,3.65213e+01,1.50974e+02,1.30869e+01,3.65213e+01,1.50974e+02,1.30869e+01,1.06313e+00,3.65213e+01,1.50974e+02,1.30869e+01,1.06313e+00,9.44000e-02,9.44000e-02,0.00000e+00,-1.97336e+01,-1.52787e+01,inf,1.13749e+01,9.59293e+00,-inf,2.10365e+01,7.15223e+03,6.31037e+03
1.14000e+01,3.60250e+01,1.51497e+02,1.30719e+01,3.60250e+01,1.51497e+02,1.30719e+01,1.13090e+00,3.60250e+01,1.51497e+02,1.30719e+01,1.13090e+00,9.44000e-02,9.44000e-02,0.00000e+00,-1.96159e+01,-1.53432e+01,inf,1.13278e+01,9.61874e+00,-inf,2.09814e+01,7.14275e+03,6.30418e+03
1.14400e+01,3.55293e+01,1.52019e+02,1.30560e+01,3.55293e+01,1.52019e+02,1.30560e+01,1.20335e+00,3.55293e+01,1.52019e+02,1.30560e+01,1.20335e+00,9.44000e-02,9.44000e-02,0.00000e+00,-1.95046e+01,-1.54079e+01,inf,1.12833e+01,9.64461e+00,-inf,2.09381e+01,7.13282e+03,6.29762e+03
1.14800e+01,3.50342e+01,1.52541e+02,1.30390e+01,3.50342e+01,1.52541e+02,1.30390e+01,1.28088e+00,3.50342e+01,1.52541e+02,1.30390e+01,1.28088e+00,9.44000e-02,9.44000e-02,0.00000e+00,-1.93988e+01,-1.54728e+01,inf,1.12410e+01,9.67055e+00,-inf,2.09040e+01,7.12236e+03,6.29064e+03
1.15200e+01,3.45398e+01,1.53061e+02,1.30210e+01,3.45398e+01,1.53061e+02,1.30210e+01,1.36388e+00,3.45398e+01,1.53061e+02,1.30210e+01,1.36388e+00,9.44000e-02,9.44000e-02,0.00000e+00,-1.92981e+01,-1.55378e+01,inf,1.12007e+01,9.69657e+00,-inf,2.08772e+01,7.11133e+03,6.28322e+03
1.15600e+01,3.40462e+01,1.53582e+02,1.30017e+01,3.40462e+01,1.53582e+02,1.30017e+01,1.45279e+00,3.40462e+01,1.53582e+02,1.30017e+01,1.45279e+00,9.44000e-02,9.44000e-02,0.00000e+00,-1.92019e+01,-1.56031e+01,inf,1.11622e+01,9.72267e+00,-inf,2.08566e+01,7.09970e+03,6.27533e+03
1.16000e+01,3.35533e+01,1.54101e+02,1.29812e+01,3.35533e+01,1.54101e+02,1.29812e+01,1.54809e+00,3.35533e+01,1.54101e+02,1.29812e+01,1.54809e+00,9.44000e-02,9.44000e-02,0.00000e+00,-1.91100e+01,-1.56685e+01,inf,1.11254e+01,9.74884e+00,-inf,2.08413e+01,7.08743e+03,6.26695e+03
1.16400e+01,3.30613e+01,1.54619e+02,1.29593e+01,3.30613e+01,1.54619e+02,1.29593e+01,1.65029e+00,3.30613e+01,1.54619e+02,1.29593e+01,1.65029e+00,9.44000e-02,9.44000e-02,0.00000e+00,-1.90220e+01,-1.57341e+01,inf,1.10903e+01,9.77510e+00,-inf,2.08303e+01,7.07448e+03,6.25803e+03
1.16800e+01,3.25702e+01,1.55137e+02,1.29354e+01,3.25702e+01,1.55137e+02,1.29354e+01,1.75982e+00,3.25716e+01,1.55135e+02,1.29001e+01,1.75022e+00,9.44000e-02,9.44000e-02,0.00000e+00,-1.89447e+01,-1.37678e+01,inf,1.10593e+01,8.98856e+00,-inf,2.08509e+01,7.05973e+03,3.80458e+02
1.17200e+01,3.20801e+01,1.55653e+02,1.29100e+01,3.20801e+01,1.55653e+02,1.29100e+01,1.87739e+00,3.20842e+01,1.55649e+02,1.28373e+01,1.85595e+00,9.44000e-02,9.44000e-02,0.00000e+00,-1.88650e+01,-1.38206e+01,inf,1.10274e+01,9.00968e+00,-inf,2.08473e+01,7.04418e+03,3.78910e+02
1.17600e+01,3.15910e+01,1.56168e+02,1.28828e+01,3.15910e+01,1.56168e+02,1.28828e+01,2.00365e+00,3.15993e+01,1.56159e+02,1.27705e+01,1.96774e+00,9.44000e-02,9.44000e-02,0.00000e+00,-1.87890e+01,-1.38725e+01,inf,1.09970e+01,9.03046e+00,-inf,2.08461e+01,7.02778e+03,3.77281e+02
1.18000e+01,3.11030e+01,1.56682e+02,1.28537e+01,3.11030e+01,1.56682e+02,1.28537e+01,2.13931e+00,3.11172e+01,1.56667e+02,1.26996e+01,2.08581e+00,9.44000e-02,9.44000e-02,0.00000e+00,-1.87165e+01,-1.39235e+01,inf,1.09680e+01,9.05085e+00,-inf,2.08469e+01,7.01047e+03,3.75566e+02
1.18400e+01,3.06162e+01,1.57195e+02,1.28226e+01,3.06162e+01,1.57195e+02,1.28226e+01,2.28511e+00,3.06379e+01,1.57172e+02,1.26244e+01,2.21040e+00,9.44000e-02,9.44000e-02,0.00000e+00,-1.84749e+01,-1.39734e+01,inf,1.08714e+01,9.07082e+00,-inf,2.08494e+01,6.99223e+03,3.73764e+02
1.18800e+01,3.01306e+01,1.57707e+02,1.27894e+01,3.01306e+01,1.57707e+02,1.27894e+01,2.44188e+00,3.01617e+01,1.57674e+02,1.25445e+01,2.34171e+00,9.44000e-02,9.44000e-02,0.00000e+00,-1.83843e+01,-1.40222e+01,inf,1.08352e+01,9.09033e+00,-inf,2.08531e+01,6.97300e+03,3.71870e+02
1.19200e+01,2.96464e+01,1.58217e+02,1.27539e+01,2.96464e+01,1.58217e+02,1.27539e+01,2.61050e+00,2.96886e+01,1.58173e+02,1.24597e+01,2.47989e+00,9.44000e-02,9.44000e-02,0.00000e+00,-1.83309e+01,-1.40697e+01,inf,1.08138e+01,9.10934e+00,-inf,2.08579e+01,6.95272e+03,3.69882e+02
1.19600e+01,2.91637e+01,1.58726e+02,1.27158e+01,2.91637e+01,1.58726e+02,1.27158e+01,2.79189e+00,2.92190e+01,1.58667e+02,1.23697e+01,2.62509e+00,9.44000e-02,9.44000e-02,0.00000e+00,-1.82808e+01,-1.41159e+01,inf,1.07938e+01,9.12779e+00,-inf,2.08634e+01,6.93134e+03,3.67798e+02
1.20000e+01,2.86825e+01,1.59233e+02,1.26750e+01,2.86825e+01,1.59233e+02,1.26750e+01,2.98705e+00,2.87531e+01,1.59158e+02,1.22743e+01,2.77737e+00,9.44000e-02,9.44000e-02,0.00000e+00,-1.82340e+01,-1.41605e+01,inf,1.07750e+01,9.14563e+00,-inf,2.08695e+01,6.90881e+03,3.65616e+02
1.20400e+01,2.82030e+01,1.59738e+02,1.26313e+01,2.82030e+01,1.59738e+02,1.26313e+01,3.19705e+00,2.82909e+01,1.59645e+02,1.21732e+01,2.93673e+00,9.44000e-02,9.44000e-02,0.00000e+00,-1.81905e+01,-1.42034e+01,inf,1.07577e+01,9.16281e+00,-inf,2.08759e+01,6.88506e+03,3.63332e+02
1.20800e+01,2.77252e+01,1.60241e+02,1.25845e+01,2.77252e+01,1.60241e+02,1.25845e+01,3.42300e+00,2.78329e+01,1.60128e+02,1.20661e+01,3.10310e+00,9.44000e-02,9.44000e-02,0.00000e+00,-1.80842e+01,-1.42446e+01,inf,1.07151e+01,9.17926e+00,-inf,2.08824e+01,6.86004e+03,3.60947e+02
1.21200e+01,2.72494e+01,1.60743e+02,1.25343e+01,2.72494e+01,1.60743e+02,1.25343e+01,3.66607e+00,2.73791e+01,1.60606e+02,1.19526e+01,3.27633e+00,9.44000e-02,9.44000e-02,0.00000e+00,-1.79969e+01,-1.42837e+01,inf,1.06802e+01,9.19492e+00,-inf,2.08888e+01,6.83369e+03,3.58459e+02
1.21600e+01,2.67756e+01,1.61242e+02,1.24804e+01,2.67756e+01,1.61242e+02,1.24804e+01,3.92749e+00,2.69299e+01,1.61079e+02,1.18326e+01,3.45613e+00,9.44000e-02,9.44000e-02,0.00000e+00,-1.79349e+01,-1.43207e+01,inf,1.06554e+01,9.20972e+00,-inf,2.08950e+01,6.80594e+03,3.55868e+02
1.22000e+01,2.63040e+01,1.61739e+02,1.24226e+01,2.63040e+01,1.61739e+02,1.24226e+01,4.20852e+00,2.64855e+01,1.61548e+02,1.17057e+01,3.64210e+00,9.44000e-02,9.44000e-02,0.00000e+00,-1.79053e+01,-1.43553e+01,inf,1.06436e+01,9.22357e+00,-inf,2.09007e+01,6.77673e+03,3.53175e+02
1.22400e+01,2.58348e+01,1.62233e+02,1.23606e+01,2.58348e+01,1.62233e+02,1.23606e+01,4.51045e+00,2.60463e+01,1.62010e+02,1.15717e+01,3.83370e+00,9.44000e-02,9.44000e-02,0.00000e+00,-1.78876e+01,-1.43874e+01,inf,1.06365e+01,9.23642e+00,-inf,2.09058e+01,6.74600e+03,3.50381e+02
1.22800e+01,2.53681e+01,1.62725e+02,1.22940e+01,2.53681e+01,1.62725e+02,1.22940e+01,4.83457e+00,2.56123e+01,1.62468e+02,1.14304e+01,4.03023e+00,9.44000e-02,9.44000e-02,0.00000e+00,-1.78729e+01,-1.44168e+01,inf,1.06306e+01,9.24816e+00,-inf,2.09100e+01,6.71366e+03,3.47488e+02
1.23200e+01,2.49041e+01,1.63214e+02,1.22224e+01,2.49041e+01,1.63214e+02,1.22224e+01,5.18217e+00,2.51841e+01,1.62919e+02,1.12815e+01,4.23083e+00,9.44000e-02,9.44000e-02,0.00000e+00,-1.78433e+01,-1.44432e+01,inf,1.06187e+01,9.25873e+00,-inf,2.09133e+01,6.67968e+03,3.44501e+02
1.23600e+01,2.44431e+01,1.63700e+02,1.21456e+01,2.44431e+01,1.63700e+02,1.21456e+01,5.55448e+00,2.47618e+01,1.63364e+02,1.11249e+01,4.43443e+00,9.44000e-02,9.44000e-02,0.00000e+00,-1.78095e+01,-1.44665e+01,inf,1.06052e+01,9.26804e+00,-inf,2.09152e+01,6.64399e+03,3.41423e+02
1.24000e+01,2.39851e+01,1.64182e+02,1.20631e+01,2.39851e+01,1.64182e+02,1.20631e+01,5.95266e+00,2.43457e+01,1.63802e+02,1.09603e+01,4.63980e+00,9.44000e-02,9.44000e-02,0.00000e+00,-1.77826e+01,-1.44864e+01,inf,1.05945e+01,9.27600e+00,-inf,2.09157e+01,6.60654e+03,3.38261e+02
1.24400e+01,2.35306e+01,1.64661e+02,1.19745e+01,2.35306e+01,1.64661e+02,1.19745e+01,6.37773e+00,2.39362e+01,1.64234e+02,1.07878e+01,4.84548e+00,9.44000e-02,9.44000e-02,0.00000e+00,-1.77600e+01,-1.45027e+01,inf,1.05855e+01,9.28251e+00,-inf,2.09145e+01,6.56726e+03,3.35022e+02
1.24800e+01,2.30796e+01,1.65136e+02,1.18794e+01,2.30796e+01,1.65136e+02,1.18794e+01,6.83055e+00,2.35335e+01,1.64658e+02,1.06072e+01,5.04984e+00,9.44000e-02,9.44000e-02,0.00000e+00,-1.77483e+01,-1.45152e+01,inf,1.05808e+01,9.28751e+00,-inf,2.09112e+01,6.52612e+03,3.31714e+02
1.25200e+01,2.26326e+01,1.65608e+02,1.17773e+01,2.26326e+01,1.65608e+02,1.17773e+01,7.31171e+00,2.31380e+01,1.65075e+02,1.04186e+01,5.25107e+00,9.44000e-02,9.44000e-02,0.00000e+00,-1.77554e+01,-1.45236e+01,inf,1.05836e+01,9.29089e+00,-inf,2.09057e+01,6.48301e+03,3.28347e+02
1.25600e+01,2.21897e+01,1.66074e+02,1.16678e+01,2.21897e+01,1.66074e+02,1.16678e+01,7.82148e+00,2.27500e+01,1.65484e+02,1.02221e+01,5.44717e+00,9.44000e-02,9.44000e-02,0.00000e+00,-1.77612e+01,-1.45278e+01,inf,1.05859e+01,9.29258e+00,-inf,2.08975e+01,6.43800e+03,3.24933e+02
1.26000e+01,2.17512e+01,1.66536e+02,1.15504e+01,2.17512e+01,1.66536e+02,1.15504e+01,8.35972e+00,2.23697e+01,1.65884e+02,1.00178e+01,5.63602e+00,9.44000e-02,9.44000e-02,0.00000e+00,-1.77627e+01,-1.45277e+01,inf,1.05865e+01,9.29251e+00,-inf,2.08863e+01,6.39103e+03,3.21483e+02
1.26400e+01,2.13176e+01,1.66993e+02,1.14247e+01,2.13176e+01,1.66993e+02,1.14247e+01,8.92579e+00,2.19975e+01,1.66277e+02,9.80600e+00,5.81542e+00,9.44000e-02,9.44000e-02,0.00000e+00,-1.77616e+01,-1.45229e+01,inf,1.05861e+01,9.29060e+00,-inf,2.08718e+01,6.34211e+03,3.18012e+02
1.26800e+01,2.08890e+01,1.67445e+02,1.12902e+01,2.08890e+01,1.67445e+02,1.12902e+01,9.51845e+00,2.16336e+01,1.66660e+02,9.58705e+00,5.98307e+00,9.44000e-02,9.44000e-02,0.00000e+00,-1.77596e+01,-1.45133e+01,inf,1.05853e+01,9.28678e+00,-inf,2.08534e+01,6.29124e+03,3.14533e+02
1.27200e+01,2.04659e+01,1.67891e+02,1.11464e+01,2.04659e+01,1.67891e+02,1.11464e+01,1.01357e+01,2.12782e+01,1.67035e+02,9.36137e+00,6.13673e+00,9.44000e-02,9.44000e-02,0.00000e+00,-1.77579e+01,-1.44989e+01,inf,1.05846e+01,9.28101e+00,-inf,2.08307e+01,6.23847e+03,3.11061e+02
1.27600e+01,2.00486e+01,1.68330e+02,1.09930e+01,2.00486e+01,1.68330e+02,1.09930e+01,1.07748e+01,2.09317e+01,1.67400e+02,9.12950e+00,6.27418e+00,9.44000e-02,9.44000e-02,0.00000e+00,-1.77571e+01,-1.44795e+01,inf,1.05843e+01,9.27324e+00,-inf,2.08032e+01,6.18378e+03,3.07612e+02
1.28000e+01,1.96376e+01,1.68764e+02,1.08296e+01,1.96376e+01,1.68764e+02,1.08296e+01,1.14320e+01,2.05942e+01,1.67756e+02,8.89203e+00,6.39336e+00,9.44000e-02,9.44000e-02,0.00000e+00,-1.77674e+01,-1.44550e+01,inf,1.05884e+01,9.26343e+00,-inf,2.07704e+01,6.12737e+03,3.04201e+02
1.28400e+01,1.92331e+01,1.69190e+02,1.06559e+01,1.92331e+01,1.69190e+02,1.06559e+01,1.21027e+01,2.02658e+01,1.68102e+02,8.64968e+00,6.49243e+00,9.44000e-02,9.44000e-02,0.00000e+00,-1.77736e+01,-1.44253e+01,inf,1.05909e+01,9.25157e+00,-inf,2.07315e+01,6.06932e+03,3.00844e+02
1.28800e+01,1.88356e+01,1.69609e+02,1.04716e+01,1.88356e+01,1.69609e+02,1.04716e+01,1.27810e+01,1.99469e+01,1.68438e+02,8.40322e+00,6.56978e+00,9.44000e-02,9.44000e-02,0.00000e+00,-1.77745e+01,-1.43905e+01,inf,1.05913e+01,9.23764e+00,-inf,2.06860e+01,6.00979e+03,2.97556e+02
1.29200e+01,1.84456e+01,1.70020e+02,1.02766e+01,1.84456e+01,1.70020e+02,1.02766e+01,1.34601e+01,1.96374e+01,1.68764e+02,8.15350e+00,6.62417e+00,9.44000e-02,9.44000e-02,0.00000e+00,-1.77708e+01,-1.43506e+01,inf,1.05897e+01,9.22166e+00,-inf,2.06332e+01,5.94896e+03,2.94349e+02
1.29600e+01,1.93375e+01,1.69080e+02,7.90140e+00,1.93375e+01,1.69080e+02,7.90140e+00,6.65471e+00,1.93375e+01,1.69080e+02,7.90140e+00,6.65471e+00,9.44000e-02,9.44000e-02,0.00000e+00,-1.77629e+01,-1.43055e+01,inf,1.05866e+01,9.20365e+00,-inf,2.05724e+01,9.25356e+02,2.91239e+02
1.30000e+01,1.90472e+01,1.69386e+02,7.64786e+00,1.90472e+01,1.69386e+02,7.64786e+00,6.66095e+00,1.90472e+01,1.69386e+02,7.64786e+00,6.66095e+00,9.44000e-02,9.44000e-02,0.00000e+00,-1.59392e+01,-1.42555e+01,inf,9.85711e+00,9.18363e+00,-inf,1.83702e+01,9.17522e+02,2.88235e+02
1.30400e+01,1.87665e+01,1.69682e+02,7.39384e+00,1.87665e+01,1.69682e+02,7.39384e+00,6.64286e+00,1.87665e+01,1.69682e+02,7.39384e+00,6.64286e+00,9.44000e-02,9.44000e-02,0.00000e+00,-1.58467e+01,-1.42006e+01,inf,9.82010e+00,9.16167e+00,-inf,1.81890e+01,9.10009e+02,2.85349e+02
1.30800e+01,1.84955e+01,1.69967e+02,7.14030e+00,1.84955e+01,1.69967e+02,7.14030e+00,6.60084e+00,1.84955e+01,1.69967e+02,7.14030e+00,6.60084e+00,9.44000e-02,9.44000e-02,0.00000e+00,-1.57763e+01,-1.41409e+01,inf,9.79197e+00,9.13781e+00,-inf,1.79943e+01,9.02831e+02,2.82588e+02
1.31200e+01,1.90476e+01,1.69385e+02,6.74073e+00,1.90476e+01,1.69385e+02,6.74073e+00,5.21376e+00,1.82340e+01,1.70243e+02,6.88818e+00,6.53572e+00,9.44000e-02,9.44000e-02,0.00000e+00,-1.56929e+01,-1.40767e+01,inf,9.75862e+00,9.11213e+00,-inf,1.77856e+01,6.16037e+02,2.79960e+02
1.31600e+01,1.88004e+01,1.69646e+02,6.51358e+00,1.88004e+01,1.69646e+02,6.51358e+00,5.15481e+00,0.00000e+00,0.00000e+00,0.00000e+00,0.00000e+00,9.44000e-02,0.00000e+00,0.00000e+00,-1.53117e+01,inf,inf,9.60611e+00,-inf,-inf,1.71171e+01,6.12043e+02,0.00000e+00
1.32000e+01,1.85616e+01,1.69897e+02,6.28889e+00,1.85616e+01,1.69897e+02,6.28889e+00,5.08131e+00,0.00000e+00,0.00000e+00,0.00000e+00,0.00000e+00,9.44000e-02,0.00000e+00,0.00000e+00,-1.51973e+01,inf,inf,9.56036e+00,-inf,-inf,1.68837e+01,6.08210e+02,0.00000e+00
1.32400e+01,1.83313e+01,1.70140e+02,6.06732e+00,1.83313e+01,1.70140e+02,6.06732e+00,4.99436e+00,0.00000e+00,0.00000e+00,0.00000e+00,0.00000e+00,9.44000e-02,0.00000e+00,0.00000e+00,-1.50639e+01,inf,inf,9.50700e+00,-inf,-inf,1.66357e+01,6.04198e+02,0.00000e+00
1.32800e+01,1.89961e+01,1.69439e+02,5.24592e+00,1.89961e+01,1.69439e+02,5.24592e+00,3.23483e+00,0.00000e+00,0.00000e+00,0.00000e+00,0.00000e+00,9.44000e-02,0.00000e+00,0.00000e+00,-1.49516e+01,inf,inf,9.46206e+00,-inf,-inf,1.63724e+01,4.17251e+02,0.00000e+00
1.33200e+01,1.88042e+01,1.69642e+02,5.05633e+00,1.88042e+01,1.69642e+02,5.05633e+00,3.14248e+00,0.00000e+00,0.00000e+00,0.00000e+00,0.00000e+00,9.44000e-02,0.00000e+00,0.00000e+00,-1.46112e+01,inf,inf,9.32592e+00,-inf,-inf,1.51924e+01,4.14664e+02,0.00000e+00
1.33600e+01,1.86193e+01,1.69837e+02,4.87213e+00,1.86193e+01,1.69837e+02,4.87213e+00,3.04710e+00,0.00000e+00,0.00000e+00,0.00000e+00,0.00000e+00,9.44000e-02,0.00000e+00,0.00000e+00,-1.44939e+01,inf,inf,9.27899e+00,-inf,-inf,1.48683e+01,4.12195e+02,0.00000e+00
1.34000e+01,1.84411e+01,1.70024e+02,4.69350e+00,1.84411e+01,1.70024e+02,4.69350e+00,2.94949e+00,0.00000e+00,0.00000e+00,0.00000e+00,0.00000e+00,9.44000e-02,0.00000e+00,0.00000e+00,-1.43520e+01,inf,inf,9.22223e+00,-inf,-inf,1.45275e+01,4.09839e+02,0.00000e+00
1.34400e+01,1.93185e+01,1.69100e+02,4.01686e+00,1.93185e+01,1.69100e+02,4.01686e+00,1.78399e+00,0.00000e+00,0.00000e+00,0.00000e+00,0.00000e+00,9.44000e-02,0.00000e+00,0.00000e+00,-1.41949e+01,inf,inf,9.15940e+00,-inf,-inf,1.41691e+01,3.34544e+02,0.00000e+00
1.34800e+01,1.91973e+01,1.69227e+02,3.88672e+00,1.91715e+01,1.69255e+02,3.87435e+00,1.71665e+00,0.00000e+00,0.00000e+00,0.00000e+00,0.00000e+00,9.44000e-02,0.00000e+00,0.00000e+00,-1.39286e+01,inf,inf,9.05289e+00,-inf,-inf,1.36143e+01,3.30932e+02,0.00000e+00
1.35200e+01,1.90550e+01,1.69377e+02,3.74948e+00,1.90296e+01,1.69404e+02,3.73721e+00,1.65049e+00,0.00000e+00,0.00000e+00,0.00000e+00,0.00000e+00,9.44000e-02,0.00000e+00,0.00000e+00,-1.38269e+01,inf,inf,9.01219e+00,-inf,-inf,1.32242e+01,3.26892e+02,0.00000e+00
1.35600e+01,1.89177e+01,1.69522e+02,3.61748e+00,1.88927e+01,1.69548e+02,3.60535e+00,1.58571e+00,0.00000e+00,0.00000e+00,0.00000e+00,0.00000e+00,9.44000e-02,0.00000e+00,0.00000e+00,-1.36740e+01,inf,inf,8.95104e+00,-inf,-inf,1.28148e+01,3.22927e+02,0.00000e+00
1.36000e+01,1.87852e+01,1.69662e+02,3.49062e+00,1.87607e+01,1.69688e+02,3.47865e+00,1.52250e+00,0.00000e+00,0.00000e+00,0.00000e+00,0.00000e+00,9.44000e-02,0.00000e+00,0.00000e+00,-1.34848e+01,inf,inf,8.87536e+00,-inf,-inf,1.23849e+01,3.19031e+02,0.00000e+00
1.36400e+01,1.86573e+01,1.69796e+02,3.36879e+00,1.86333e+01,1.69822e+02,3.35700e+00,1.46098e+00,0.00000e+00,0.00000e+00,0.00000e+00,0.00000e+00,9.44000e-02,0.00000e+00,0.00000e+00,-1.32795e+01,inf,inf,8.79326e+00,-inf,-inf,1.19334e+01,3.10170e+02,0.00000e+00
1.36800e+01,1.86018e+01,1.69855e+02,3.28625e+00,1.85103e+01,1.69951e+02,3.24026e+00,1.40127e+00,0.00000e+00,0.00000e+00,0.00000e+00,0.00000e+00,9.44000e-02,0.00000e+00,0.00000e+00,-1.31663e+01,inf,inf,8.74796e+00,-inf,-inf,1.14592e+01,2.98171e+02,0.00000e+00
1.37200e+01,1.84813e+01,1.69982e+02,3.17341e+00,1.83915e+01,1.70077e+02,3.12828e+00,1.34345e+00,0.00000e+00,0.00000e+00,0.00000e+00,0.00000e+00,9.44000e-02,0.00000e+00,0.00000e+00,-1.29746e+01,inf,inf,8.67129e+00,-inf,-inf,1.09607e+01,2.81413e+02,0.00000e+00
1.37600e+01,1.83650e+01,1.70105e+02,3.06515e+00,1.82996e+01,1.70173e+02,3.03208e+00,1.29019e+00,0.00000e+00,0.00000e+00,0.00000e+00,0.00000e+00,9.44000e-02,0.00000e+00,0.00000e+00,-1.26204e+01,inf,inf,8.52959e+00,-inf,-inf,1.04362e+01,2.74118e+02,0.00000e+00
1.38000e+01,1.83289e+01,1.70143e+02,3.00127e+00,1.83289e+01,1.70143e+02,3.00127e+00,1.25593e+00,0.00000e+00,0.00000e+00,0.00000e+00,0.00000e+00,9.44000e-02,0.00000e+00,0.00000e+00,-1.24919e+01,inf,inf,8.47818e+00,-inf,-inf,9.88475e+00,6.12354e+01,0.00000e+00
1.38400e+01,0.00000e+00,0.00000e+00,0.00000e+00,nan,nan,nan,nan,0.00000e+00,0.00000e+00,0.00000e+00,0.00000e+00,9.44000e-02,0.00000e+00,0.00000e+00,-1.12062e+01,inf,inf,7.96394e+00,-inf,-inf,7.99204e+00,0.00000e+00,0.00000e+00
