date / location  /  time,lat(N),lon(E),altitude(km),Vx(km/s),Vy(km/s),Vz(km/s),speed,Energy(kt),station,range(km),Az,1/f,Max Amp(Pa),Error,P2P Amp(Pa),Error,Prior Noise-RMS Amplitude(Pa),Error,Post Noise-RMS Amplitude(Pa),Error,Period 1(s),Period 2(s),Period @Max Amp(s),Error,Frequency 1(Hz),Frequency 2(Hz),Frequency @Max PSD(Hz),Error,PSD @Max,Freq 1 @ Noise,PSD,Freq 2 @ Noise,,Size,Frequency 1(Hz),Frequency 2(Hz),Frequency @Max PSD(Hz),Error,PSD @Max,Freq 1 @ Noise,PSD,Freq 2 @ Noise,PSD,Noise PSD @Max(Pa^2/Hz),STD,Noise PSD @0.25(Pa^2/Hz),STD,Noise PSD @0.50(Pa^2/Hz),STD,Noise PSD @0.75(Pa^2/Hz),STD,Noise PSD @1.00(Pa^2/Hz),STD,Noise PSD @Max(Pa^2/Hz),STD,Noise PSD @0.25(Pa^2/Hz),STD,Noise PSD @0.50(Pa^2/Hz),STD,Noise PSD @0.75(Pa^2/Hz),STD,Noise PSD @1.00(Pa^2/Hz),STD,Bolide Signal IE(Pa^2),Error,Prior Background Noise IE(Pa^2),Post Background Noise IE(Pa^2),Mean Background Noise IE(Pa^2),Error,StDev between Prior/Post Noise IE,Total Signal Energy of Bolide(Pa^2),Error,Bolide P2P Amplitude SNR,Error,Bolide Integrated Energy SNR,Error,Low Frequency,High Frequency,Azimuth(o),Trace Velocity (km/s),Waveform HH,Waveform MM,Waveform SS,Signal HH,Signal MM,Signal SS,Duration(s),Phases,celerity (km/s),Lat(Sta),Lon(Sta),JPL bolide time (hh),JPL bolide time (mm),JPL bolide time (ss),Dist (deg),EvAz,Phase,Time,TRes,Azim,AzRes,Slow,SRes,Def,SNR,UKMO Wind velocity (m/s),Doppler - corrected Period,,,,,,,,,,,,,,,,,,,,,,
09-Dec-06,26.2,26,26.5,4.9,-15,1.6,15.86095836,14,I26DE,2733.1,152.7,4.876145894,0.21519,0.065566,0.3911,0.13113,0.031479,0.018773,0.044127,0.026084,5.4016,5.3481,5.3749,0.026787,0.20418,0.20565,0.20508,0.001463,0.88853,0.21973,0.030843,0.24414,0.014164,80,0.16775,0.18091,0.17578,0.013165,0.87882,0.25391,0.056606,0.36133,0.0023227,0.03978,0.057542,0.0095262,0.0081177,0.0016891,0.0018891,0.0011437,0.00089653,0.00034329,0.00026921,0.063649,0.05323,0.024753,0.024077,0.0014297,0.0019644,0.0015343,0.0013281,0.00062766,0.00052475,0.96001,0.77258,0.27428,0.51976,0.39702,0.31513,0.17358,0.56299,0.83438,12.424,8.5003,2.418,0.14037,0.05,1,150.11,0.349,7,55,0,9,9,11,251.22,1,0.288332103,48.8461,13.7179,6,31,12,,,,,,,,,,,,-4.791,,,,,,,,,,,,,,,,,,,,,,,
09-Dec-06,26.2,26,26.5,4.9,-15,1.6,15.86095836,14,I31KZ,3826.5,237.4,1.329875657,0.014762,0.006376,0.025806,0.012752,0.0032146,0.0019161,0.0025932,0.0015363,2.0756,1.3897,1.7327,0.34295,0.7503,0.75303,0.75195,0.0027329,0.0010224,0.7666,6.44E-05,0.78613,5.07E-05,50,0.4783,0.49621,0.48828,0.017909,0.0020692,0.52734,0.00040061,0.58594,0.00024234,3.86E-05,2.29E-05,0.0022176,0.0015596,0.00020748,0.00026181,5.45E-05,2.80E-05,1.90E-05,1.67E-05,0.00027116,0.00024174,0.00334,0.0044049,0.00026375,0.00021737,4.44E-05,3.80E-05,2.57E-05,2.44E-05,0.0030813,0.0019579,0.0020586,0.0014913,0.001775,0.0036109,0.00040116,0.0013063,0.0041076,8.0276,6.2155,1.736,0.32544,0.4,1.5,232.76,0.345,8,40,0,10,17,30,180,1,0.281816173,50.4086,58.0343,6,31,12,,,,,,,,,,,,77.756,,,,,,,,,,,,,,,,,,,,,,,
09-Dec-06,26.2,26,26.5,4.9,-15,1.6,15.86095836,14,I35NA,5128.5,10.5,3.303273544,0.061615,0.0053883,0.086569,0.010777,0.016243,0.0096601,0.0096848,0.0057838,3.5767,3.2249,3.4008,0.17591,0.29515,0.30692,0.30273,0.011765,0.12274,0.30762,0.036304,0.32715,0.0089131,120,0.16572,0.18323,0.18066,0.017512,0.50538,0.19531,0.037621,0.21973,0.013696,0.011252,0.025814,0.022107,0.047559,0.0018611,0.0029416,0.00016539,0.00017513,0.00010114,7.21E-05,0.076064,0.07084,0.033627,0.039579,0.0044388,0.0035674,0.00040178,0.00027515,7.40E-05,7.27E-05,0.082287,0.021662,0.099524,0.039735,0.069629,0.027142,0.042277,0.012657,0.034726,5.3296,3.2383,1.1818,0.10231,0.4,2,2.584,0.349,9,34,0,11,30,41,359.03,1,0.285408203,-19.191,17.577,6,31,12,,,,,,,,,,,,-5.401,,,,,,,,,,,,,,,,,,,,,,,
08-Oct-09,-4.2,120.6,19.1,14,-16,-6,22.09072203,33,I39PW,2024.2,230.3,6.4,0.78422,0.15969,1.1175,0.31938,0.41434,0.26378,0.3104,0.18449,6.0946,6.3605,6.2275,0.13291,0.15042,0.16056,0.15625,0.010138,9.4367,0.16602,1.5925,0.17578,2.3223,80,0.1478,0.17531,0.15625,0.027504,6.8101,0.18555,1.1039,0.27344,0.45947,1.0214,1.1494,0.44386,0.38909,0.042633,0.049078,0.014753,0.022291,0.0028249,0.0030553,1.3426,0.86645,0.42223,0.43284,0.077323,0.069032,0.024547,0.019798,0.0044197,0.0036193,9.7611,8.7274,25.855,14.51,20.182,8.3192,8.0223,-10.421,12.057,2.6971,1.8821,0.48364,0.16832,0.08,1.5,274.4,0.277,4,20,0,4,50,53,150.61,1,0.296238841,7.53547,134.54701,2,57,0,17.78,49,I ,4:40:54,-640,230.6,1.3,352.1,2.1,T ,,19.424,,,,,,,,,,,,,,,,,,,,,,,
08-Oct-09,-4.2,120.6,19.1,14,-16,-6,22.09072203,33,I07AU,2296.4,317.8,3.25076393,0.71469,0.069477,1.1279,0.13895,0.042605,0.026851,0.030465,0.018769,3.4603,2.895,3.1776,0.28267,0.30666,0.30794,0.30762,0.0012793,7.1407,0.30945,0.53971,0.31616,0.79284,120,0.37318,0.38148,0.37598,0.008295,1.7774,0.39551,0.26781,0.43945,0.098939,0.40745,0.25704,0.021961,0.0026002,0.011625,0.0089214,0.011223,0.013166,0.00090865,0.0010937,0.15942,0.18209,0.41183,0.50318,0.024335,0.030852,0.016708,0.019965,0.0029341,0.0038984,9.8462,3.3959,5.0773,2.1383,3.6078,2.8268,2.0782,6.2384,4.4185,26.474,17,2.7291,0.21751,0.4,6,317.32,0.345,4,40,0,4,56,20,924.9,1,0.320726257,-19.9348,134.3295,2,57,0,20.24,141.6,I ,4:56:30,-565,315.4,-3.4,321.6,-28.4,T ,0.9,12.18,,,,,,,,,,,,,,,,,,,,,,,
08-Oct-09,-4.2,120.6,19.1,14,-16,-6,22.09072203,33,I04AU,3408.3,8.3,2.659715942,0.14425,0.018427,0.19698,0.036854,0.0076073,0.0045074,0.0072408,0.0042033,2.8303,4.3793,3.6048,0.77454,0.37598,0.37598,0.37598,4.56E-06,0.32531,0.42786,0.0002076,0.49377,0.00027493,120,0.37591,0.37599,0.37598,7.94E-05,0.18337,0.43945,0.00010507,1.0596,1.34E-05,7.69E-05,9.85E-05,0.0021529,0.0016975,4.25E-05,2.55E-05,4.23E-05,2.59E-06,1.41E-05,1.11E-05,0.00018651,0.0001747,0.0063665,0.0047763,0.00022061,0.00024152,6.80E-05,3.99E-05,7.88E-06,5.62E-06,0.65976,0.10879,0.068133,0.074316,0.071225,0.028366,0.0043718,0.58853,0.11243,25.893,16.089,9.263,0.15885,0.3,6,8.908,0.344,5,40,0,5,59,50,953.88,1,0.310692799,-34.59761,116.35669,2,57,0,30.54,187.7,I ,5:58:40,-441,8.4,-1,322.1,-27.9,T ,1.9,-6.602,,,,,,,,,,,,,,,,,,,,,,,
08-Oct-09,-4.2,120.6,19.1,14,-16,-6,22.09072203,33,I30JP,4851.2,209.2,1.678697331,0.061993,0.020597,0.11193,0.041194,0.0090163,0.0052753,0.0085372,0.0051488,1.8589,1.7191,1.789,0.069862,0.59501,0.59698,0.5957,0.0019698,0.042365,0.60303,0.003041,0.61401,0.002897,120,0.59308,0.59677,0.5957,0.0036842,0.061918,0.62012,0.0012403,0.66895,0.0020264,0.0016485,0.00049976,0.029462,0.021725,0.0023693,0.0011563,6.22E-05,1.79E-05,8.27E-05,0.000112,0.0024263,0.0020437,0.14292,0.11504,0.0044077,0.0047887,0.00046701,0.00039766,0.00021785,0.00021083,0.10072,0.008292,0.055722,0.036094,0.045908,0.022528,0.013879,0.054808,0.024005,12.414,8.581,2.1939,0.20982,0.5,1.5,211.47,0.359,7,10,0,7,37,47,456.73,1,0.287956313,35.3078,140.3138,2,57,0,43.26,23.1,I ,7:38:14,1080,212,3.4,311.4,-38.6,-,1.1,7.387,,,,,,,,,,,,,,,,,,,,,,,
08-Oct-09,-4.2,120.6,19.1,14,-16,-6,22.09072203,33,I05AU,5029.5,320.2,3.531073446,0.163,0.049531,0.31457,0.099063,0.032444,0.019076,0.014583,0.0086812,3.4728,4.2786,3.8757,0.40293,0.28253,0.28492,0.2832,0.00239,0.32695,0.3064,0.031875,0.31494,0.0057247,120,0.28197,0.29464,0.29297,0.012672,0.43639,0.3125,0.014137,0.38574,0.0036806,0.022894,0.025943,0.048298,0.067783,0.0025305,0.0030621,0.00012768,2.55E-05,0.00011963,2.75E-05,0.016989,0.017668,0.035426,0.045835,0.0010187,0.0006353,0.00042696,0.00041822,0.0001049,0.00011853,0.71744,0.14419,0.48331,0.090269,0.28679,0.048596,0.27792,0.43065,0.15216,9.6958,6.4668,2.5016,0.22045,0.2,2.5,317.37,0.339,7,15,0,7,48,12,410.61,1,0.287860577,-42.491,147.681,2,57,0,44.84,152,I , 07:34:17 ,291,321.1,0.3,323.6,-26.4,T ,3.1,-0.659,,,,,,,,,,,,,,,,,,,,,,,
08-Oct-09,-4.2,120.6,19.1,14,-16,-6,22.09072203,33,I22FR,5361.5,285,3.792619562,0.086574,0.020626,0.13969,0.041251,0.015353,0.0091024,0.015543,0.0090248,4.3943,3.723,4.0586,0.33564,0.26076,0.26437,0.26367,0.0036085,0.024673,0.26611,0.0043484,0.29053,0.0019652,80,0.20763,0.23698,0.21484,0.029355,0.11717,0.30273,0.0042022,0.47852,0.0012791,0.0069526,0.0098029,0.0067662,0.0041747,0.00028968,0.00010543,0.00010532,7.55E-05,3.17E-05,3.10E-05,0.026111,0.035248,0.014949,0.012316,0.00057451,0.00062066,8.62E-05,7.09E-05,3.29E-05,2.57E-05,0.31348,0.06234,0.20422,0.17398,0.1891,0.062473,0.021383,0.12437,0.088256,9.0989,6.0266,1.6577,0.28563,0.1,2,286.07,0.363,7,30,0,7,50,18,649.39,1,0.304665303,-22.1845,166.8459,2,57,0,47.72,116.2,I ,7:46:21,7.5,286.5,1.3,311.7,-38.3,T ,3,21.42,,,,,,,,,,,,,,,,,,,,,,,
08-Oct-09,-4.2,120.6,19.1,14,-16,-6,22.09072203,33,I45RU,5500,195,9.8697197,0.61659,0.094335,1.1798,0.18867,0.058907,0.036683,0.038487,0.022073,10.527,10.397,10.462,0.064548,0.10081,0.10209,0.10132,1.28E-03,4.6789,0.18921,0.027171,0.19775,0.0046588,150,0.097445,0.10391,0.10254,0.0064601,10.959,0.14648,0.050537,0.22949,0.017975,0.22784,0.23793,0.0019246,0.0018261,2.00E-04,2.77E-04,1.62E-06,8.45E-07,3.42E-05,3.79E-05,0.07112,0.090152,0.007258,0.0094509,0.00030029,0.00040951,8.59E-05,8.11E-05,1.16E-05,8.69E-06,15.229,5.4477,2.9274,2.2822,2.6048,3.2512,0.45628,12.625,6.3442,20.028,12.877,5.8467,0.45965,0.05,2,197.34,0.339,7,45,0,8,11,17,755.1,1,0.291668876,44.1999,131.9773,2,57,0,49.19,10.3,I ,8:10:21,935.1,194.8,0.5,329.5,-20.5,T ,4.7,2.907,,,,,,,,,,,,,,,,,,,,,,,
08-Oct-09,-4.2,120.6,19.1,14,-16,-6,22.09072203,33,I44RU,7254,221.5,7.550018875,0.40837,0.049023,0.62218,0.098045,0.013197,0.0078012,0.015938,0.0093154,6.6923,6.4719,6.5821,0.11024,0.13244,0.13245,0.13245,1.09E-05,3.8401,0.17151,0.0041521,0.17761,0.01459,120,0.2853,0.29903,0.29785,0.013724,0.1743,0.3125,0.0019729,0.3418,0.0026195,0.0018455,0.0018109,0.0021705,0.00090693,0.00074516,0.00098492,9.99E-05,2.59E-05,3.70E-05,2.08E-05,0.0074037,0.008435,0.0081664,0.0070683,0.00037655,0.00034508,9.99E-05,6.98E-05,1.67E-05,1.09E-05,5.1412,0.52528,0.19789,0.30005,0.24897,0.034001,0.072238,4.8922,0.52638,47.144,28.841,20.65,0.85417,0.1,1.5,222.26,0.345,9,35,0,9,50,22,914.29,1,0.292476413,53.1058,157.7139,2,57,0,64.89,23.4,I ,9:47:48,1284,224.7,3.7,320.7,-29.3,T ,4.8,7.848,,,,,,,,,,,,,,,,,,,,,,,
08-Oct-09,-4.2,120.6,19.1,14,-16,-6,22.09072203,33,I55US,8619.6,311.7,6.159531876,0.075547,0.026185,0.1207,0.05237,0.011435,0.0065815,0.015272,0.0088144,5.9755,6.3017,6.1386,0.16311,0.16157,0.16358,0.16235,0.0020145,0.089261,0.16602,0.0099578,0.18921,0.0043429,120,0.13906,0.16861,0.15137,0.029549,0.045676,0.16602,0.015357,0.21484,0.0043321,0.011681,0.0060191,0.00078659,0.00073828,9.76E-05,0.00011862,1.23E-05,2.02E-06,8.03E-06,9.80E-06,0.024277,0.033363,0.00068844,0.0005607,0.00015165,7.73E-05,3.33E-05,4.22E-05,6.06E-06,5.13E-06,0.22574,0.14151,0.0702,0.12549,0.097843,0.054201,0.039093,0.1279,0.15153,10.555,7.6075,2.3072,0.11249,0.1,1,315.36,0.367,10,45,0,10,58,30,475.1,1,0.298359294,-77.731,167.5881,2,57,0,77.38,170.9,I ,10:56:49,1053,310.5,-1.7,343.8,-6.2,-,,-3.859,,,,,,,,,,,,,,,,,,,,,,,
08-Oct-09,-4.2,120.6,19.1,14,-16,-6,22.09072203,33,I53US,10503,269.6,12.60302977,0.26234,0.033872,0.43149,0.067745,0.016346,0.0096024,0.023705,0.013855,13.482,10.085,11.783,1.6985,0.079304,0.079405,0.079346,0.00010137,3.2866,0.098877,0.0079575,0.11719,0.038579,120,0.077564,0.078822,0.078125,0.0012572,2.4725,0.1709,0.01705,0.19531,0.010306,0.018138,0.020344,0.0050923,0.0027667,0.00042598,6.32E-05,3.98E-05,3.32E-05,2.24E-05,5.63E-07,0.040004,0.050001,0.0041947,0.0040771,0.00044869,0.00035958,0.00013649,6.12E-05,4.17E-05,4.09E-05,1.6886,0.39524,0.1563,0.32601,0.24115,0.071576,0.12,1.4475,0.40167,26.397,16.051,7.0023,0.59712,0.05,1,270.26,0.349,12,35,0,12,50,45,551.43,1,0.294821053,64.875,-147.861,2,57,0,94.23,25.3,I ,12:51:49,2056,271.2,2,322.4,-27.6,-,9,14.247,,,,,,,,,,,,,,,,,,,,,,,
08-Oct-09,-4.2,120.6,19.1,14,-16,-6,22.09072203,33,I18DK,11816.1,349.7,11.53801777,0.27611,0.049804,0.47789,0.099608,0.024045,0.014792,0.044529,0.026719,11.719,11.29,11.504,0.21413,0.085367,0.087627,0.08667,0.0022604,4.173,0.1001,0.18745,0.11108,0.15847,120,0.077039,0.10004,0.092773,0.022999,5.6357,0.11719,0.21039,0.1416,0.0088195,0.20758,0.14375,0.0025396,0.00069091,0.0008911,5.80E-04,1.21E-03,7.72E-04,1.59E-04,1.52E-04,0.28623,0.39571,0.013301,0.012588,0.0007619,0.00075036,0.00055223,5.62E-04,4.57E-04,3.91E-04,3.3807,0.87095,0.52259,1.566,1.0443,1.1451,0.73778,2.3365,1.4387,19.875,12.91,3.2374,0.57889,0.08,1,337.73,0.334,14,0,0,14,19,35,671.02,1,0.288514223,77.476,-69.288,2,57,0,106.59,2.4,I ,14:18:39,2941,336.7,-12.5,344,-6,-,,-5.5,,,,,,,,,,,,,,,,,,,,,,,
08-Oct-09,-4.2,120.6,19.1,14,-16,-6,22.09072203,33,I56US,12693.2,292.5,12.8,0.44393,0.015461,0.75985,0.030921,0.013492,0.0080236,0.010651,0.0062904,14.527,13.134,13.831,0.69655,0.077734,0.078144,0.078125,0.00040946,8.1099,0.16724,0.012427,0.1709,0.0041569,120,0.07276,0.073433,0.073242,0.00067259,11.819,0.26855,0.00089977,0.32227,0.001541,0.02948,0.031574,0.0015468,0.0008918,7.64E-05,5.92E-05,0.00012639,8.28E-05,0.00018871,0.00016226,0.057515,0.084285,0.0020058,0.0018978,0.00014526,0.00011095,3.41E-05,3.74E-05,5.62E-05,5.80E-05,7.0942,0.26493,0.22932,0.19356,0.21144,0.030638,0.025287,6.8827,0.26669,56.32,33.572,33.552,3.7437,0.05,1.5,319.25,0.408,14,45,0,15,4,50,644.9,1,0.290661782,48.264,-117.1257,2,57,0,113.9,38.4,I ,15:00:32,2894,305.7,13.7,392.2,42.2,-,7.9,21.671,,,,,,,,,,,,,,,,,,,,,,,
25-Dec-10,38,158,26,18,-2,-4,18.54723699,33,I30JP,1603.3,74,6.884207628,0.35859,0.10918,0.58834,0.21836,0.083036,0.050497,0.11376,0.07043,7.9508,5.2595,6.6051,1.3457,0.14383,0.14745,0.14526,0.0036166,15.182,0.15015,0.30074,0.15991,1.8469,120,0.22694,0.23962,0.23438,0.012676,1.0337,0.24414,0.40803,0.2832,0.029627,4.315,4.8534,0.082422,0.026493,0.027813,0.0093968,0.0052694,0.0070769,0.0037314,0.0031386,0.19756,0.14594,0.18016,0.12912,0.014782,0.0085145,0.0026555,0.0019567,0.0028131,0.0035195,5.2693,7.5228,6.0157,7.3579,6.6868,22.595,0.94909,-1.4175,23.814,7.0853,5.0479,0.78802,0.34518,0.2,2,71.609,0.332,0,30,0,0,59,24,559.8,1,-0.01987332,35.3078,140.3138,23,24,0,14.03,255.7,I ,1:00:10,-317,70.9,5.5,338.1,-38.9,T ,1.1,-34.28,,,,,,,,,,,,,,,,,,,,,,,
25-Dec-10,38,158,26,18,-2,-4,18.54723699,33,I44RU,1679.8,179.1,3.138731952,0.43387,0.071588,0.61367,0.14318,0.031788,0.01914,0.039113,0.023345,2.2998,3.2217,2.7607,0.46097,0.31828,0.31937,0.3186,0.0010877,1.0599,0.32593,0.077974,0.33325,0.083709,150,0.35119,0.35297,0.35156,0.0017783,1.6152,0.36621,0.047288,0.54199,0.004654,0.046868,0.039745,0.51707,0.43093,0.0075279,0.0034806,0.00050252,0.00034111,0.00016209,0.00021791,0.032122,0.027895,0.39489,0.3739,0.010636,0.017498,0.0010419,0.0012616,0.0003347,0.00032253,3.8488,0.60428,0.68196,0.91565,0.79881,0.087726,0.16525,3.05,0.61062,19.305,12.466,4.8181,0.31358,0.3,3,178.42,0.331,0,30,0,0,58,16,543.67,1,-0.020804023,53.1058,157.7139,23,24,0,13.1,1.9,I ,0:56:20,-197,179.7,-2.7,334.6,-42.3,T ,18.4,-21.476,,,,,,,,,,,,,,,,,,,,,,,
25-Dec-10,38,158,26,18,-2,-4,18.54723699,33,I45RU,2275.7,98.6,3.263707572,0.48141,0.082396,0.74206,0.16479,0.019329,0.011322,0.033791,0.02004,3.0788,3.6559,3.3673,0.28856,0.30623,0.30682,0.3064,0.0005917,2.5251,0.31494,0.025724,0.33325,0.0094863,150,0.30743,0.30784,0.30762,0.00041252,3.9397,0.36133,0.015975,0.38574,0.012184,0.029251,0.016931,0.035097,0.027622,0.001241,0.0016817,0.0011376,0.00087893,0.00015087,3.81E-05,0.039476,0.052692,0.067669,0.072889,0.0031783,0.0034323,0.00073301,0.00091736,0.00030221,0.00037236,4.2058,1.4431,0.25399,0.79003,0.52201,0.19476,0.37903,3.6838,1.4562,38.391,24.049,8.0569,0.34171,0.25,3,93.239,0.32,1,0,0,1,33,35,610.41,1,-0.02894372,44.1999,131.9773,23,24,0,19,290.9,I ,1:32:55,-227,91.3,-2.7,345.5,-57.3,T ,28.8,-37.562,,,,,,,,,,,,,,,,,,,,,,,
25-Dec-10,38,158,26,18,-2,-4,18.54723699,33,I39PW,4127.2,31.3,11.7028871,1.4655,0.38405,2.3154,0.7681,0.23597,0.1444,0.2439,0.14744,11.507,13.475,12.491,0.98369,0.081362,0.085899,0.085449,0.0045373,33.409,0.093994,3.8439,0.098877,1.8469,60,NaN,NaN,0.039063,NaN,229.23,0.13672,0.31849,0.19531,0.69085,3.6366,0.55638,0.16849,0.012303,0.010737,0.0008647,0.0016171,0.0019769,0.0000701,0.0000142,240.69,130.14,0.20364,0.20232,0.012139,0.010078,0.0012721,0.0010775,0.00056613,0.00052605,76.865,11.666,41.662,39.96,40.811,20.745,1.2036,36.054,23.801,9.8122,6.83,1.8834,0.32191,0.06,1,35.7,0.385,3,20,0,3,39,50,649.39,1,-0.05808867,7.53547,134.54701,23,24,0,38.08,217.9,I ,0.14849537,213.2,35.6,7.2,286,-80.9,T ,8.6,-16.971,,,,,,,,,,,,,,,,,,,,,,,
25-Dec-10,38,158,26,18,-2,-4,18.54723699,33,I34MN,4257,85.3,2.340550029,0.015869,0.0074837,0.023446,0.014967,0.002064,0.0012159,0.004345,0.0025765,2.0109,1.7973,1.9041,0.10679,0.42703,0.42772,0.42725,0.00069233,0.0023144,0.43213,0.00063116,0.43579,0.00057735,120,0.59118,0.60357,0.60059,0.012393,0.0010065,0.61523,3.12E-05,0.6543,8.33E-05,9.00E-05,0.00010012,0.0096025,0.0027745,0.00010115,6.31E-05,4.02E-05,3.79E-05,6.94E-05,9.39E-05,4.36E-05,2.26E-05,0.0054849,0.0053376,0.000132,0.00020696,6.14E-05,7.75E-05,3.47E-05,5.60E-05,0.011291,0.014535,0.0041654,0.016461,0.010313,0.010019,0.0086946,0.00097734,0.017653,11.36,9.8678,1.0948,0.3304,0.4,3,15.48,2.695,3,0,0,3,28,44,768.98,1,-0.059359139,47.8015,106.40992,23,24,0,36.7,299.4,I ,3:30:00,492.3,79.5,-3.6,328.4,-38.6,_ ,7,-43.457,,,,,,,,,,,,,,,,,,,,,,,
25-Dec-10,38,158,26,18,-2,-4,18.54723699,33,I53US,4571.5,256.2,8.192020972,1.149,0.1804,2.0206,0.36079,0.023095,0.013402,0.03569,0.021156,8.0105,8.6899,8.3502,0.33971,0.12086,NaN,0.12207,NaN,19.879,0.16479,0.11469,0.21362,0.088681,150,0.087481,0.088227,0.087891,0.00074576,88.853,0.20996,0.047432,0.46875,0.0015014,0.0028303,0.0027242,0.0027179,0.0014572,0.00023195,4.87E-05,0.00028093,0.00035478,1.33E-05,7.75E-06,0.30308,0.34977,0.017623,0.014557,0.00042309,0.00051406,0.00015769,0.00014904,3.82E-05,4.27E-05,22.177,6.2633,0.38639,0.84836,0.61737,0.24081,0.32667,21.559,6.268,87.489,53.119,35.921,1.7469,0.1,3,255.96,0.331,3,10,0,3,41,2,594.29,1,-0.064407281,64.875,-147.861,23,24,0,39.95,33.1,I ,3:41:05,-35.3,257.4,-1.5,340,-26.9,T ,69.1,5.738,,,,,,,,,,,,,,,,,,,,,,,
25-Dec-10,38,158,26,18,-2,-4,18.54723699,33,I46RU,5649.4,76.7,1.095182293,0.23856,0.10259,0.4765,0.20517,0.0088883,0.005249,0.0096342,0.005841,0.3785,0.48871,0.43361,0.055104,0.91303,0.9131,0.91309,0.0000736,0.059855,1.1011,0.0000245,1.1279,0.0000561,80,0.4332,1.875,1.8652,1.4418,0.032728,NaN,NaN,NaN,NaN,0.0000713,0.0000905,0.018722,0.019623,0.00058075,0.00051251,0.0000419,0.0000327,0.00013508,0.0000522,0.0000085,0.00000682,0.013735,0.013267,0.00028701,0.00023119,0.00013298,0.00013135,0.0000594,0.0000828,0.39611,0.15144,0.027796,0.031753,0.029775,0.0026419,0.0027984,0.36634,0.15146,53.609,39.181,13.304,3.3089,0.3,3,303.72,0.331,4,30,0,4,43,48,329.39,1,-0.084053443,53.94872,84.81891,23,24,0,,,,,,,,,,,,-47.277,,,,,,,,,,,,,,,,,,,,,,,
25-Dec-10,38,158,26,18,-2,-4,18.54723699,33,I56US,6625.4,294.5,15.17036318,0.49001,0.081892,0.77557,0.16378,0.076288,0.045685,0.070257,0.040471,16.671,14.582,15.627,1.0444,0.065719,0.066378,0.065918,0.00065938,3.3666,0.10742,0.09462,0.15381,0.087064,80,0.064808,0.072384,0.068359,0.0075764,8.2485,0.10742,0.011367,0.16602,0.07527,0.053188,0.046581,0.048407,0.066737,0.00026727,0.00030695,0.00027269,0.0005177,7.30E-05,7.17E-05,0.15796,0.13116,0.034937,0.027448,0.0010781,0.0010935,0.00020746,0.0002464,6.92E-05,9.25E-05,6.9258,0.57927,1.7992,2.2362,2.0177,0.36861,0.30901,4.9081,0.6866,10.166,6.4557,3.4326,0.35588,0.01,1.3,294.51,0.354,5,20,0,5,46,23,309.18,1,-0.104407709,48.264,-117.1257,23,24,0,59.1,51,I ,5:47:10,499.6,298.3,1.5,318.2,-48.8,_ ,14.7,32.069,,,,,,,,,,,,,,,,,,,,,,,
25-Dec-10,38,158,26,18,-2,-4,18.54723699,33,I18DK,6758.1,318.4,11.37772923,0.31274,0.033387,0.49196,0.066774,0.019808,0.011681,0.037617,0.022267,9.6554,12.982,11.319,1.6634,0.087862,0.088529,0.087891,0.00066705,6.6761,0.093994,0.25484,0.1001,0.032744,150,0.075106,0.08207,0.078125,0.0069639,4.5666,0.15625,0.040386,0.18555,0.019401,0.073326,0.045086,0.0027089,0.0019249,0.00029084,0.00022694,9.59E-05,0.00013443,6.77E-06,2.46E-07,0.2455,0.24963,0.014256,0.012112,0.00048067,0.00040398,2.57E-05,1.92E-05,3.66E-05,2.98E-05,7.7929,0.47362,0.59685,1.6185,1.1077,0.081715,0.72242,6.6853,0.48062,24.836,15.029,7.0354,0.21138,0.07,2,307.84,0.335,5,20,0,5,40,26,1075.1,1,-0.105903093,77.476,-69.288,23,24,0,59.38,10.6,I ,5:39:25,-67.1,312.4,-7.4,329.8,-37.2,T ,15.4,-0.646,,,,,,,,,,,,,,,,,,,,,,,
25-Dec-10,38,158,26,18,-2,-4,18.54723699,33,I10CA,7837.1,306.5,9.752291789,0.3106,0.1691,0.52422,0.33819,0.042106,0.024426,0.039634,0.023265,11.383,8.3825,9.8828,1.5003,0.10247,0.10383,0.10254,0.001356,5.5082,0.10864,0.14431,0.11841,0.11562,120,0.14296,0.14896,0.14648,0.0059942,1.2151,0.16602,0.027053,0.20508,0.14768,0.090732,0.018943,0.036494,0.031732,0.00060257,0.00026479,0.00037869,0.00043235,7.28E-05,5.06E-05,0.052388,0.056231,0.024178,0.027679,0.000571,0.00079474,0.00024667,0.00019288,7.17E-05,4.72E-05,5.1658,2.071,1.3503,1.6595,1.5049,1.2036,0.21864,3.6609,2.3953,12.45,10.802,3.4327,0.47153,0.1,1.5,308.38,0.348,6,25,0,6,41,36,677.14,1,-0.1303056,50.2065,-96.0117,23,24,0,69.71,40.9,I ,6:42:00,-103,308.6,0.1,324.8,-42.2,T ,2.9,36.276,,,,,,,,,,,,,,,,,,,,,,,
25-Dec-10,38,158,26,18,-2,-4,18.54723699,33,I55US,12885.3,351.6,15.45666723,0.079192,0.018417,0.13413,0.036834,0.0060114,0.0035885,0.013292,0.0077466,18.414,18.46,18.437,0.022831,0.064658,0.064709,0.064697,5.13E-05,0.8616,0.078125,0.0060032,0.085449,0.0042334,120,0.058034,0.060423,0.058594,0.0023895,0.93033,0.078125,0.0016909,0.10742,0.00072203,0.0028732,0.00073892,9.09E-05,8.99E-05,5.06E-06,7.30E-08,2.65E-06,2.03E-06,2.34E-06,2.44E-06,0.025211,0.059998,0.00056894,0.00064555,1.76E-05,1.75E-05,3.43E-06,3.28E-06,5.10E-07,4.49E-07,0.47978,0.27355,0.066881,0.14426,0.10557,0.12207,0.054714,0.37421,0.29955,22.313,14.661,4.5447,0.5912,0.04,1,347.05,0.323,11,20,0,11,33,45,736.73,1,-0.302365364,-77.731,167.5881,23,24,0,117.67,177.5,I ,11:36:10,-50.7,345.2,-5.7,340.2,-26.7,T ,23.2,-5.132,,,,,,,,,,,,,,,,,,,,,,,
25-Dec-10,38,158,26,18,-2,-4,18.54723699,33,I08BO,14887.4,307.6,7.062146893,0.052175,0.023685,0.097545,0.04737,0.010418,0.0065185,0.018729,0.011042,8.3284,7.5014,7.9149,0.4135,0.13609,0.14308,0.1416,0.0069881,0.060597,0.14648,0.0043353,0.19531,0.00082194,80,0.12634,0.14061,0.13672,0.014274,0.18025,0.15625,0.0060236,0.23438,0.00087659,0.011309,0.013055,0.0012615,0.0011865,0.00010456,0.00010029,5.68E-05,6.75E-05,2.37E-05,3.53E-05,0.02594,0.032008,0.0020417,0.0018006,0.00015462,0.00022024,3.12E-05,2.14E-05,7.35E-06,9.26E-06,0.056064,0.018683,0.026871,0.074295,0.050583,0.025196,0.033534,0.0054814,0.031367,9.363,7.4158,1.1084,0.32395,0.1,0.8,156.25,0.328,13,30,0,13,48,6,211.84,1,-0.430844475,-16.21523,-68.45345,23,24,0,134.05,72.3,I ,13:42:40,1526,311.9,1.5,314.5,-52.5,_ ,4.4,12.201,,,,,,,,,,,,,,,,,,,,,,,
15-Feb-13,54.8,61.1,23.3,12.8,-13.3,-2.4,18.61424186,440,I31KZ,530.2,21.8,45.51039913,10.798,0.35358,12.243,0.70717,0.12515,0.078556,0.13374,0.084605,35.658,40.321,37.99,2.3316,0.02192,0.021983,0.021973,6.35E-05,2455.7,1.1407,9.17E-05,1.2372,0.0002874,250,0.024389,0.024458,0.024414,6.82E-05,3050.5,3.8184,5.63E-06,6.1963,3.15E-06,8.7484,12.071,0.022559,0.021534,7.32E-05,9.71E-06,2.17E-05,5.64E-06,4.36E-05,4.04E-05,4.6359,4.6186,0.01447,0.013039,0.00021336,0.00019768,4.11E-05,4.12E-05,5.43E-05,6.53E-05,1502.7,60.037,19.773,19.311,19.542,28.76,0.32624,1483.2,66.57,97.826,61.665,76.898,11.496,0.01,4,29.427,0.356,2,53,50,3,48,8,1025.5,1,0.320362538,50.4086,58.0343,3,20,33,4.33,213.9,I ,3:48:40,-38.4,29.1,-1.8,317.6,-59.4,T ,139.5,-55.835,,,,,,,,,,,,,,,,,,,,,,,
15-Feb-13,54.8,61.1,23.3,12.8,-13.3,-2.4,18.61424186,440,I43RU,1501.5,88.1,30.06253006,1.0338,0.26861,1.5833,0.53722,0.028793,0.016236,0.053836,0.032782,38.979,37.972,38.475,0.50363,0.033251,0.033294,0.033264,4.30E-05,37.598,0.04364,0.064846,0.11169,0.00025266,300,0.026715,0.029387,0.026855,2.67E-03,60.516,0.22461,4.91E-03,0.25146,1.31E-02,0.26403,0.34982,0.018008,0.002599,0.00019376,1.32E-04,8.72E-06,1.51E-06,1.91E-05,2.85E-06,0.69287,1.2548,0.011068,0.011262,0.00022336,2.30E-04,6.30E-05,7.22E-05,2.90E-05,1.66E-05,103.73,52.652,2.4011,12.775,7.588,2.8393,7.3354,96.138,52.728,54.989,36.189,13.67,0.60456,0.01,3,97.238,0.311,3,48,7,5,2,9,2142.3,2,0.246309055,56.72136,37.21759,3,20,33,14.2,290.8,I ,5:00:08,528.4,87.1,-3.4,328.5,-48.4,-,2.5,-98.118,,,,,,,,,,,,,,,,,,,,,,,
15-Feb-13,54.8,61.1,23.3,12.8,-13.3,-2.4,18.61424186,440,I46RU,1531.8,283.2,16.718494,1.5456,0.22506,2.5248,0.45012,0.033471,0.0194,0.052145,0.029494,20.108,22.059,21.083,0.97544,0.059776,0.059821,0.059814,4.44E-05,71.415,0.16113,0.0080221,0.22949,0.011724,150,0.043788,0.044059,0.043945,0.00027017,143.66,0.21484,0.037486,0.29785,0.0052075,0.053383,0.023243,0.0059546,0.0038224,0.0018933,0.00094751,0.001722,0.00020671,1.87E-03,2.28E-03,0.49221,0.57758,0.0071236,0.006846,0.00096004,0.00059107,0.0015949,0.0014403,0.00065996,0.00049894,79.957,17.111,1.8601,2.6119,2.236,0.62535,0.53157,77.721,17.123,75.43,45.74,35.759,8.8458,0.02,4,268.36,0.373,3,48,14,4,44,29,701.48,2,0.304169976,53.94872,84.81891,3,20,33,13.53,81.1,I , 04:44:25 ,-160,269.6,-10.2,304.8,-72.1,T ,51.2,112.464,,,,,,,,,,,,,,,,,,,,,,,
15-Feb-13,54.8,61.1,23.3,12.8,-13.3,-2.4,18.61424186,440,I34MN,3184.5,301.2,30.34072636,0.28082,0.083362,0.49921,0.16672,0.029775,0.017523,0.027377,0.015557,23.008,22.565,22.786,0.22155,0.032865,0.033034,0.032959,0.0001683,3.7834,0.03418,0.1798,0.037231,0.37965,200,0.043271,0.044313,0.043945,0.0010415,10.967,0.068359,0.040534,0.083008,0.011034,0.11061,0.049565,0.001909,0.001905,8.77E-05,3.03E-05,0.00018866,0.0002316,9.39E-06,6.21E-06,0.57443,0.98738,0.0035385,0.0028817,0.00022674,0.0002838,7.59E-05,5.39E-05,4.21E-05,3.21E-05,4.8612,1.2864,1.377,0.83332,1.1052,0.37489,0.38446,3.7561,1.3399,16.766,11.345,4.3986,0.42293,0.03,2,230.07,2.577,5,24,55,6,14,55,923.69,2,0.304387306,47.8015,106.40992,3,20,33,28.41,84.2,I ,6:13:10,-163,296.4,-3.1,324,-42.9,T ,6.1,104.903,,,,,,,,,,,,,,,,,,,,,,,
15-Feb-13,54.8,61.1,23.3,12.8,-13.3,-2.4,18.61424186,440,I26DE,3257.4,60.1,29.25687537,0.61822,0.088408,0.97393,0.17682,0.056541,0.032524,0.088284,0.052609,30.943,27.009,28.976,1.9669,0.03287,0.037447,0.03418,0.0045766,22.159,0.056152,1.6112,0.062256,0.34646,80,0.016564,0.043623,0.029297,0.02706,72.007,0.12695,0.02249,0.15625,0.10892,2.9463,3.528,0.040082,0.030572,1.20E-05,1.63E-06,7.07E-05,8.04E-05,4.13E-05,5.00E-05,20.099,18.377,0.043129,0.039372,0.00059594,0.00070036,1.81E-04,1.65E-04,5.26E-05,4.66E-05,13.309,7.913,2.6454,6.5692,4.6073,10.447,2.7746,8.7017,13.105,17.225,10.39,2.8887,1.4847,0.03,3,55.516,0.329,5,31,14,7,10,31,812.35,1,0.236077692,48.8461,13.7179,3,20,33,29.94,280,I ,7:07:50,2556,59.8,-1.7,320.1,-46.9,-,5.1,-99.158,,,,,,,,,,,,,,,,,,,,,,,
15-Feb-13,54.8,61.1,23.3,12.8,-13.3,-2.4,18.61424186,440,I18DK,4893.2,39.2,69.72042111,1.7217,0.042725,2.7308,0.085449,0.052843,0.031703,0.11812,0.069386,49.603,50.38,49.991,0.38867,0.014152,0.014642,0.014343,0.00049038,134.4,0.01709,6.0763,0.029602,3.1204,200,0.013783,0.016417,0.014648,0.0026339,452.62,0.053711,0.81952,0.078125,0.13781,6.2344,8.0987,0.0043773,0.005137,0.00010119,0.00013343,1.10E-05,1.44E-05,2.77E-05,2.98E-06,29.957,39.355,0.011633,0.0080324,0.00023594,0.00027264,4.78E-05,3.12E-05,1.89E-05,2.88E-05,287.82,5.3361,7.9851,33.893,20.939,2.1985,18.32,266.88,5.7713,51.678,31.046,13.746,1.1637,0.01,3,17.497,0.35,7,3,53,8,17,13,1947.6,1,0.274898876,77.476,-69.288,3,20,33,45.28,346.6,I ,8:15:20,977.7,22,-16.7,346.8,-20.2,-,43,-20.996,,,,,,,,,,,,,,,,,,,,,,,
15-Feb-13,54.8,61.1,23.3,12.8,-13.3,-2.4,18.61424186,440,I45RU,5022.2,309.8,21.00531434,0.75731,0.40367,1.3371,0.80733,0.21981,0.13411,0.12257,0.071229,38.968,37.926,38.447,0.52109,0.047183,0.047899,0.047607,7.15E-04,20.249,0.048828,6.2808,0.060425,2.896,120,0.020879,0.028668,0.024414,0.0077896,111.48,0.043945,1.9627,0.083008,0.35186,2.3541,1.0293,0.0016832,1.61E-05,9.05E-05,3.22E-05,6.18E-05,5.42E-05,6.24E-05,4.53E-05,14.002,12.096,0.0066139,0.0078645,0.00079489,0.00074134,0.00010854,0.00013429,4.73E-05,5.19E-05,31.125,3.4907,43.172,15.112,29.142,12.494,19.841,1.9834,12.973,6.0829,5.2213,1.0681,0.232,0.02,3,304.59,0.339,7,11,52,7,55,27,886.55,1,0.30448648,44.1999,131.9773,3,20,33,45.17,72.6,I ,7:54:15,-248,302,-6.6,336.4,-30.6,T ,5.9,104.995,,,,,,,,,,,,,,,,,,,,,,,
15-Feb-13,54.8,61.1,23.3,12.8,-13.3,-2.4,18.61424186,440,I44RU,5798.4,313.5,60.68329389,0.55362,0.050142,0.90436,0.10028,0.061925,0.036251,0.056126,0.033449,20.013,18.545,19.279,0.73413,0.015728,0.016583,0.016479,0.0008548,28.156,0.0177,3.2501,0.021973,1.4425,150,0.050362,0.054105,0.053711,0.0037431,28.609,0.087891,0.0096167,0.13184,0.12642,2.0031,1.235,0.0096867,0.0095957,0.00011296,0.00015371,1.14E-05,3.74E-06,8.45E-05,4.99E-05,0.46101,0.38334,0.0087635,0.0055579,0.00072569,0.00098472,0.00028617,0.00019902,6.26E-05,4.90E-05,24.862,8.3015,7.1829,5.1553,6.1691,7.1205,1.4338,18.693,10.937,14.604,8.7013,4.0301,0.91008,0.02,3,302.1,0.323,7,56,32,8,51,39,1471.1,2,0.291875566,53.1058,157.7139,3,20,33,52.57,49,I ,8:52:55,557.3,309.5,-2.9,331,-35.9,-,17.6,99.361,,,,,,,,,,,,,,,,,,,,,,,
15-Feb-13,54.8,61.1,23.3,12.8,-13.3,-2.4,18.61424186,440,I53US,6481.1,340.8,19.73982905,7.9988,0.40473,12.616,0.80946,0.04302,0.025436,0.10584,0.062084,25.563,25.813,25.688,0.12527,0.050659,0.05066,0.050659,1.39E-06,623.1,0.065002,0.17301,0.095825,0.10402,250,0.034173,0.034214,0.03418,4.08E-05,6793.2,0.17334,0.4266,0.21729,0.082144,0.073586,0.033501,0.010146,0.0038925,0.00043431,0.00036013,0.00020323,0.00026655,1.46E-05,9.31E-06,3.221,4.0262,0.065639,0.095794,0.0019292,0.0035153,0.00047843,0.00092266,0.00017164,0.00033896,3086.2,350.56,13.966,23.411,18.688,3.699,6.6784,3067.5,350.58,293.26,174.41,165.14,7.3651,0.02,4,338.67,0.353,8,36,13,9,36,30,1659.6,1,0.287321009,64.875,-147.861,3,20,33,59.22,14.2,I , 09:30:20 ,360.1,339.3,-0.8,325.3,-41.6,T ,60.7,48.86,,,,,,,,,,,,,,,,,,,,,,,
15-Feb-13,54.8,61.1,23.3,12.8,-13.3,-2.4,18.61424186,440,I10CA,8146.5,13.5,36.4086507,1.9805,0.12219,2.753,0.24437,0.079237,0.0455,0.19491,0.11469,28.341,36.723,32.532,4.1913,0.026996,0.02788,0.027466,0.00088389,161.56,0.036011,3.1888,0.042725,4.2368,250,0.023255,0.025196,0.024414,0.0019412,310.22,0.048828,1.8173,0.095215,0.081746,6.8513,9.5406,0.055379,0.076218,0.00038062,0.00024469,3.26E-05,1.92E-05,3.52E-05,2.89E-05,12.388,15.681,0.025971,0.021583,0.00050774,0.00054789,0.00030696,0.00052978,3.62E-05,3.62E-05,233.03,70.856,30.831,53.149,41.99,25.206,15.782,191.04,75.206,34.744,20.188,5.5496,0.89956,0.01,1,354.67,0.346,10,14,11,11,29,57,1107.2,1,0.277431549,50.2065,-96.0117,3,20,33,74.46,345.4,I ,11:16:15,1125,357.5,-15.9,336.3,-30.7,-,11.6,-35.521,,,,,,,,,,,,,,,,,,,,,,,
15-Feb-13,54.8,61.1,23.3,12.8,-13.3,-2.4,18.61424186,440,I33MG,8311.4,8.2,43.11645755,1.1823,0.10017,1.9387,0.20034,0.20566,0.11398,0.19436,0.11372,47.678,48.233,47.956,0.27771,0.022645,0.028772,0.023193,0.0061268,128.77,0.032959,3.7293,0.041504,0.91911,120,0.0149,0.029515,0.024414,0.014615,240.11,0.039063,1.9752,0.068359,1.0844,16.661,14.339,0.016344,0.0020652,0.001162,0.0010236,9.11E-05,1.01E-05,1.40E-05,7.86E-06,60.115,48.942,0.010702,0.01065,0.0010473,0.0009135,0.0002002,0.00025301,9.76E-05,0.00014355,92.329,16.918,53.623,35.608,44.615,9.3561,12.739,47.713,19.333,9.4267,5.3143,2.0694,0.32858,0.01,0.2,11.598,0.34,10,28,50,11,20,35,719.66,1,0.288570238,-19.01086,47.30502,3,20,33,73.83,194.3,I ,11:16:40,1380,15.6,6.8,308.4,-58.6,-,8.3,-5.358,,,,,,,,,,,,,,,,,,,,,,,
15-Feb-13,54.8,61.1,23.3,12.8,-13.3,-2.4,18.61424186,440,I56US,8553.7,1,30.91285666,0.95479,0.055985,1.5936,0.11197,0.031004,0.0182,0.094077,0.054751,30.715,28.189,29.452,1.2628,0.031405,0.032498,0.032349,0.0010931,31.817,0.0354,3.0573,0.036621,1.6908,250,0.029081,0.031789,0.029297,0.0027084,66.493,0.053711,0.45992,0.087891,0.21452,1.3024,1.7491,0.020846,0.017012,0.00016072,1.28E-05,1.15E-05,5.86E-06,9.76E-06,1.29E-05,1.2373,0.86791,0.023159,0.01572,0.00027522,0.00020565,5.63E-05,2.61E-05,9.21E-06,1.06E-05,76.724,5.5339,4.5937,15.562,10.078,1.4419,7.7559,66.646,5.7187,51.4,30.389,7.613,0.78514,0.015,3,352.49,0.373,10,37,38,11,35,8,1621.4,1,0.288245998,48.264,-117.1257,3,20,33,78.05,359.3,I ,11:34:55,926.6,356.5,-4.1,315,-51.9,-,29.6,4.11,,,,,,,,,,,,,,,,,,,,,,,
15-Feb-13,54.8,61.1,23.3,12.8,-13.3,-2.4,18.61424186,440,I57US,10182,1.4,27.30673657,1.1219,0.24739,1.5906,0.49477,0.049624,0.029454,0.12721,0.074683,31.474,25.432,28.453,3.0212,0.036455,0.036642,0.036621,0.00018684,85.141,0.037537,1.352,0.038757,2.721,300,0.031331,0.032799,0.031738,0.0014684,74.87,0.043945,4.9351,0.063477,1.4692,1.5281,2.0464,0.018937,0.015073,0.0019131,2.19E-05,0.00025011,0.00029362,0.00013398,8.13E-05,2.781,2.358,0.019436,0.012192,0.00098041,0.0012679,0.00021035,0.00043306,0.00010693,0.00012896,109.45,99.637,27.951,36.141,32.046,34.989,5.7916,77.408,105.6,32.053,21.479,3.4156,0.4118,0.01,1,1.975,0.374,12,12,50,13,10,0,2000,1,0.287895496,33.6058,-116.4532,3,20,33,92.69,358.5,I ,13:10:25,1286,354.9,-6.1,305.5,-61.4,-,2.2,-1.578,,,,,, ,,,,,,,,,,,,,,,,,
15-Feb-13,54.8,61.1,23.3,12.8,-13.3,-2.4,18.61424186,440,I59US,11029.6,339.4,81.92020972,0.25324,0.063706,0.39406,0.12741,0.072973,0.043817,0.074649,0.042518,81.627,87.776,84.702,3.0745,0.0064022,0.013323,0.012207,0.0069209,27.698,0.01709,4.1472,0.058594,0.021389,80,NaN,NaN,0.019531,NaN,10.127,0.058594,0.0078919,0.087891,0.0045211,3.8136,2.889,0.022213,0.016182,0.0016269,0.0018207,0.00033017,0.00043956,1.36E-04,1.37E-04,38.246,49.152,0.038066,0.041512,0.0021369,0.001784,0.00043563,0.00046609,0.00016503,0.00010639,5.0802,3.586,2.0052,2.0983,2.0517,1.556,0.065883,3.0285,3.909,5.4001,3.6827,2.4761,0.54825,0.01,0.1,316.36,0.209,13,3,18,13,42,44,376.59,1,0.29545418,19.592,-155.8931,3,20,33,99.82,35.8,I ,13:38:46,368.7,346.2,7.7,274.7,-92.2,-,,64.398,,,,,,,,,,,,,,,,,,,,,,,
15-Feb-13,54.8,61.1,23.3,12.8,-13.3,-2.4,18.61424186,440,I27DE,14982.9,49.4,44.2810964,1.0376,0.16281,1.8584,0.32561,0.24608,0.14075,0.10056,0.059073,43.737,46.564,45.151,1.4137,0.022527,0.022653,0.022583,0.00012589,328.47,0.03418,7.4213,0.059204,0.07299,120,0.020395,0.026098,0.024414,0.0057027,252.08,0.043945,1.0663,0.10254,0.012532,2.7441,3.3858,0.019975,0.019495,0.00017957,0.00022329,9.21E-05,2.34E-05,1.84E-05,2.38E-05,25.828,24.854,0.038635,0.039757,0.00070817,0.00060788,0.00022878,0.00028349,1.90E-05,2.08E-05,121.71,34.715,50.282,14.528,32.405,26.421,25.282,89.307,43.626,7.5522,4.5178,3.756,0.5654,0.01,0.1,60.629,0.303,16,59,9,17,50,43,830.39,1,0.28697376,-70.662,-8.321,3,20,33,134.03,205.8,I , 17:42:40 ,2448,51.7,1.2,347,-19.9,-,,-1.284,,,,,,,,,,,,,,,,,,,,,,,
30-Apr-13,35.5,-30.7,21.2,1,9,-8,12.08304597,10,I42PT,460.4,212,8.031483415,1.1002,0.11289,1.2716,0.22579,0.02624,0.015121,0.021414,0.012963,6.4397,7.1094,6.7745,0.33488,0.12018,0.12508,0.12451,0.0048983,6.6759,0.15625,0.13424,0.18433,0.050308,200,0.11293,0.11873,0.11719,0.0058015,19.033,0.18066,0.083236,0.21973,0.0077897,0.56542,0.38102,0.012487,0.0056155,0.00053706,0.00057182,0.00017799,0.00010544,0.00021134,0.00012533,1.002,1.0345,0.013305,0.01702,0.00086371,0.00070362,0.00011558,0.00011615,0.000233,0.00050913,5.2456,5.4799,0.59116,0.37204,0.4816,2.3896,0.15494,4.764,5.9783,48.461,29.222,10.892,2.9289,0.2,8,216.19,0.34,8,40,0,9,5,32,486.33,2,0.308165997,39.0423,-28.0055,8,40,38,,,,,,,,,,,,-7.611,,,,,,,,,,,,,,,,,,,,,,,
06-Feb-16,-30.4,-25.5,,,,,,13,I49,1424.7,297.6,7.314218841,0.073757,0.047709,0.10632,0.095417,0.018569,0.011152,0.021693,0.012371,5.3905,6.3452,5.8678,0.47731,0.12682,0.14309,0.13672,0.016269,0.84467,0.15625,0.18095,0.23438,0.026356,60,0.11906,0.15172,0.13672,0.032651,0.99484,0.16602,0.16494,0.26367,0.012897,0.15616,0.17567,0.0166,0.011542,0.0024543,0.0016581,0.001283,0.0012991,0.00075236,0.00076084,0.2532,0.27988,0.048723,0.057166,0.0020964,0.001073,0.00096219,0.00083165,0.00059004,0.00072769,0.060292,0.022818,0.044874,0.063872,0.054373,0.079975,0.013433,0.0059186,0.083166,5.7255,6.1829,1.1089,0.33292,0.25,1.5,295.71,0.362,14,18,28,15,23,34,120,1,0.268557964,-37.08995,-12.33192,13,55,9,,,,,,,,,,,,,,,,,,,,,,,,,,,,,,,,,,,
06-Feb-16,-30.4,-25.5,,,,,,13,I27,4601.1,337.3,6.942515968,1.0867,0.047018,1.4973,0.094035,0.025711,0.014842,0.047923,0.028422,6.8071,6.413,6.6101,0.19708,0.14403,0.14406,0.14404,3.75E-05,6.014,0.15625,0.065211,0.22705,0.025703,50,NaN,0.16728,0.15625,NaN,10.629,0.76172,0.0003241,1.3477,1.91E-05,0.007198,0.0063584,0.00022086,3.05E-04,0.00033314,0.00042784,5.91E-05,1.67E-05,2.53E-05,2.63E-05,0.087236,0.093699,0.024206,0.011645,0.0091207,0.023885,4.18E-04,6.27E-04,0.00034305,0.00077677,18.181,0.44654,0.26504,0.83417,0.54961,0.063465,0.40243,17.631,0.45102,58.239,33.818,33.08,1.2757,0.02,3.5,333.8,0.319,17,45,0,18,6,14,360,1,0.305416528,-70.662,-8.321,13,55,9,,,,,,,,,,,,,,,,,,,,,,,,,,,,,,,,,,,
06-Feb-16,-30.4,-25.5,,,,,,13,I11,5082.9,182.8,2.354048964,0.036689,0.0099836,0.055063,0.019967,0.0072291,0.0042458,0.0074895,0.004374,3.1357,1.71,2.4229,0.71287,0.42284,0.42784,0.4248,0.0050009,0.007573,0.43457,0.0024703,0.49316,0.0014224,60,0.2696,0.34214,0.30273,0.07254,0.01371,0.32227,0.0047013,0.44922,0.00095701,0.0009691,0.00049204,0.004153,0.0045713,0.00083739,0.0006046,0.00022362,0.00022297,0.00010842,0.00011373,0.0050941,0.0038844,0.012571,0.012922,0.0015416,0.0013164,0.00019932,0.00015947,3.28E-05,5.35E-05,0.012063,0.0079482,0.0085923,0.0081643,0.0083783,0.0022725,0.00030263,0.0036848,0.0082667,7.6168,5.2574,1.4398,0.28379,0.4,1.2,158.16,0.335,18,30,0,18,51,18,142.35,1,0.286054364,15.25729,-23.18388,13,55,9,,,,,,,,,,,,,,,,,,,,,,,,,,,,,,,,,,,
